203-resource_document_zuiderzeemuseum_B001601_1.jpeg,"[Non-Fruits]"
285-gam19649_1.jpeg,"[Fruits]"
07101-O_389_1.jpeg,"[Fruits]"
07101-O_927_1.jpeg,"[Fruits]"
07101-O_957_1.jpeg,"[Fruits]"
07101-O_2174_1.jpeg,"[Fruits]"
07101-O_2444_1.jpeg,"[Fruits]"
07101-O_2524_1.jpeg,"[Fruits]"
07101-O_2605_1.jpeg,"[Fruits]"
07101-O_2660_1.jpeg,"[Fruits]"
07101-O_3844_1.jpeg,"[Fruits]"
07101-O_3908_1.jpeg,"[Fruits]"
07101-O_4536_1.jpeg,"[Non-Fruits]"
07101-O_5266_1.jpeg,"[Fruits]"
07101-O_5463_1.jpeg,"[Fruits]"
07101-O_6357_1.jpeg,"[Fruits]"
07101-UP_DK_2797_1.jpeg,"[Non-Fruits]"
08806-~1.JPE,"[Non-Fruits]"
90402-RP_F_2005_107_227_1.jpeg,"[Non-Fruits]"
90402-RP_P_1892_A_17632_1.jpeg,"[Non-Fruits]"
90402-RP_P_1892_A_17633_1.jpeg,"[Fruits]"
90402-RP_P_2004_553_1.jpeg,"[Non-Fruits]"
90402-RP_P_2011_65_12_1.jpeg,"[Non-Fruits]"
90402-RP_P_H_OB_867_1.jpeg,"[Non-Fruits]"
90402-RP_P_OB_11_251_1.jpeg,"[Non-Fruits]"
90402-RP_T_1899_A_4261_1.jpeg,"[Non-Fruits]"
90402-RP_T_1900_A_4481_1.jpeg,"[Non-Fruits]"
90402-RP_T_1905_259_1.jpeg,"[Non-Fruits]"
90402-RP_T_1918_116_1.jpeg,"[Non-Fruits]"
90402-RP_T_1918_307_1.jpeg,"[Fruits]"
90402-RP_T_1937_21_1.jpeg,"[Non-Fruits]"
90402-RP_T_1991_43_1.jpeg,"[Fruits]"
90402-SK_A_25_1.jpeg,"[Non-Fruits]"
90402-SK_A_137_1.jpeg,"[Fruits]"
90402-SK_A_139_1.jpeg,"[Fruits]"
90402-SK_A_171_1.jpeg,"[Fruits]"
90402-SK_A_187_1.jpeg,"[Fruits]"
90402-SK_A_199_1.jpeg,"[Fruits]"
90402-SK_A_266_1.jpeg,"[Fruits]"
90402-SK_A_267_1.jpeg,"[Non-Fruits]"
90402-SK_A_269_1.jpeg,"[Fruits]"
90402-SK_A_335_1.jpeg,"[Fruits]"
90402-SK_A_337_1.jpeg,"[Fruits]"
90402-SK_A_378_1.jpeg,"[Fruits]"
90402-SK_A_379_1.jpeg,"[Fruits]"
90402-SK_A_390_1.jpeg,"[Non-Fruits]"
90402-SK_A_464_1.jpeg,"[Non-Fruits]"
90402-SK_A_706_1.jpeg,"[Fruits]"
90402-SK_A_752_1.jpeg,"[Non-Fruits]"
90402-SK_A_776_1.jpeg,"[Non-Fruits]"
90402-SK_A_777_1.jpeg,"[Non-Fruits]"
90402-SK_A_788_1.jpeg,"[Fruits]"
90402-SK_A_794_1.jpeg,"[Fruits]"
90402-SK_A_799_1.jpeg,"[Non-Fruits]"
90402-SK_A_844_1.jpeg,"[Non-Fruits]"
90402-SK_A_846_1.jpeg,"[Non-Fruits]"
90402-SK_A_1002_1.jpeg,"[Fruits]"
90402-SK_A_1012_1.jpeg,"[Fruits]"
90402-SK_A_1032_1.jpeg,"[Fruits]"
90402-SK_A_1077_1.jpeg,"[Fruits]"
90402-SK_A_1095_1.jpeg,"[Fruits]"
90402-SK_A_1104_1.jpeg,"[Non-Fruits]"
90402-SK_A_1107_1.jpeg,"[Fruits]"
90402-SK_A_1281_1.jpeg,"[Non-Fruits]"
90402-SK_A_1290_1.jpeg,"[Non-Fruits]"
90402-SK_A_1295_1.jpeg,"[Non-Fruits]"
90402-SK_A_1342_1.jpeg,"[Non-Fruits]"
90402-SK_A_1407_1.jpeg,"[Non-Fruits]"
90402-SK_A_1444_1.jpeg,"[Non-Fruits]"
90402-SK_A_1449_1.jpeg,"[Fruits]"
90402-SK_A_1454_1.jpeg,"[Non-Fruits]"
90402-SK_A_1455_1.jpeg,"[Non-Fruits]"
90402-SK_A_1456_1.jpeg,"[Non-Fruits]"
90402-SK_A_1466_1.jpeg,"[Non-Fruits]"
90402-SK_A_1481_1.jpeg,"[Non-Fruits]"
90402-SK_A_1487_1.jpeg,"[Non-Fruits]"
90402-SK_A_1528_1.jpeg,"[Fruits]"
90402-SK_A_1529_1.jpeg,"[Fruits]"
90402-SK_A_1536_1.jpeg,"[Fruits]"
90402-SK_A_1549_1.jpeg,"[Fruits]"
90402-SK_A_1634_1.jpeg,"[Non-Fruits]"
90402-SK_A_1669_1.jpeg,"[Non-Fruits]"
90402-SK_A_1686_1.jpeg,"[Non-Fruits]"
90402-SK_A_1698_1.jpeg,"[Fruits]"
90402-SK_A_1710_1.jpeg,"[Non-Fruits]"
90402-SK_A_1737_1.jpeg,"[Fruits]"
90402-SK_A_1741_1.jpeg,"[Non-Fruits]"
90402-SK_A_1751_1.jpeg,"[Fruits]"
90402-SK_A_1766_1.jpeg,"[Non-Fruits]"
90402-SK_A_1789_1.jpeg,"[Non-Fruits]"
90402-SK_A_1857_1.jpeg,"[Fruits]"
90402-SK_A_1859_1.jpeg,"[Fruits]"
90402-SK_A_1865_1.jpeg,"[Fruits]"
90402-SK_A_1951_1.jpeg,"[Non-Fruits]"
90402-SK_A_2058_1.jpeg,"[Fruits]"
90402-SK_A_2083_1.jpeg,"[Fruits]"
90402-SK_A_2087_1.jpeg,"[Non-Fruits]"
90402-SK_A_2097_1.jpeg,"[Non-Fruits]"
90402-SK_A_2099_1.jpeg,"[Non-Fruits]"
90402-SK_A_2111_1.jpeg,"[Non-Fruits]"
90402-SK_A_2152_1.jpeg,"[Fruits]"
90402-SK_A_2154_1.jpeg,"[Non-Fruits]"
90402-SK_A_2160_1.jpeg,"[Non-Fruits]"
90402-SK_A_2205_1.jpeg,"[Non-Fruits]"
90402-SK_A_2213_1.jpeg,"[Fruits]"
90402-SK_A_2222_1.jpeg,"[Non-Fruits]"
90402-SK_A_2329_1.jpeg,"[Fruits]"
90402-SK_A_2346_1.jpeg,"[Fruits]"
90402-SK_A_2358_1.jpeg,"[Non-Fruits]"
90402-SK_A_2362_1.jpeg,"[Fruits]"
90402-SK_A_2366_1.jpeg,"[Fruits]"
90402-SK_A_2387_1.jpeg,"[Fruits]"
90402-SK_A_2544_1.jpeg,"[Non-Fruits]"
90402-SK_A_2549_1.jpeg,"[Fruits]"
90402-SK_A_2550_1.jpeg,"[Fruits]"
90402-SK_A_2551_1.jpeg,"[Fruits]"
90402-SK_A_2564_1.jpeg,"[Fruits]"
90402-SK_A_2566_1.jpeg,"[Fruits]"
90402-SK_A_2655_1.jpeg,"[Fruits]"
90402-SK_A_2813_1.jpeg,"[Non-Fruits]"
90402-SK_A_2982_1.jpeg,"[Fruits]"
90402-SK_A_3070_1.jpeg,"[Non-Fruits]"
90402-SK_A_3361_1.jpeg,"[Fruits]"
90402-SK_A_3471_1.jpeg,"[Non-Fruits]"
90402-SK_A_3828_1.jpeg,"[Fruits]"
90402-SK_A_3884_1.jpeg,"[Non-Fruits]"
90402-SK_A_3944_1.jpeg,"[Fruits]"
90402-SK_A_3981_1.jpeg,"[Non-Fruits]"
90402-SK_A_3988_1.jpeg,"[Fruits]"
90402-SK_A_4090_1.jpeg,"[Non-Fruits]"
90402-SK_A_4111_1.jpeg,"[Fruits]"
90402-SK_A_4247_1.jpeg,"[Fruits]"
90402-SK_A_4254_2_1.jpeg,"[Fruits]"
90402-SK_A_4254_6_1.jpeg,"[Fruits]"
90402-SK_A_4254_7_1.jpeg,"[Fruits]"
90402-SK_A_4254_9_1.jpeg,"[Fruits]"
90402-SK_A_4646_1.jpeg,"[Fruits]"
90402-SK_A_4821_1.jpeg,"[Fruits]"
90402-SK_A_4830_1.jpeg,"[Fruits]"
90402-SK_A_4839_1.jpeg,"[Non-Fruits]"
90402-SK_A_4952_1.jpeg,"[Fruits]"
90402-SK_A_5008_1.jpeg,"[Non-Fruits]"
90402-SK_C_115_1.jpeg,"[Fruits]"
90402-SK_C_131_1.jpeg,"[Fruits]"
90402-SK_C_155_1.jpeg,"[Fruits]"
90402-SK_C_187_1.jpeg,"[Fruits]"
90402-SK_C_204_1.jpeg,"[Non-Fruits]"
90402-SK_C_301_1.jpeg,"[Fruits]"
90402-SK_C_561_1.jpeg,"[Fruits]"
90402-SK_C_610_1.jpeg,"[Fruits]"
90402-SK_C_1561_1.jpeg,"[Fruits]"
90402-SK_C_1694_1.jpeg,"[Fruits]"
90402-SK_C_1750_1.jpeg,"[Fruits]"
91608-SMVK_VKM_objekt_2640796_1.jpeg,"[Non-Fruits]"
916106-vbg_object_VM13059_1.jpeg,"[Fruits]"
916116-HeM_delfotografi_548800_1.jpeg,"[Non-Fruits]"
916116-HeM_delfotografi_799484_1.jpeg,"[Non-Fruits]"
916118-S_TEK_photo_TEKA0024008_1.jpeg,"[Fruits]"
916118-S_TEK_photo_TEKA0024051_1.jpeg,"[Fruits]"
916118-S_TEK_photo_TEKA0071690_1.jpeg,"[Fruits]"
916118-S_TEK_photo_TEKA0071716_1.jpeg,"[Non-Fruits]"
916118-S_TEK_photo_TEKA0142479_1.jpeg,"[Fruits]"
916118-S_TEK_photo_TEKA0142480_1.jpeg,"[Fruits]"
916118-S_TEK_photo_TEKA0143143_1.jpeg,"[Fruits]"
916118-S_TEK_photo_TEKA0143158_1.jpeg,"[Fruits]"
916124-S_XLM_object_XLM07638_1.jpeg,"[Fruits]"
916124-S_XLM_object_XLM15546_1.jpeg,"[Fruits]"
916124-S_XLM_object_XLM20426_1.jpeg,"[Fruits]"
916124-S_XLM_object_XLMR00648_1.jpeg,"[Fruits]"
2020903-KMS321_1.jpeg,"[Non-Fruits]"
2020903-KMS384_1.jpeg,"[Fruits]"
2020903-KMS612_1.jpeg,"[Fruits]"
2020903-KMS679_1.jpeg,"[Non-Fruits]"
2020903-KMS1117_1.jpeg,"[Fruits]"
2020903-KMS1518_1.jpeg,"[Fruits]"
2020903-KMS1519_1.jpeg,"[Fruits]"
2020903-KMS1531_1.jpeg,"[Fruits]"
2020903-KMS1884_1.jpeg,"[Non-Fruits]"
2020903-KMS3015_1.jpeg,"[Non-Fruits]"
2020903-KMS3017_1.jpeg,"[Fruits]"
2020903-KMS3489_1.jpeg,"[Fruits]"
2020903-KMS3762_1.jpeg,"[Fruits]"
2020903-KMS3972_1.jpeg,"[Fruits]"
2020903-KMS4235_1.jpeg,"[Fruits]"
2020903-KMS4612_1.jpeg,"[Fruits]"
2020903-KMS6322_1.jpeg,"[Fruits]"
2020903-KMS6597_1.jpeg,"[Fruits]"
2020903-KMS6833_1.jpeg,"[Fruits]"
2020903-KMS6879_1.jpeg,"[Non-Fruits]"
2020903-KMS7030_1.jpeg,"[Non-Fruits]"
2020903-KMSr162_1.jpeg,"[Non-Fruits]"
2020903-KMSr173_1.jpeg,"[Non-Fruits]"
2020903-KMSsp207_1.jpeg,"[Fruits]"
2020903-KMSsp209_1.jpeg,"[Fruits]"
2020903-KMSsp210_1.jpeg,"[Fruits]"
2020903-KMSsp250_1.jpeg,"[Fruits]"
2020903-KMSsp271_1.jpeg,"[Fruits]"
2020903-KMSsp297_1.jpeg,"[Fruits]"
2020903-KMSsp392_1.jpeg,"[Fruits]"
2020903-KMSsp393_1.jpeg,"[Fruits]"
2020903-KMSsp550_1.jpeg,"[Non-Fruits]"
2020903-KMSsp679_1.jpeg,"[Fruits]"
2020903-KMSsp767_1.jpeg,"[Fruits]"
2020903-KMSst115_1.jpeg,"[Fruits]"
2020903-KMSst128_1.jpeg,"[Non-Fruits]"
2020903-KMSst219_1.jpeg,"[Fruits]"
2020903-KMSst293_1.jpeg,"[Fruits]"
2020903-KMSst350_1.jpeg,"[Non-Fruits,Fruits]"
2021672-resource_document_mauritshuis_48_1.jpeg,"[Fruits]"
2021672-resource_document_mauritshuis_50_1.jpeg,"[Fruits]"
2021672-resource_document_mauritshuis_70_1.jpeg,"[Fruits]"
2021672-resource_document_mauritshuis_71_1.jpeg,"[Non-Fruits]"
2021672-resource_document_mauritshuis_150_1.jpeg,"[Fruits]"
2021672-resource_document_mauritshuis_207_1.jpeg,"[Non-Fruits]"
2021672-resource_document_mauritshuis_258_1.jpeg,"[Fruits]"
2021672-resource_document_mauritshuis_401_1.jpeg,"[Non-Fruits]"
2021672-resource_document_mauritshuis_533_1.jpeg,"[Non-Fruits]"
2021672-resource_document_mauritshuis_596_1.jpeg,"[Fruits]"
2021672-resource_document_mauritshuis_654_1.jpeg,"[Non-Fruits]"
2021672-resource_document_mauritshuis_656_1.jpeg,"[Non-Fruits]"
2021672-resource_document_mauritshuis_665_1.jpeg,"[Fruits]"
2021672-resource_document_mauritshuis_678_1.jpeg,"[Non-Fruits]"
2021672-resource_document_mauritshuis_694_1.jpeg,"[Non-Fruits]"
2021672-resource_document_mauritshuis_697_1.jpeg,"[Fruits]"
2021672-resource_document_mauritshuis_754_1.jpeg,"[Fruits]"
2021672-resource_document_mauritshuis_794_1.jpeg,"[Fruits]"
2021672-resource_document_mauritshuis_810_1.jpeg,"[Non-Fruits]"
2021672-resource_document_mauritshuis_814_1.jpeg,"[Fruits]"
2021672-resource_document_mauritshuis_943_1.jpeg,"[Non-Fruits]"
2021672-resource_document_mauritshuis_947_1.jpeg,"[Non-Fruits]"
2021672-resource_document_mauritshuis_972_1.jpeg,"[Non-Fruits]"
2021672-resource_document_mauritshuis_1045_1.jpeg,"[Non-Fruits]"
2021672-resource_document_mauritshuis_1056_1.jpeg,"[Fruits]"
2021672-resource_document_mauritshuis_1066_1.jpeg,"[Fruits]"
2021672-resource_document_mauritshuis_1106_1.jpeg,"[Fruits]"
2021672-resource_document_mauritshuis_1125_1.jpeg,"[Fruits]"
2021672-resource_document_mauritshuis_1126_1.jpeg,"[Fruits]"
2021672-resource_document_mauritshuis_1154_1.jpeg,"[Fruits]"
2021672-resource_document_mauritshuis_1203_1.jpeg,"[Fruits]"
2022608-LAR_HL_05086_1.jpeg,"[Non-Fruits]"
204800~1.JPE,"[Fruits]"
204804~1.JPE,"[Fruits]"
204804~2.JPE,"[Fruits]"
2048128-55783_1.jpeg,"[Fruits]"
2048128-58615_1.jpeg,"[Non-Fruits]"
2048128-58704_1.jpeg,"[Non-Fruits]"
2048128-58923_1.jpeg,"[Fruits]"
2048128-240086_1.jpeg,"[Non-Fruits]"
2048128-248191_1.jpeg,"[Non-Fruits]"
2048128-250576_1.jpeg,"[Fruits]"
2048128-250952_1.jpeg,"[Fruits]"
2048128-250999_1.jpeg,"[Fruits]"
2048128-252042_1.jpeg,"[Fruits]"
2048128-252114_1.jpeg,"[Non-Fruits]"
2048128-253059_1.jpeg,"[Fruits]"
2048128-254442_1.jpeg,"[Fruits]"
2048128-254587_1.jpeg,"[Fruits]"
2048128-255110_1.jpeg,"[Fruits]"
2048128-255215_1.jpeg,"[Fruits]"
2048128-255581_1.jpeg,"[Fruits]"
2048128-255719_1.jpeg,"[Fruits]"
2048128-255721_1.jpeg,"[Non-Fruits]"
2048128-255803_1.jpeg,"[Non-Fruits]"
2048128-255814_1.jpeg,"[Non-Fruits]"
2048128-255953_1.jpeg,"[Non-Fruits]"
2048128-255966_1.jpeg,"[Non-Fruits]"
2048128-255996_1.jpeg,"[Fruits]"
2048128-256033_1.jpeg,"[Non-Fruits]"
2048128-256323_1.jpeg,"[Non-Fruits]"
2048128-256330_1.jpeg,"[Non-Fruits]"
2048128-256831_1.jpeg,"[Fruits]"
2048128-257379_1.jpeg,"[Non-Fruits]"
2048128-257922_1.jpeg,"[Non-Fruits]"
2048128-258354_1.jpeg,"[Fruits]"
2048128-258683_1.jpeg,"[Fruits]"
2048128-260014_1.jpeg,"[Fruits]"
2048128-260588_1.jpeg,"[Fruits]"
2048128-260593_1.jpeg,"[Non-Fruits]"
2048128-260626_1.jpeg,"[Non-Fruits]"
2048128-260792_1.jpeg,"[Non-Fruits]"
2048128-260904_1.jpeg,"[Non-Fruits]"
2048128-260968_1.jpeg,"[Non-Fruits]"
2048128-261500_1.jpeg,"[Non-Fruits]"
2048128-261502_1.jpeg,"[Fruits]"
2048128-261591_1.jpeg,"[Non-Fruits]"
2048128-261753_1.jpeg,"[Fruits]"
2048128-261810_1.jpeg,"[Non-Fruits]"
2048128-261850_1.jpeg,"[Non-Fruits]"
2048128-262241_1.jpeg,"[Fruits]"
2048128-262297_1.jpeg,"[Fruits]"
2048128-262463_1.jpeg,"[Non-Fruits]"
2048128-263091_1.jpeg,"[Non-Fruits]"
2048128-263151_1.jpeg,"[Non-Fruits]"
2048128-263353_1.jpeg,"[Fruits]"
2048128-263882_1.jpeg,"[Non-Fruits]"
2048128-267205_1.jpeg,"[Non-Fruits]"
2048128-267219_1.jpeg,"[Fruits]"
2048128-267386_1.jpeg,"[Fruits]"
2048128-267400_1.jpeg,"[Fruits]"
2048128-267800_1.jpeg,"[Non-Fruits]"
2048128-267855_1.jpeg,"[Fruits]"
2048128-267930_1.jpeg,"[Fruits]"
2048128-268321_1.jpeg,"[Fruits]"
2048128-268433_1.jpeg,"[Non-Fruits]"
2048128-268958_1.jpeg,"[Fruits]"
2048128-625919_1.jpeg,"[Fruits]"
2048128-627360_1.jpeg,"[Fruits]"
2048128-627362_1.jpeg,"[Fruits]"
2048429-item_726YHQ6GB6IC4HT6ZH6LJ6KEWNEKQVKF_1.jpeg,"[Fruits]"
202BB2~1.JPE,"[Non-Fruits]"
20E1E0~1.JPE,"[Non-Fruits]"
205840~3.JPE,"[Non-Fruits]"
208EBD~1.JPE,"[Non-Fruits]"
205840~2.JPE,"[Non-Fruits]"
205840~4.JPE,"[Non-Fruits]"
205840~1.JPE,"[Non-Fruits]"
204F5D~1.JPE,"[Non-Fruits]"
20099E~1.JPE,"[Non-Fruits]"
205950~1.JPE,"[Fruits]"
2063618-FI_280_009_1.jpeg,"[Non-Fruits]"
2064105-Museu_ProvidedCHO_Skoklosters_slott_23008_1.jpeg,"[Fruits]"
2064105-Museu_ProvidedCHO_Skoklosters_slott_31110_1.jpeg,"[Fruits]"
2064105-Museu_ProvidedCHO_Skoklosters_slott_31214_1.jpeg,"[Fruits]"
206411~2.JPE,"[Fruits]"
206411~3.JPE,"[Fruits]"
206411~4.JPE,"[Fruits]"
207039~1.JPE,"[Non-Fruits]"
20F9F3~1.JPE,"[Fruits]"
2081E2~1.JPE,"[Non-Fruits]"
20A259~1.JPE,"[Fruits]"
20E671~1.JPE,"[Fruits]"
20F3BE~1.JPE,"[Non-Fruits]"
2006B8~1.JPE,"[Non-Fruits]"
208F73~1.JPE,"[Non-Fruits]"
20C638~1.JPE,"[Fruits]"
209885~1.JPE,"[Fruits]"
203997~1.JPE,"[Fruits]"
20161E~1.JPE,"[Non-Fruits]"
20BEE2~1.JPE,"[Non-Fruits]"
203197~1.JPE,"[Non-Fruits]"
205617~1.JPE,"[Non-Fruits]"
205FD4~1.JPE,"[Non-Fruits]"
20657D~1.JPE,"[Non-Fruits]"
20C02D~1.JPE,"[Fruits]"
202574~1.JPE,"[Non-Fruits]"
205EBD~1.JPE,"[Non-Fruits]"
20573E~1.JPE,"[Non-Fruits]"
2031E4~1.JPE,"[Fruits]"
203708~1.JPE,"[Non-Fruits]"
20E3F5~1.JPE,"[Fruits]"
209F2C~1.JPE,"[Fruits]"
20DA1F~1.JPE,"[Non-Fruits]"
203C13~1.JPE,"[Non-Fruits]"
208D50~1.JPE,"[Non-Fruits]"
20B7FE~1.JPE,"[Non-Fruits]"
204651~1.JPE,"[Fruits]"
204B45~1.JPE,"[Non-Fruits]"
2010FD~1.JPE,"[Fruits]"
20C3F3~1.JPE,"[Non-Fruits]"
207978~1.JPE,"[Fruits]"
2082A6~1.JPE,"[Fruits]"
20DD01~1.JPE,"[Fruits]"
20271D~1.JPE,"[Fruits]"
201F70~1.JPE,"[Non-Fruits]"
2049E0~1.JPE,"[Fruits]"
20EA3F~1.JPE,"[Fruits]"
203B60~1.JPE,"[Fruits]"
202D53~1.JPE,"[Fruits]"
20B1ED~1.JPE,"[Fruits]"
20F31E~1.JPE,"[Fruits]"
205281~1.JPE,"[Fruits]"
20E2DD~1.JPE,"[Non-Fruits]"
206903~1.JPE,"[Non-Fruits]"
20A376~1.JPE,"[Fruits]"
2096A6~1.JPE,"[Fruits]"
20FFBE~1.JPE,"[Non-Fruits]"
20E6FA~1.JPE,"[Non-Fruits]"
208B78~1.JPE,"[Fruits]"
20E65D~1.JPE,"[Non-Fruits]"
2087A6~1.JPE,"[Fruits]"
204606~1.JPE,"[Fruits]"
209463~1.JPE,"[Fruits]"
206411~1.JPE,"[Non-Fruits]"
9200579-ercwr7zx_1.jpeg,"[Non-Fruits]"
9200579-h4v5s36r_1.jpeg,"[Fruits]"
9200579-jryrhyz6_1.jpeg,"[Fruits]"
9200579-k2fwt4hz_1.jpeg,"[Fruits]"
9200579-t6u3dknr_1.jpeg,"[Fruits]"
9200579-ugzs99yq_1.jpeg,"[Fruits]"
9200579-uk8dyvqk_1.jpeg,"[Fruits]"
9200579-yxfdnuff_1.jpeg,"[Fruits]"