203-resource_document_zuiderzeemuseum_B001601_1.jpeg,"[Appealing]"
285-gam19649_1.jpeg,"[Non-appealing]"
07101-O_389_1.jpeg,"[Appealing]"
07101-O_927_1.jpeg,"[Non-appealing]"
07101-O_957_1.jpeg,"[Non-appealing]"
07101-O_2174_1.jpeg,"[Appealing]"
07101-O_2444_1.jpeg,"[Non-appealing]"
07101-O_2524_1.jpeg,"[Appealing]"
07101-O_2605_1.jpeg,"[Appealing]"
07101-O_2660_1.jpeg,"[Non-appealing]"
07101-O_3844_1.jpeg,"[Non-appealing]"
07101-O_3908_1.jpeg,"[Non-appealing]"
07101-O_4536_1.jpeg,"[Non-appealing]"
07101-O_5266_1.jpeg,"[Appealing]"
07101-O_5463_1.jpeg,"[Appealing]"
07101-O_6357_1.jpeg,"[Non-appealing]"
07101-UP_DK_2797_1.jpeg,"[Non-appealing]"
08806-~1.JPE,"[Appealing]"
90402-RP_F_2005_107_227_1.jpeg,"[Non-appealing]"
90402-RP_P_1892_A_17632_1.jpeg,"[Non-appealing]"
90402-RP_P_1892_A_17633_1.jpeg,"[Non-appealing]"
90402-RP_P_2004_553_1.jpeg,"[Non-appealing]"
90402-RP_P_2011_65_12_1.jpeg,"[Non-appealing]"
90402-RP_P_H_OB_867_1.jpeg,"[Non-appealing]"
90402-RP_P_OB_11_251_1.jpeg,"[Non-appealing]"
90402-RP_T_1899_A_4261_1.jpeg,"[Appealing]"
90402-RP_T_1900_A_4481_1.jpeg,"[Non-appealing]"
90402-RP_T_1905_259_1.jpeg,"[Appealing]"
90402-RP_T_1918_116_1.jpeg,"[Appealing]"
90402-RP_T_1918_307_1.jpeg,"[Appealing]"
90402-RP_T_1937_21_1.jpeg,"[Non-appealing]"
90402-RP_T_1991_43_1.jpeg,"[Non-appealing]"
90402-SK_A_25_1.jpeg,"[Non-appealing]"
90402-SK_A_137_1.jpeg,"[Non-appealing]"
90402-SK_A_139_1.jpeg,"[Non-appealing]"
90402-SK_A_171_1.jpeg,"[Non-appealing]"
90402-SK_A_187_1.jpeg,"[Appealing]"
90402-SK_A_199_1.jpeg,"[Non-appealing]"
90402-SK_A_266_1.jpeg,"[Non-appealing]"
90402-SK_A_267_1.jpeg,"[Non-appealing]"
90402-SK_A_269_1.jpeg,"[Non-appealing]"
90402-SK_A_335_1.jpeg,"[Non-appealing]"
90402-SK_A_337_1.jpeg,"[Non-appealing]"
90402-SK_A_378_1.jpeg,"[Non-appealing]"
90402-SK_A_379_1.jpeg,"[Non-appealing]"
90402-SK_A_390_1.jpeg,"[Appealing]"
90402-SK_A_464_1.jpeg,"[Non-appealing]"
90402-SK_A_706_1.jpeg,"[Appealing]"
90402-SK_A_752_1.jpeg,"[Non-appealing]"
90402-SK_A_776_1.jpeg,"[Non-appealing]"
90402-SK_A_777_1.jpeg,"[Non-appealing]"
90402-SK_A_788_1.jpeg,"[Non-appealing]"
90402-SK_A_794_1.jpeg,"[Non-appealing]"
90402-SK_A_799_1.jpeg,"[Non-appealing]"
90402-SK_A_844_1.jpeg,"[Non-appealing]"
90402-SK_A_846_1.jpeg,"[Non-appealing]"
90402-SK_A_1002_1.jpeg,"[Appealing]"
90402-SK_A_1012_1.jpeg,"[Appealing]"
90402-SK_A_1032_1.jpeg,"[Appealing]"
90402-SK_A_1077_1.jpeg,"[Appealing]"
90402-SK_A_1095_1.jpeg,"[Non-appealing]"
90402-SK_A_1104_1.jpeg,"[Non-appealing]"
90402-SK_A_1107_1.jpeg,"[Appealing]"
90402-SK_A_1281_1.jpeg,"[Non-appealing]"
90402-SK_A_1290_1.jpeg,"[Non-appealing]"
90402-SK_A_1295_1.jpeg,"[Non-appealing]"
90402-SK_A_1342_1.jpeg,"[Non-appealing]"
90402-SK_A_1407_1.jpeg,"[Non-appealing]"
90402-SK_A_1444_1.jpeg,"[Non-appealing]"
90402-SK_A_1449_1.jpeg,"[Appealing]"
90402-SK_A_1454_1.jpeg,"[Non-appealing]"
90402-SK_A_1455_1.jpeg,"[Non-appealing]"
90402-SK_A_1456_1.jpeg,"[Non-appealing]"
90402-SK_A_1466_1.jpeg,"[Non-appealing]"
90402-SK_A_1481_1.jpeg,"[Non-appealing]"
90402-SK_A_1487_1.jpeg,"[Non-appealing]"
90402-SK_A_1528_1.jpeg,"[Non-appealing]"
90402-SK_A_1529_1.jpeg,"[Non-appealing]"
90402-SK_A_1536_1.jpeg,"[Appealing]"
90402-SK_A_1549_1.jpeg,"[Non-appealing]"
90402-SK_A_1634_1.jpeg,"[Non-appealing]"
90402-SK_A_1669_1.jpeg,"[Non-appealing]"
90402-SK_A_1686_1.jpeg,"[Non-appealing]"
90402-SK_A_1698_1.jpeg,"[Appealing]"
90402-SK_A_1710_1.jpeg,"[Non-appealing]"
90402-SK_A_1737_1.jpeg,"[Appealing]"
90402-SK_A_1741_1.jpeg,"[Non-appealing]"
90402-SK_A_1751_1.jpeg,"[Non-appealing]"
90402-SK_A_1766_1.jpeg,"[Non-appealing]"
90402-SK_A_1789_1.jpeg,"[Non-appealing]"
90402-SK_A_1857_1.jpeg,"[Non-appealing]"
90402-SK_A_1859_1.jpeg,"[Appealing]"
90402-SK_A_1865_1.jpeg,"[Appealing]"
90402-SK_A_1951_1.jpeg,"[Non-appealing]"
90402-SK_A_2058_1.jpeg,"[Appealing]"
90402-SK_A_2083_1.jpeg,"[Non-appealing]"
90402-SK_A_2087_1.jpeg,"[Non-appealing]"
90402-SK_A_2097_1.jpeg,"[Non-appealing]"
90402-SK_A_2099_1.jpeg,"[Appealing]"
90402-SK_A_2111_1.jpeg,"[Non-appealing]"
90402-SK_A_2152_1.jpeg,"[Non-appealing]"
90402-SK_A_2154_1.jpeg,"[Non-appealing]"
90402-SK_A_2160_1.jpeg,"[Non-appealing]"
90402-SK_A_2205_1.jpeg,"[Non-appealing]"
90402-SK_A_2213_1.jpeg,"[Non-appealing]"
90402-SK_A_2222_1.jpeg,"[Non-appealing]"
90402-SK_A_2329_1.jpeg,"[Non-appealing]"
90402-SK_A_2346_1.jpeg,"[Appealing]"
90402-SK_A_2358_1.jpeg,"[Non-appealing]"
90402-SK_A_2362_1.jpeg,"[Non-appealing]"
90402-SK_A_2366_1.jpeg,"[Non-appealing]"
90402-SK_A_2387_1.jpeg,"[Appealing]"
90402-SK_A_2544_1.jpeg,"[Non-appealing]"
90402-SK_A_2549_1.jpeg,"[Appealing]"
90402-SK_A_2550_1.jpeg,"[Non-appealing]"
90402-SK_A_2551_1.jpeg,"[Appealing]"
90402-SK_A_2564_1.jpeg,"[Non-appealing]"
90402-SK_A_2566_1.jpeg,"[Non-appealing]"
90402-SK_A_2655_1.jpeg,"[Non-appealing]"
90402-SK_A_2813_1.jpeg,"[Appealing]"
90402-SK_A_2982_1.jpeg,"[Appealing]"
90402-SK_A_3070_1.jpeg,"[Appealing]"
90402-SK_A_3361_1.jpeg,"[Non-appealing]"
90402-SK_A_3471_1.jpeg,"[Non-appealing]"
90402-SK_A_3828_1.jpeg,"[Non-appealing]"
90402-SK_A_3884_1.jpeg,"[Non-appealing]"
90402-SK_A_3944_1.jpeg,"[Non-appealing]"
90402-SK_A_3981_1.jpeg,"[Non-appealing]"
90402-SK_A_3988_1.jpeg,"[Non-appealing]"
90402-SK_A_4090_1.jpeg,"[Non-appealing]"
90402-SK_A_4111_1.jpeg,"[Appealing]"
90402-SK_A_4247_1.jpeg,"[Appealing]"
90402-SK_A_4254_2_1.jpeg,"[Non-appealing]"
90402-SK_A_4254_6_1.jpeg,"[Appealing]"
90402-SK_A_4254_7_1.jpeg,"[Appealing]"
90402-SK_A_4254_9_1.jpeg,"[Appealing]"
90402-SK_A_4646_1.jpeg,"[Appealing]"
90402-SK_A_4821_1.jpeg,"[Appealing]"
90402-SK_A_4830_1.jpeg,"[Non-appealing]"
90402-SK_A_4839_1.jpeg,"[Non-appealing]"
90402-SK_A_4952_1.jpeg,"[Non-appealing]"
90402-SK_A_5008_1.jpeg,"[Non-appealing]"
90402-SK_C_115_1.jpeg,"[Non-appealing]"
90402-SK_C_131_1.jpeg,"[Appealing]"
90402-SK_C_155_1.jpeg,"[Appealing]"
90402-SK_C_187_1.jpeg,"[Non-appealing]"
90402-SK_C_204_1.jpeg,"[Non-appealing]"
90402-SK_C_301_1.jpeg,"[Non-appealing]"
90402-SK_C_561_1.jpeg,"[Appealing]"
90402-SK_C_610_1.jpeg,"[Non-appealing]"
90402-SK_C_1561_1.jpeg,"[Non-appealing]"
90402-SK_C_1694_1.jpeg,"[Non-appealing]"
90402-SK_C_1750_1.jpeg,"[Appealing]"
91608-SMVK_VKM_objekt_2640796_1.jpeg,"[Non-appealing]"
916106-vbg_object_VM13059_1.jpeg,"[Appealing]"
916116-HeM_delfotografi_548800_1.jpeg,"[Non-appealing]"
916116-HeM_delfotografi_799484_1.jpeg,"[Non-appealing]"
916118-S_TEK_photo_TEKA0024008_1.jpeg,"[Appealing]"
916118-S_TEK_photo_TEKA0024051_1.jpeg,"[Appealing]"
916118-S_TEK_photo_TEKA0071690_1.jpeg,"[Appealing]"
916118-S_TEK_photo_TEKA0071716_1.jpeg,"[Non-appealing]"
916118-S_TEK_photo_TEKA0142479_1.jpeg,"[Non-appealing]"
916118-S_TEK_photo_TEKA0142480_1.jpeg,"[Non-appealing]"
916118-S_TEK_photo_TEKA0143143_1.jpeg,"[Appealing]"
916118-S_TEK_photo_TEKA0143158_1.jpeg,"[Appealing]"
916124-S_XLM_object_XLM07638_1.jpeg,"[Appealing]"
916124-S_XLM_object_XLM15546_1.jpeg,"[Appealing]"
916124-S_XLM_object_XLM20426_1.jpeg,"[Appealing]"
916124-S_XLM_object_XLMR00648_1.jpeg,"[Appealing]"
2020903-KMS321_1.jpeg,"[Non-appealing]"
2020903-KMS384_1.jpeg,"[Non-appealing]"
2020903-KMS612_1.jpeg,"[Appealing]"
2020903-KMS679_1.jpeg,"[Non-appealing]"
2020903-KMS1117_1.jpeg,"[Non-appealing]"
2020903-KMS1518_1.jpeg,"[Non-appealing]"
2020903-KMS1519_1.jpeg,"[Appealing]"
2020903-KMS1531_1.jpeg,"[Non-appealing]"
2020903-KMS1884_1.jpeg,"[Non-appealing]"
2020903-KMS3015_1.jpeg,"[Non-appealing]"
2020903-KMS3017_1.jpeg,"[Appealing]"
2020903-KMS3489_1.jpeg,"[Appealing]"
2020903-KMS3762_1.jpeg,"[Appealing]"
2020903-KMS3972_1.jpeg,"[Appealing]"
2020903-KMS4235_1.jpeg,"[Non-appealing]"
2020903-KMS4612_1.jpeg,"[Appealing]"
2020903-KMS6322_1.jpeg,"[Appealing]"
2020903-KMS6597_1.jpeg,"[Appealing]"
2020903-KMS6833_1.jpeg,"[Appealing]"
2020903-KMS6879_1.jpeg,"[Appealing]"
2020903-KMS7030_1.jpeg,"[Appealing]"
2020903-KMSr162_1.jpeg,"[Appealing]"
2020903-KMSr173_1.jpeg,"[Appealing]"
2020903-KMSsp207_1.jpeg,"[Non-appealing]"
2020903-KMSsp209_1.jpeg,"[Appealing]"
2020903-KMSsp210_1.jpeg,"[Appealing]"
2020903-KMSsp250_1.jpeg,"[Appealing]"
2020903-KMSsp271_1.jpeg,"[Non-appealing]"
2020903-KMSsp297_1.jpeg,"[Non-appealing]"
2020903-KMSsp392_1.jpeg,"[Non-appealing]"
2020903-KMSsp393_1.jpeg,"[Appealing]"
2020903-KMSsp550_1.jpeg,"[Non-appealing]"
2020903-KMSsp679_1.jpeg,"[Non-appealing]"
2020903-KMSsp767_1.jpeg,"[Non-appealing]"
2020903-KMSst115_1.jpeg,"[Non-appealing]"
2020903-KMSst128_1.jpeg,"[Non-appealing]"
2020903-KMSst219_1.jpeg,"[Non-appealing]"
2020903-KMSst293_1.jpeg,"[Non-appealing]"
2020903-KMSst350_1.jpeg,"[Non-appealing]"
2021672-resource_document_mauritshuis_48_1.jpeg,"[Appealing]"
2021672-resource_document_mauritshuis_50_1.jpeg,"[Appealing]"
2021672-resource_document_mauritshuis_70_1.jpeg,"[Appealing]"