508.jpg,[Non-appealing]
512.jpg,[Non-appealing]
513.jpg,[Appealing]
515.jpg,[Non-appealing]
517.jpg,[Non-appealing]
518.jpg,[Appealing]
520.jpg,[Non-appealing]
522.jpg,[Non-appealing]
523.jpg,[Non-appealing]
525.jpg,[Non-appealing]
526.jpg,[Non-appealing]
527.jpg,[Non-appealing]
529.jpg,[Appealing]
533.jpg,[Appealing]
534.jpg,[Appealing]
536.jpg,[Appealing]
537.jpg,[Non-appealing]
539.jpg,[Non-appealing]
540.jpg,[Non-appealing]
543.jpg,[Non-appealing]
544.jpg,[Non-appealing]
546.jpg,[Non-appealing]
548.jpg,[Non-appealing]
549.jpg,[Non-appealing]
550.jpg,[Non-appealing]
555.jpg,[Non-appealing]
557.jpg,[Appealing]
561.jpg,[Non-appealing]
562.jpg,[Appealing]
566.jpg,[Non-appealing]
567.jpg,[Non-appealing]
568.jpg,[Non-appealing]
578.jpg,[Appealing]
580.jpg,[Non-appealing]
582.jpg,[Appealing]
583.jpg,[Non-appealing]
586.jpg,[Appealing]
587.jpg,[Non-appealing]
588.jpg,[Non-appealing]
589.jpg,[Non-appealing]
590.jpg,[Non-appealing]
592.jpg,[Non-appealing]
599.jpg,[Non-appealing]
600.jpg,[Non-appealing]
602.jpg,[Non-appealing]
605.jpg,[Non-appealing]
606.jpg,[Non-appealing]
607.jpg,[Appealing]
609.jpg,[Non-appealing]
610.jpg,[Appealing]
613.jpg,[Non-appealing]
617.jpg,[Non-appealing]
618.jpg,[Appealing]
619.jpg,[Appealing]
623.jpg,[Non-appealing]
625.jpg,[Non-appealing]
626.jpg,[Non-appealing]
628.jpg,[Non-appealing]
629.jpg,[Non-appealing]
631.jpg,[Non-appealing]
634.jpg,[Non-appealing]
636.jpg,[Non-appealing]
637.jpg,[Non-appealing]
641.jpg,[Non-appealing]
642.jpg,[Appealing]
643.jpg,[Non-appealing]
644.jpg,[Non-appealing]
645.jpg,[Non-appealing]
648.jpg,[Non-appealing]
649.jpg,[Non-appealing]
654.jpg,[Non-appealing]
655.jpg,[Non-appealing]
656.jpg,[Non-appealing]
658.jpg,[Non-appealing]
659.jpg,[Appealing]
661.jpg,[Non-appealing]
663.jpg,[Non-appealing]
664.jpg,[Non-appealing]
666.jpg,[Non-appealing]
668.jpg,[Non-appealing]
669.jpg,[Non-appealing]
670.jpg,[Non-appealing]
671.jpg,[Non-appealing]
672.jpg,[Appealing]
676.jpg,[Non-appealing]
679.jpg,[Appealing]
680.jpg,[Non-appealing]
681.jpg,[Non-appealing]
682.jpg,[Appealing]
685.jpg,[Non-appealing]
686.jpg,[Non-appealing]
689.jpg,[Non-appealing]
691.jpg,[Non-appealing]
692.jpg,[Non-appealing]
695.jpg,[Appealing]
699.jpg,[Non-appealing]
700.jpg,[Non-appealing]
702.jpg,[Non-appealing]
704.jpg,[Non-appealing]
705.jpg,[Non-appealing]
707.jpg,[Non-appealing]
708.jpg,[Non-appealing]
710.jpg,[Appealing]
711.jpg,[Non-appealing]
713.jpg,[Appealing]
715.jpg,[Non-appealing]
720.jpg,[Appealing]
722.jpg,[Non-appealing]
724.jpg,[Non-appealing]
725.jpg,[Non-appealing]
726.jpg,[Non-appealing]
728.jpg,[Non-appealing]
730.jpg,[Non-appealing]
731.jpg,[Non-appealing]
736.jpg,[Non-appealing]
737.jpg,[Non-appealing]
739.jpg,[Non-appealing]
740.jpg,[Non-appealing]
742.jpg,[Non-appealing]
744.jpg,[Non-appealing]
745.jpg,[Non-appealing]
748.jpg,[Non-appealing]
749.jpg,[Non-appealing]
751.jpg,[Appealing]
752.jpg,[Appealing]
755.jpg,[Appealing]
756.jpg,[Non-appealing]
757.jpg,[Non-appealing]
761.jpg,[Non-appealing]
764.jpg,[Non-appealing]
766.jpg,[Non-appealing]
767.jpg,[Non-appealing]
769.jpg,[Non-appealing]
770.jpg,[Appealing]
771.jpg,[Non-appealing]
774.jpg,[Non-appealing]
775.jpg,[Non-appealing]
776.jpg,[Non-appealing]
777.jpg,[Non-appealing]
778.jpg,[Non-appealing]
779.jpg,[Non-appealing]
781.jpg,[Non-appealing]
782.jpg,[Non-appealing]
783.jpg,[Non-appealing]
784.jpg,[Non-appealing]
787.jpg,[Non-appealing]
790.jpg,[Appealing]
792.jpg,[Non-appealing]
793.jpg,[Appealing]
796.jpg,[Non-appealing]
798.jpg,[Non-appealing]
800.jpg,[Non-appealing]
801.jpg,[Non-appealing]
802.jpg,[Non-appealing]
803.jpg,[Non-appealing]
805.jpg,[Non-appealing]
806.jpg,[Non-appealing]
808.jpg,[Appealing]
810.jpg,[Non-appealing]
811.jpg,[Non-appealing]
813.jpg,[Non-appealing]
814.jpg,[Non-appealing]
815.jpg,[Appealing]
816.jpg,[Non-appealing]
820.jpg,[Non-appealing]
822.jpg,[Non-appealing]
824.jpg,[Non-appealing]
826.jpg,[Non-appealing]
829.jpg,[Non-appealing]
830.jpg,[Non-appealing]
833.jpg,[Non-appealing]
834.jpg,[Non-appealing]
835.jpg,[Non-appealing]
837.jpg,[Non-appealing]
838.jpg,[Non-appealing]
840.jpg,[Non-appealing]
842.jpg,[Appealing]
843.jpg,[Non-appealing]
850.jpg,[Non-appealing]
852.jpg,[Non-appealing]
853.jpg,[Non-appealing]
854.jpg,[Non-appealing]
855.jpg,[Non-appealing]
857.jpg,[Non-appealing]
858.jpg,[Non-appealing]
859.jpg,[Non-appealing]
860.jpg,[Non-appealing]
865.jpg,[Non-appealing]
866.jpg,[Appealing]
868.jpg,[Non-appealing]
870.jpg,[Non-appealing]
873.jpg,[Appealing]
874.jpg,[Non-appealing]
878.jpg,[Appealing]
880.jpg,[Non-appealing]
883.jpg,[Non-appealing]
884.jpg,[Non-appealing]
885.jpg,[Non-appealing]
886.jpg,[Non-appealing]
887.jpg,[Appealing]
888.jpg,[Non-appealing]
889.jpg,[Non-appealing]
890.jpg,[Non-appealing]
892.jpg,[Non-appealing]
893.jpg,[Non-appealing]
897.jpg,[Non-appealing]
898.jpg,[Non-appealing]
899.jpg,[Appealing]
902.jpg,[Non-appealing]
905.jpg,[Non-appealing]
910.jpg,[Appealing]
911.jpg,[Non-appealing]
912.jpg,[Non-appealing]
913.jpg,[Appealing]
916.jpg,[Non-appealing]
918.jpg,[Non-appealing]
921.jpg,[Non-appealing]
924.jpg,[Non-appealing]
925.jpg,[Non-appealing]
928.jpg,[Non-appealing]
932.jpg,[Non-appealing]
933.jpg,[Non-appealing]
934.jpg,[Non-appealing]
935.jpg,[Non-appealing]
936.jpg,[Appealing]
941.jpg,[Non-appealing]
944.jpg,[Non-appealing]
945.jpg,[Non-appealing]
946.jpg,[Non-appealing]
947.jpg,[Non-appealing]
949.jpg,[Non-appealing]
951.jpg,[Non-appealing]
954.jpg,[Non-appealing]
956.jpg,[Appealing]
957.jpg,[Non-appealing]
960.jpg,[Non-appealing]
962.jpg,[Non-appealing]
964.jpg,[Non-appealing]
966.jpg,[Appealing]
967.jpg,[Non-appealing]
970.jpg,[Appealing]
972.jpg,[Non-appealing]
977.jpg,[Non-appealing]
978.jpg,[Non-appealing]
981.jpg,[Non-appealing]
982.jpg,[Non-appealing]
983.jpg,[Non-appealing]
985.jpg,[Non-appealing]
986.jpg,[Non-appealing]
989.jpg,[Non-appealing]
992.jpg,[Non-appealing]
994.jpg,[Appealing]
996.jpg,[Non-appealing]
997.jpg,[Non-appealing]
999.jpg,[Non-appealing]
1000.jpg,[Non-appealing]
1002.jpg,[Non-appealing]
1003.jpg,[Non-appealing]
1004.jpg,[Non-appealing]
1006.jpg,[Non-appealing]
1008.jpg,[Non-appealing]
1010.jpg,[Non-appealing]
502.jpg,[Non-appealing]
507.jpg,[Non-appealing]
581.jpg,[Non-appealing]
612.jpg,[Non-appealing]
633.jpg,[Appealing]
660.jpg,[Non-appealing]
712.jpg,[Non-appealing]
727.jpg,[Non-appealing]
772.jpg,[Non-appealing]
841.jpg,[Non-appealing]
875.jpg,[Non-appealing]
882.jpg,[Appealing]
547.jpg,[Appealing]
703.jpg,[Non-appealing]
780.jpg,[Appealing]
832.jpg,[Appealing]
847.jpg,[Non-appealing]
908.jpg,[Non-appealing]
931.jpg,[Non-appealing]
943.jpg,[Non-appealing]
984.jpg,[Non-appealing]
990.jpg,[Non-appealing]
505.jpg,[Non-appealing]
506.jpg,[Non-appealing]
509.jpg,[Non-appealing]
519.jpg,[Non-appealing]
532.jpg,[Non-appealing]
553.jpg,[Non-appealing]
556.jpg,[Non-appealing]
558.jpg,[Non-appealing]
577.jpg,[Non-appealing]
579.jpg,[Non-appealing]
598.jpg,[Non-appealing]
603.jpg,[Non-appealing]
615.jpg,[Non-appealing]
621.jpg,[Non-appealing]
624.jpg,[Non-appealing]
630.jpg,[Non-appealing]
632.jpg,[Non-appealing]
639.jpg,[Non-appealing]
673.jpg,[Appealing]
675.jpg,[Non-appealing]
687.jpg,[Non-appealing]
696.jpg,[Non-appealing]
709.jpg,[Non-appealing]
714.jpg,[Non-appealing]
723.jpg,[Appealing]
743.jpg,[Non-appealing]
753.jpg,[Non-appealing]
763.jpg,[Non-appealing]
823.jpg,[Non-appealing]
828.jpg,[Non-appealing]
844.jpg,[Non-appealing]
864.jpg,[Non-appealing]
914.jpg,[Non-appealing]
917.jpg,[Non-appealing]
926.jpg,[Appealing]
958.jpg,[Non-appealing]
961.jpg,[Non-appealing]
971.jpg,[Non-appealing]
973.jpg,[Non-appealing]
974.jpg,[Non-appealing]
993.jpg,[Non-appealing]
511.jpg,[Appealing]
521.jpg,[Appealing]
524.jpg,[Appealing]
530.jpg,[Non-appealing]
538.jpg,[Non-appealing]
542.jpg,[Non-appealing]
551.jpg,[Non-appealing]
559.jpg,[Appealing]
570.jpg,[Non-appealing]
571.jpg,[Appealing]
572.jpg,[Appealing]
573.jpg,[Appealing]
584.jpg,[Appealing]
591.jpg,[Appealing]
594.jpg,[Non-appealing]
604.jpg,[Non-appealing]
611.jpg,[Appealing]
646.jpg,[Appealing]
677.jpg,[Appealing]
683.jpg,[Appealing]
688.jpg,[Appealing]
697.jpg,[Appealing]
706.jpg,[Appealing]
718.jpg,[Appealing]
719.jpg,[Appealing]
733.jpg,[Non-appealing]
735.jpg,[Non-appealing]
747.jpg,[Appealing]
758.jpg,[Appealing]
759.jpg,[Appealing]
765.jpg,[Appealing]
773.jpg,[Appealing]
795.jpg,[Appealing]
817.jpg,[Appealing]
827.jpg,[Appealing]
845.jpg,[Appealing]
848.jpg,[Appealing]
851.jpg,[Non-appealing]
862.jpg,[Non-appealing]
871.jpg,[Appealing]
894.jpg,[Appealing]
896.jpg,[Appealing]
907.jpg,[Appealing]
915.jpg,[Appealing]
923.jpg,[Appealing]
929.jpg,[Appealing]
930.jpg,[Appealing]
942.jpg,[Appealing]
950.jpg,[Non-appealing]
965.jpg,[Non-appealing]
969.jpg,[Appealing]
975.jpg,[Appealing]
976.jpg,[Appealing]
1001.jpg,[Appealing]
1007.jpg,[Appealing]
1011.jpg,[Appealing]
501.jpg,[Appealing]
503.jpg,[Appealing]
504.jpg,[Appealing]
510.jpg,[Appealing]
514.jpg,[Non-appealing]
516.jpg,[Appealing]
528.jpg,[Appealing]
531.jpg,[Appealing]
535.jpg,[Appealing]
541.jpg,[Appealing]
545.jpg,[Appealing]
552.jpg,[Appealing]
554.jpg,[Appealing]
560.jpg,[Appealing]
564.jpg,[Non-appealing]
565.jpg,[Appealing]
574.jpg,[Appealing]
575.jpg,[Appealing]
576.jpg,[Appealing]
585.jpg,[Appealing]
593.jpg,[Appealing]
595.jpg,[Non-appealing]
597.jpg,[Appealing]
601.jpg,[Appealing]
608.jpg,[Appealing]
614.jpg,[Appealing]
616.jpg,[Appealing]
620.jpg,[Non-appealing]
622.jpg,[Appealing]
627.jpg,[Non-appealing]
635.jpg,[Appealing]
638.jpg,[Appealing]
640.jpg,[Appealing]
650.jpg,[Non-appealing]
651.jpg,[Appealing]
652.jpg,[Appealing]
657.jpg,[Appealing]
662.jpg,[Appealing]
665.jpg,[Appealing]
667.jpg,[Appealing]
674.jpg,[Appealing]
678.jpg,[Appealing]
684.jpg,[Appealing]
690.jpg,[Appealing]
693.jpg,[Appealing]
694.jpg,[Appealing]
698.jpg,[Appealing]
701.jpg,[Appealing]
716.jpg,[Appealing]
717.jpg,[Appealing]
721.jpg,[Appealing]
732.jpg,[Appealing]
738.jpg,[Appealing]
741.jpg,[Appealing]
746.jpg,[Appealing]
750.jpg,[Appealing]
754.jpg,[Appealing]
760.jpg,[Appealing]
762.jpg,[Appealing]
768.jpg,[Appealing]
785.jpg,[Appealing]
788.jpg,[Appealing]
789.jpg,[Appealing]
791.jpg,[Appealing]
794.jpg,[Appealing]
797.jpg,[Appealing]
804.jpg,[Appealing]
807.jpg,[Appealing]
809.jpg,[Appealing]
812.jpg,[Appealing]
818.jpg,[Appealing]
819.jpg,[Appealing]
821.jpg,[Appealing]
825.jpg,[Appealing]
831.jpg,[Appealing]
836.jpg,[Appealing]
839.jpg,[Appealing]
846.jpg,[Appealing]
849.jpg,[Appealing]
856.jpg,[Appealing]
861.jpg,[Appealing]
863.jpg,[Appealing]
867.jpg,[Appealing]
869.jpg,[Appealing]
872.jpg,[Appealing]
876.jpg,[Appealing]
877.jpg,[Appealing]
879.jpg,[Appealing]
881.jpg,[Appealing]
891.jpg,[Appealing]
900.jpg,[Appealing]
901.jpg,[Appealing]
903.jpg,[Appealing]
904.jpg,[Appealing]
906.jpg,[Appealing]
909.jpg,[Appealing]
919.jpg,[Appealing]
920.jpg,[Appealing]
922.jpg,[Appealing]
927.jpg,[Appealing]
937.jpg,[Appealing]
939.jpg,[Appealing]
940.jpg,[Appealing]
948.jpg,[Appealing]
952.jpg,[Appealing]
953.jpg,[Appealing]
955.jpg,[Non-appealing]
959.jpg,[Appealing]
963.jpg,[Appealing]
968.jpg,[Appealing]
979.jpg,[Appealing]
980.jpg,[Appealing]
991.jpg,[Appealing]
995.jpg,[Appealing]
998.jpg,[Appealing]
1009.jpg,[Appealing]
1012.jpg,[Non-appealing]
647.jpg,[Non-appealing]
729.jpg,[Non-appealing]
734.jpg,[Non-appealing]
895.jpg,[Non-appealing]
988.jpg,[Non-appealing]
563.jpg,[Non-appealing]
786.jpg,[Non-appealing]
569.jpg,[Non-appealing]
596.jpg,[Non-appealing]
987.jpg,[Non-appealing]
1005.jpg,[Non-appealing]
799.jpg,[Non-appealing]
938.jpg,[Non-appealing]