508.jpg,[Appealing]
526.jpg,[Non-appealing]
527.jpg,[Appealing]
528.jpg,[Appealing]
529.jpg,[Non-appealing]
530.jpg,[Non-appealing]
531.jpg,[Appealing]
532.jpg,[Appealing]
533.jpg,[Appealing]
534.jpg,[Appealing]
535.jpg,[Appealing]
536.jpg,[Appealing]
537.jpg,[Appealing]
538.jpg,[Non-appealing]
539.jpg,[Non-appealing]
540.jpg,[Non-appealing]
541.jpg,[Appealing]
542.jpg,[Non-appealing]
543.jpg,[Non-appealing]
544.jpg,[Appealing]
545.jpg,[Appealing]
546.jpg,[Appealing]
547.jpg,[Appealing]
548.jpg,[Appealing]
549.jpg,[Non-appealing]
550.jpg,[Appealing]
551.jpg,[Non-appealing]
552.jpg,[Appealing]
553.jpg,[Appealing]
554.jpg,[Non-appealing]
555.jpg,[Appealing]
556.jpg,[Non-appealing]
557.jpg,[Appealing]
558.jpg,[Appealing]
559.jpg,[Appealing]
560.jpg,[Appealing]
561.jpg,[Appealing]
562.jpg,[Appealing]
563.jpg,[Appealing]
564.jpg,[Appealing]
565.jpg,[Appealing]
566.jpg,[Non-appealing]
567.jpg,[Non-appealing]
568.jpg,[Non-appealing]
569.jpg,[Appealing]
570.jpg,[Appealing]
571.jpg,[Appealing]
572.jpg,[Appealing]
573.jpg,[Appealing]
574.jpg,[Non-appealing]
575.jpg,[Appealing]
576.jpg,[Appealing]
577.jpg,[Non-appealing]
578.jpg,[Appealing]
579.jpg,[Non-appealing]
580.jpg,[Non-appealing]
581.jpg,[Appealing]
582.jpg,[Appealing]
583.jpg,[Appealing]
584.jpg,[Appealing]
585.jpg,[Non-appealing]
586.jpg,[Appealing]
587.jpg,[Non-appealing]
588.jpg,[Appealing]
589.jpg,[Appealing]
590.jpg,[Appealing]
591.jpg,[Non-appealing]
592.jpg,[Appealing]
593.jpg,[Non-appealing]
594.jpg,[Appealing]
595.jpg,[Non-appealing]
596.jpg,[Non-appealing]
597.jpg,[Appealing]
598.jpg,[Non-appealing]
599.jpg,[Non-appealing]
600.jpg,[Appealing]
601.jpg,[Appealing]
602.jpg,[Appealing]
603.jpg,[Appealing]
604.jpg,[Appealing]
605.jpg,[Appealing]
606.jpg,[Non-appealing]
607.jpg,[Appealing]
608.jpg,[Appealing]
609.jpg,[Appealing]
610.jpg,[Appealing]
611.jpg,[Appealing]
612.jpg,[Appealing]
613.jpg,[Non-appealing]
614.jpg,[Appealing]
615.jpg,[Appealing]
616.jpg,[Appealing]
617.jpg,[Non-appealing]
618.jpg,[Appealing]
619.jpg,[Appealing]
620.jpg,[Appealing]
621.jpg,[Appealing]
622.jpg,[Appealing]
623.jpg,[Appealing]
624.jpg,[Non-appealing]
625.jpg,[Non-appealing]
626.jpg,[Appealing]
627.jpg,[Appealing]
628.jpg,[Appealing]
629.jpg,[Appealing]
630.jpg,[Non-appealing]
631.jpg,[Appealing]
632.jpg,[Non-appealing]
633.jpg,[Appealing]
634.jpg,[Appealing]
635.jpg,[Appealing]
636.jpg,[Appealing]
637.jpg,[Non-appealing]
638.jpg,[Appealing]
639.jpg,[Non-appealing]
640.jpg,[Appealing]
641.jpg,[Appealing]
642.jpg,[Appealing]
643.jpg,[Non-appealing]
644.jpg,[Appealing]
645.jpg,[Non-appealing]
646.jpg,[Appealing]
647.jpg,[Non-appealing]
648.jpg,[Appealing]
649.jpg,[Non-appealing]
650.jpg,[Non-appealing]
651.jpg,[Appealing]
652.jpg,[Appealing]
653.jpg,[Appealing]
654.jpg,[Appealing]
655.jpg,[Non-appealing]
656.jpg,[Appealing]
657.jpg,[Appealing]
658.jpg,[Appealing]
659.jpg,[Appealing]
660.jpg,[Appealing]
661.jpg,[Appealing]
662.jpg,[Appealing]
663.jpg,[Appealing]
664.jpg,[Non-appealing]
665.jpg,[Appealing]
666.jpg,[Non-appealing]
667.jpg,[Appealing]
668.jpg,[Appealing]
669.jpg,[Non-appealing]
670.jpg,[Appealing]
671.jpg,[Appealing]
672.jpg,[Appealing]
673.jpg,[Appealing]
674.jpg,[Appealing]
675.jpg,[Appealing]
676.jpg,[Appealing]
677.jpg,[Appealing]
678.jpg,[Appealing]
679.jpg,[Appealing]
680.jpg,[Appealing]
681.jpg,[Appealing]
682.jpg,[Appealing]
683.jpg,[Appealing]
684.jpg,[Appealing]
685.jpg,[Non-appealing]
686.jpg,[Appealing]
687.jpg,[Appealing]
688.jpg,[Appealing]
689.jpg,[Non-appealing]
690.jpg,[Appealing]
691.jpg,[Appealing]
692.jpg,[Non-appealing]
693.jpg,[Appealing]
694.jpg,[Appealing]
695.jpg,[Appealing]
696.jpg,[Non-appealing]
697.jpg,[Appealing]
698.jpg,[Appealing]
699.jpg,[Non-appealing]
700.jpg,[Non-appealing]
701.jpg,[Appealing]
702.jpg,[Non-appealing]
703.jpg,[Appealing]
704.jpg,[Appealing]
705.jpg,[Appealing]
706.jpg,[Appealing]
707.jpg,[Non-appealing]
708.jpg,[Non-appealing]
709.jpg,[Non-appealing]
710.jpg,[Appealing]
711.jpg,[Appealing]
712.jpg,[Appealing]
713.jpg,[Appealing]
714.jpg,[Non-appealing]
715.jpg,[Appealing]
716.jpg,[Appealing]
717.jpg,[Appealing]
718.jpg,[Appealing]
719.jpg,[Appealing]
720.jpg,[Appealing]
721.jpg,[Appealing]
722.jpg,[Appealing]
723.jpg,[Appealing]
724.jpg,[Non-appealing]
725.jpg,[Appealing]
726.jpg,[Appealing]
727.jpg,[Appealing]
728.jpg,[Appealing]
729.jpg,[Non-appealing]
730.jpg,[Appealing]
731.jpg,[Appealing]
732.jpg,[Appealing]
734.jpg,[Appealing]
735.jpg,[Appealing]
736.jpg,[Appealing]
737.jpg,[Appealing]
738.jpg,[Appealing]
739.jpg,[Non-appealing]
740.jpg,[Appealing]
741.jpg,[Appealing]
742.jpg,[Non-appealing]
743.jpg,[Non-appealing]
744.jpg,[Appealing]
745.jpg,[Appealing]
746.jpg,[Appealing]
747.jpg,[Appealing]
748.jpg,[Non-appealing]
749.jpg,[Appealing]
750.jpg,[Appealing]
751.jpg,[Appealing]
752.jpg,[Appealing]
753.jpg,[Non-appealing]
754.jpg,[Appealing]
755.jpg,[Appealing]
756.jpg,[Non-appealing]
757.jpg,[Non-appealing]
758.jpg,[Appealing]
759.jpg,[Appealing]
760.jpg,[Appealing]
763.jpg,[Appealing]
764.jpg,[Appealing]
765.jpg,[Non-appealing]
766.jpg,[Appealing]
767.jpg,[Non-appealing]
768.jpg,[Appealing]
769.jpg,[Appealing]
770.jpg,[Appealing]
771.jpg,[Appealing]
772.jpg,[Appealing]
773.jpg,[Appealing]
776.jpg,[Appealing]
777.jpg,[Non-appealing]
778.jpg,[Appealing]
779.jpg,[Non-appealing]
780.jpg,[Appealing]
781.jpg,[Non-appealing]
782.jpg,[Appealing]
783.jpg,[Appealing]
784.jpg,[Appealing]
785.jpg,[Appealing]
786.jpg,[Non-appealing]
787.jpg,[Non-appealing]
788.jpg,[Appealing]
789.jpg,[Appealing]
790.jpg,[Appealing]
791.jpg,[Appealing]
792.jpg,[Non-appealing]
793.jpg,[Appealing]
794.jpg,[Appealing]
795.jpg,[Appealing]
796.jpg,[Non-appealing]
797.jpg,[Appealing]
798.jpg,[Appealing]
799.jpg,[Non-appealing]
800.jpg,[Appealing]
801.jpg,[Appealing]
802.jpg,[Appealing]
803.jpg,[Non-appealing]
804.jpg,[Non-appealing]
805.jpg,[Appealing]
806.jpg,[Appealing]
807.jpg,[Appealing]
808.jpg,[Appealing]
809.jpg,[Appealing]
810.jpg,[Appealing]
811.jpg,[Appealing]
812.jpg,[Appealing]
813.jpg,[Appealing]
814.jpg,[Appealing]
815.jpg,[Appealing]
816.jpg,[Appealing]
817.jpg,[Appealing]
818.jpg,[Appealing]
820.jpg,[Appealing]
821.jpg,[Appealing]
822.jpg,[Appealing]
823.jpg,[Appealing]
824.jpg,[Appealing]
825.jpg,[Appealing]
826.jpg,[Non-appealing]
828.jpg,[Non-appealing]
829.jpg,[Appealing]
830.jpg,[Appealing]
831.jpg,[Appealing]
832.jpg,[Appealing]
833.jpg,[Appealing]
834.jpg,[Appealing]
835.jpg,[Non-appealing]
836.jpg,[Appealing]
837.jpg,[Appealing]
838.jpg,[Appealing]
839.jpg,[Appealing]
840.jpg,[Non-appealing]
841.jpg,[Appealing]
842.jpg,[Appealing]
843.jpg,[Appealing]
844.jpg,[Non-appealing]
845.jpg,[Appealing]
846.jpg,[Appealing]
847.jpg,[Appealing]
848.jpg,[Appealing]
849.jpg,[Appealing]
850.jpg,[Appealing]
851.jpg,[Appealing]
852.jpg,[Appealing]
853.jpg,[Appealing]
854.jpg,[Appealing]
855.jpg,[Non-appealing]
856.jpg,[Appealing]
857.jpg,[Appealing]
858.jpg,[Appealing]
859.jpg,[Appealing]
860.jpg,[Appealing]
861.jpg,[Non-appealing]
862.jpg,[Appealing]
863.jpg,[Appealing]
864.jpg,[Appealing]
865.jpg,[Appealing]
866.jpg,[Appealing]
867.jpg,[Appealing]
868.jpg,[Appealing]
869.jpg,[Appealing]
870.jpg,[Non-appealing]
871.jpg,[Appealing]
872.jpg,[Appealing]
873.jpg,[Appealing]
874.jpg,[Non-appealing]
875.jpg,[Appealing]
876.jpg,[Appealing]
877.jpg,[Appealing]
878.jpg,[Appealing]
879.jpg,[Appealing]
880.jpg,[Appealing]
881.jpg,[Appealing]
882.jpg,[Appealing]
883.jpg,[Non-appealing]
884.jpg,[Appealing]
885.jpg,[Appealing]
886.jpg,[Appealing]
887.jpg,[Appealing]
888.jpg,[Appealing]
889.jpg,[Appealing]
890.jpg,[Appealing]
891.jpg,[Non-appealing]
892.jpg,[Appealing]
893.jpg,[Appealing]
894.jpg,[Appealing]
895.jpg,[Non-appealing]
896.jpg,[Appealing]
897.jpg,[Appealing]
898.jpg,[Appealing]
899.jpg,[Appealing]
900.jpg,[Appealing]
901.jpg,[Appealing]
902.jpg,[Appealing]
903.jpg,[Appealing]
904.jpg,[Appealing]
905.jpg,[Appealing]
906.jpg,[Appealing]
907.jpg,[Appealing]
908.jpg,[Appealing]
909.jpg,[Appealing]
910.jpg,[Appealing]
911.jpg,[Appealing]
912.jpg,[Appealing]
913.jpg,[Appealing]
914.jpg,[Appealing]
915.jpg,[Appealing]
916.jpg,[Appealing]
917.jpg,[Appealing]
918.jpg,[Appealing]
919.jpg,[Appealing]
920.jpg,[Appealing]
921.jpg,[Appealing]
922.jpg,[Appealing]
923.jpg,[Appealing]
924.jpg,[Appealing]
925.jpg,[Appealing]
926.jpg,[Appealing]
927.jpg,[Appealing]
928.jpg,[Appealing]
929.jpg,[Appealing]
930.jpg,[Appealing]
931.jpg,[Appealing]
932.jpg,[Appealing]
933.jpg,[Non-appealing]
934.jpg,[Non-appealing]
935.jpg,[Appealing]
936.jpg,[Non-appealing]
937.jpg,[Appealing]
938.jpg,[Appealing]
939.jpg,[Appealing]
940.jpg,[Appealing]
941.jpg,[Appealing]
942.jpg,[Appealing]
943.jpg,[Appealing]
944.jpg,[Non-appealing]
945.jpg,[Appealing]
946.jpg,[Appealing]
947.jpg,[Non-appealing]
948.jpg,[Appealing]
949.jpg,[Appealing]
950.jpg,[Appealing]
951.jpg,[Appealing]
952.jpg,[Appealing]
953.jpg,[Appealing]
954.jpg,[Appealing]
955.jpg,[Appealing]
956.jpg,[Appealing]
957.jpg,[Appealing]
958.jpg,[Appealing]
959.jpg,[Appealing]
960.jpg,[Appealing]
961.jpg,[Appealing]
962.jpg,[Non-appealing]
963.jpg,[Appealing]
964.jpg,[Appealing]
965.jpg,[Appealing]
966.jpg,[Appealing]
967.jpg,[Non-appealing]
968.jpg,[Appealing]
969.jpg,[Appealing]
970.jpg,[Appealing]
971.jpg,[Non-appealing]
972.jpg,[Non-appealing]
973.jpg,[Non-appealing]
990.jpg,[Appealing]
991.jpg,[Appealing]
992.jpg,[Appealing]
993.jpg,[Appealing]
994.jpg,[Appealing]
995.jpg,[Appealing]
996.jpg,[Non-appealing]
997.jpg,[Appealing]
998.jpg,[Appealing]
999.jpg,[Appealing]
1000.jpg,[Appealing]
1001.jpg,[Non-appealing]
1003.jpg,[Appealing]
1004.jpg,[Appealing]
1005.jpg,[Appealing]
1006.jpg,[Appealing]
1007.jpg,[Appealing]
1008.jpg,[Non-appealing]
1009.jpg,[Appealing]
1010.jpg,[Appealing]
1011.jpg,[Appealing]
1012.jpg,[Appealing]
501.jpg,[Appealing]
502.jpg,[Appealing]
503.jpg,[Appealing]
504.jpg,[Appealing]
505.jpg,[Non-appealing]
506.jpg,[Appealing]
507.jpg,[Appealing]
509.jpg,[Appealing]
510.jpg,[Appealing]
511.jpg,[Appealing]
512.jpg,[Appealing]
513.jpg,[Appealing]
514.jpg,[Appealing]
515.jpg,[Non-appealing]
516.jpg,[Appealing]
517.jpg,[Non-appealing]
518.jpg,[Appealing]
519.jpg,[Non-appealing]
520.jpg,[Appealing]
521.jpg,[Appealing]
522.jpg,[Non-appealing]
523.jpg,[Appealing]
524.jpg,[Appealing]
525.jpg,[Non-appealing]
733.jpg,[Appealing]
761.jpg,[Appealing]
762.jpg,[Appealing]
774.jpg,[Appealing]
775.jpg,[Appealing]
819.jpg,[Appealing]
827.jpg,[Appealing]
974.jpg,[Appealing]
975.jpg,[Appealing]
976.jpg,[Non-appealing]
977.jpg,[Appealing]
978.jpg,[Appealing]
979.jpg,[Appealing]
980.jpg,[Appealing]
981.jpg,[Appealing]
982.jpg,[Appealing]
983.jpg,[Appealing]
984.jpg,[Appealing]
985.jpg,[Appealing]
986.jpg,[Non-appealing]
987.jpg,[Non-appealing]
988.jpg,[Appealing]
989.jpg,[Appealing]
