1.jpg,[Appealing]
2.jpg,[Appealing]
3.jpg,[Appealing]
4.jpg,[Appealing]
5.jpg,[Appealing]
6.jpg,[Appealing]
7.jpg,[Appealing]
8.jpg,[Appealing]
9.jpg,[Appealing]
10.jpg,[Appealing]
11.jpg,[Appealing]
12.jpg,[Non-appealing]
13.jpg,[Appealing]
14.jpg,[Appealing]
15.jpg,[Appealing]
16.jpg,[Appealing]
17.jpg,[Appealing]
18.jpg,[Appealing]
19.jpg,[Appealing]
20.jpg,[Appealing]
21.jpg,[Non-appealing]
22.jpg,[Appealing]
23.jpg,[Appealing]
24.jpg,[Appealing]
25.jpg,[Appealing]
26.jpg,[Appealing]
27.jpg,[Non-appealing]
28.jpg,[Appealing]
29.jpg,[Appealing]
30.jpg,[Appealing]
31.jpg,[Appealing]
32.jpg,[Appealing]
33.jpg,[Appealing]
34.jpg,[Appealing]
35.jpg,[Appealing]
36.jpg,[Appealing]
37.jpg,[Appealing]
38.jpg,[Appealing]
39.jpg,[Appealing]
40.jpg,[Appealing]
41.jpg,[Appealing]
42.jpg,[Appealing]
43.jpg,[Appealing]
44.jpg,[Appealing]
45.jpg,[Appealing]
46.jpg,[Appealing]
47.jpg,[Non-appealing]
48.jpg,[Non-appealing]
49.jpg,[Appealing]
50.jpg,[Appealing]
51.jpg,[Appealing]
52.jpg,[Non-appealing]
53.jpg,[Appealing]
54.jpg,[Appealing]
55.jpg,[Appealing]
56.jpg,[Appealing]
57.jpg,[Non-appealing]
58.jpg,[Appealing]
59.jpg,[Appealing]
60.jpg,[Appealing]
61.jpg,[Appealing]
62.jpg,[Non-appealing]
63.jpg,[Appealing]
64.jpg,[Appealing]
65.jpg,[Non-appealing]
66.jpg,[Appealing]
67.jpg,[Appealing]
68.jpg,[Appealing]
69.jpg,[Non-appealing]
70.jpg,[Appealing]
71.jpg,[Appealing]
72.jpg,[Appealing]
73.jpg,[Non-appealing]
74.jpg,[Appealing]
75.jpg,[Appealing]
76.jpg,[Appealing]
77.jpg,[Appealing]
78.jpg,[Appealing]
79.jpg,[Non-appealing]
80.jpg,[Appealing]
81.jpg,[Non-appealing]
82.jpg,[Appealing]
83.jpg,[Appealing]
84.jpg,[Appealing]
85.jpg,[Appealing]
86.jpg,[Appealing]
87.jpg,[Appealing]
88.jpg,[Non-appealing]
89.jpg,[Appealing]
90.jpg,[Appealing]
91.jpg,[Appealing]
92.jpg,[Appealing]
93.jpg,[Appealing]
94.jpg,[Appealing]
95.jpg,[Non-appealing]
96.jpg,[Appealing]
97.jpg,[Appealing]
98.jpg,[Appealing]
99.jpg,[Appealing]
100.jpg,[Appealing]
101.jpg,[Non-appealing]
102.jpg,[Appealing]
103.jpg,[Appealing]
104.jpg,[Appealing]
105.jpg,[Appealing]
106.jpg,[Appealing]
107.jpg,[Appealing]
108.jpg,[Appealing]
109.jpg,[Appealing]
110.jpg,[Appealing]
111.jpg,[Non-appealing]
112.jpg,[Appealing]
113.jpg,[Appealing]
114.jpg,[Appealing]
115.jpg,[Appealing]
116.jpg,[Appealing]
117.jpg,[Appealing]
118.jpg,[Appealing]
119.jpg,[Appealing]
120.jpg,[Appealing]
121.jpg,[Appealing]
122.jpg,[Appealing]
123.jpg,[Appealing]
124.jpg,[Appealing]
125.jpg,[Appealing]
126.jpg,[Appealing]
127.jpg,[Appealing]
128.jpg,[Appealing]
129.jpg,[Appealing]
130.jpg,[Appealing]
131.jpg,[Appealing]
132.jpg,[Appealing]
133.jpg,[Appealing]
134.jpg,[Appealing]
135.jpg,[Appealing]
136.jpg,[Appealing]
137.jpg,[Appealing]
138.jpg,[Appealing]
139.jpg,[Appealing]
140.jpg,[Non-appealing]
141.jpg,[Appealing]
142.jpg,[Non-appealing]
143.jpg,[Appealing]
144.jpg,[Appealing]
145.jpg,[Non-appealing]
146.jpg,[Appealing]
147.jpg,[Appealing]
148.jpg,[Appealing]
149.jpg,[Appealing]
150.jpg,[Appealing]
151.jpg,[Non-appealing]
152.jpg,[Appealing]
153.jpg,[Appealing]
154.jpg,[Appealing]
155.jpg,[Appealing]
156.jpg,[Appealing]
157.jpg,[Appealing]
158.jpg,[Appealing]
159.jpg,[Appealing]
160.jpg,[Non-appealing]
161.jpg,[Appealing]
162.jpg,[Non-appealing]
163.jpg,[Appealing]
164.jpg,[Appealing]
165.jpg,[Appealing]
166.jpg,[Appealing]
167.jpg,[Appealing]
168.jpg,[Appealing]
169.jpg,[Appealing]
170.jpg,[Appealing]
171.jpg,[Non-appealing]
172.jpg,[Appealing]
173.jpg,[Appealing]
174.jpg,[Appealing]
175.jpg,[Appealing]
176.jpg,[Appealing]
177.jpg,[Appealing]
178.jpg,[Appealing]
179.jpg,[Appealing]
180.jpg,[Non-appealing]
181.jpg,[Appealing]
182.jpg,[Appealing]
183.jpg,[Appealing]
184.jpg,[Appealing]
185.jpg,[Appealing]
186.jpg,[Appealing]
187.jpg,[Non-appealing]
188.jpg,[Appealing]
189.jpg,[Appealing]
190.jpg,[Appealing]
191.jpg,[Non-appealing]
192.jpg,[Appealing]
193.jpg,[Appealing]
194.jpg,[Appealing]
195.jpg,[Appealing]
196.jpg,[Appealing]
197.jpg,[Appealing]
198.jpg,[Appealing]
199.jpg,[Appealing]
200.jpg,[Appealing]
201.jpg,[Appealing]
202.jpg,[Appealing]
203.jpg,[Appealing]
204.jpg,[Appealing]
205.jpg,[Appealing]
206.jpg,[Appealing]
207.jpg,[Non-appealing]
208.jpg,[Appealing]
209.jpg,[Non-appealing]
210.jpg,[Appealing]
211.jpg,[Appealing]
212.jpg,[Appealing]
213.jpg,[Appealing]
214.jpg,[Appealing]
215.jpg,[Appealing]
216.jpg,[Appealing]
217.jpg,[Appealing]
218.jpg,[Appealing]
219.jpg,[Non-appealing]
220.jpg,[Non-appealing]
221.jpg,[Appealing]
222.jpg,[Appealing]
223.jpg,[Appealing]
224.jpg,[Non-appealing]
225.jpg,[Appealing]
226.jpg,[Appealing]
227.jpg,[Non-appealing]
228.jpg,[Appealing]
229.jpg,[Appealing]
230.jpg,[Appealing]
231.jpg,[Appealing]
232.jpg,[Appealing]
233.jpg,[Appealing]
234.jpg,[Appealing]
235.jpg,[Appealing]
236.jpg,[Appealing]
237.jpg,[Appealing]
238.jpg,[Appealing]
239.jpg,[Appealing]
240.jpg,[Appealing]
241.jpg,[Non-appealing]
242.jpg,[Appealing]
243.jpg,[Appealing]
244.jpg,[Appealing]
245.jpg,[Appealing]
246.jpg,[Appealing]
247.jpg,[Appealing]
248.jpg,[Appealing]
249.jpg,[Appealing]
250.jpg,[Appealing]
251.jpg,[Appealing]
252.jpg,[Appealing]
253.jpg,[Appealing]
254.jpg,[Appealing]
255.jpg,[Appealing]
256.jpg,[Non-appealing]
257.jpg,[Appealing]
258.jpg,[Non-appealing]
259.jpg,[Appealing]
260.jpg,[Non-appealing]
261.jpg,[Non-appealing]
262.jpg,[Non-appealing]
263.jpg,[Appealing]
264.jpg,[Appealing]
265.jpg,[Appealing]
266.jpg,[Appealing]
267.jpg,[Non-appealing]
268.jpg,[Appealing]
269.jpg,[Appealing]
270.jpg,[Appealing]
271.jpg,[Appealing]
272.jpg,[Appealing]
273.jpg,[Appealing]
274.jpg,[Non-appealing]
275.jpg,[Appealing]
276.jpg,[Appealing]
277.jpg,[Appealing]
278.jpg,[Appealing]
279.jpg,[Appealing]
280.jpg,[Appealing]
281.jpg,[Appealing]
282.jpg,[Non-appealing]
283.jpg,[Appealing]
284.jpg,[Appealing]
285.jpg,[Appealing]
286.jpg,[Appealing]
287.jpg,[Appealing]
288.jpg,[Appealing]
289.jpg,[Appealing]
290.jpg,[Appealing]
291.jpg,[Appealing]
292.jpg,[Appealing]
293.jpg,[Appealing]
294.jpg,[Appealing]
295.jpg,[Non-appealing]
296.jpg,[Appealing]
297.jpg,[Appealing]
298.jpg,[Non-appealing]
299.jpg,[Non-appealing]
300.jpg,[Appealing]
301.jpg,[Appealing]
302.jpg,[Appealing]
303.jpg,[Appealing]
304.jpg,[Non-appealing]
305.jpg,[Appealing]
306.jpg,[Appealing]
307.jpg,[Appealing]
308.jpg,[Appealing]
309.jpg,[Appealing]
310.jpg,[Appealing]
311.jpg,[Appealing]
312.jpg,[Appealing]
313.jpg,[Non-appealing]
314.jpg,[Appealing]
315.jpg,[Appealing]
316.jpg,[Appealing]
317.jpg,[Appealing]
318.jpg,[Appealing]
319.jpg,[Appealing]
320.jpg,[Appealing]
321.jpg,[Appealing]
322.jpg,[Appealing]
323.jpg,[Appealing]
324.jpg,[Appealing]
325.jpg,[Appealing]
326.jpg,[Appealing]
327.jpg,[Appealing]
328.jpg,[Appealing]
329.jpg,[Appealing]
330.jpg,[Appealing]
331.jpg,[Appealing]
332.jpg,[Appealing]
333.jpg,[Non-appealing]
334.jpg,[Appealing]
335.jpg,[Appealing]
336.jpg,[Appealing]
337.jpg,[Appealing]
338.jpg,[Appealing]
339.jpg,[Appealing]
340.jpg,[Appealing]
341.jpg,[Appealing]
342.jpg,[Appealing]
343.jpg,[Appealing]
344.jpg,[Appealing]
345.jpg,[Appealing]
346.jpg,[Appealing]
347.jpg,[Appealing]
348.jpg,[Appealing]
349.jpg,[Appealing]
350.jpg,[Appealing]
351.jpg,[Appealing]
352.jpg,[Appealing]
353.jpg,[Non-appealing]
354.jpg,[Appealing]
355.jpg,[Appealing]
356.jpg,[Appealing]
357.jpg,[Appealing]
358.jpg,[Non-appealing]
359.jpg,[Non-appealing]
360.jpg,[Appealing]
361.jpg,[Appealing]
362.jpg,[Appealing]
363.jpg,[Appealing]
364.jpg,[Appealing]
365.jpg,[Appealing]
366.jpg,[Appealing]
367.jpg,[Appealing]
368.jpg,[Non-appealing]
369.jpg,[Appealing]
370.jpg,[Appealing]
371.jpg,[Appealing]
372.jpg,[Appealing]
373.jpg,[Appealing]
374.jpg,[Appealing]
375.jpg,[Appealing]
376.jpg,[Appealing]
377.jpg,[Appealing]
378.jpg,[Appealing]
379.jpg,[Appealing]
380.jpg,[Appealing]
381.jpg,[Appealing]
382.jpg,[Appealing]
383.jpg,[Appealing]
384.jpg,[Appealing]
385.jpg,[Appealing]
386.jpg,[Appealing]
387.jpg,[Appealing]
388.jpg,[Appealing]
389.jpg,[Appealing]
390.jpg,[Appealing]
391.jpg,[Appealing]
392.jpg,[Non-appealing]
393.jpg,[Appealing]
394.jpg,[Appealing]
395.jpg,[Appealing]
396.jpg,[Appealing]
397.jpg,[Appealing]
398.jpg,[Appealing]
399.jpg,[Non-appealing]
400.jpg,[Appealing]
401.jpg,[Non-appealing]
402.jpg,[Non-appealing]
403.jpg,[Appealing]
404.jpg,[Appealing]
405.jpg,[Appealing]
406.jpg,[Appealing]
407.jpg,[Appealing]
408.jpg,[Appealing]
409.jpg,[Non-appealing]
410.jpg,[Appealing]
411.jpg,[Non-appealing]
412.jpg,[Appealing]
413.jpg,[Non-appealing]
414.jpg,[Appealing]
415.jpg,[Appealing]
416.jpg,[Appealing]
417.jpg,[Appealing]
418.jpg,[Non-appealing]
419.jpg,[Appealing]
420.jpg,[Appealing]
421.jpg,[Appealing]
422.jpg,[Appealing]
423.jpg,[Appealing]
424.jpg,[Appealing]
425.jpg,[Appealing]
426.jpg,[Appealing]
427.jpg,[Appealing]
428.jpg,[Appealing]
429.jpg,[Appealing]
430.jpg,[Non-appealing]
431.jpg,[Appealing]
432.jpg,[Appealing]
433.jpg,[Appealing]
434.jpg,[Appealing]
435.jpg,[Appealing]
436.jpg,[Appealing]
437.jpg,[Non-appealing]
438.jpg,[Appealing]
439.jpg,[Appealing]
440.jpg,[Non-appealing]
441.jpg,[Appealing]
442.jpg,[Appealing]
443.jpg,[Appealing]
444.jpg,[Appealing]
445.jpg,[Non-appealing]
446.jpg,[Non-appealing]
447.jpg,[Non-appealing]
448.jpg,[Appealing]
449.jpg,[Appealing]
450.jpg,[Appealing]
451.jpg,[Appealing]
452.jpg,[Non-appealing]
453.jpg,[Appealing]
454.jpg,[Appealing]
455.jpg,[Appealing]
456.jpg,[Appealing]
457.jpg,[Appealing]
458.jpg,[Appealing]
459.jpg,[Non-appealing]
460.jpg,[Appealing]
461.jpg,[Appealing]
462.jpg,[Appealing]
463.jpg,[Appealing]
464.jpg,[Appealing]
465.jpg,[Appealing]
466.jpg,[Appealing]
467.jpg,[Appealing]
468.jpg,[Appealing]
469.jpg,[Appealing]
470.jpg,[Appealing]
471.jpg,[Appealing]
472.jpg,[Non-appealing]
473.jpg,[Appealing]
474.jpg,[Appealing]
475.jpg,[Appealing]
476.jpg,[Non-appealing]
477.jpg,[Non-appealing]
478.jpg,[Appealing]
479.jpg,[Appealing]
480.jpg,[Appealing]
481.jpg,[Appealing]
482.jpg,[Appealing]
483.jpg,[Appealing]
484.jpg,[Appealing]
485.jpg,[Appealing]
486.jpg,[Appealing]
487.jpg,[Appealing]
488.jpg,[Non-appealing]
489.jpg,[Appealing]
490.jpg,[Non-appealing]
491.jpg,[Non-appealing]
492.jpg,[Non-appealing]
493.jpg,[Appealing]
494.jpg,[Appealing]
495.jpg,[Appealing]
496.jpg,[Appealing]
497.jpg,[Non-appealing]
498.jpg,[Non-appealing]
499.jpg,[Non-appealing]
500.jpg,[Non-appealing]
