500.jpg,"[Non-appealing]"
499.jpg,"[Non-appealing]"
498.jpg,"[Appealing]"
497.jpg,"[Appealing]"
496.jpg,"[Appealing]"
495.jpg,"[Appealing]"
494.jpg,"[Appealing]"
493.jpg,"[Non-appealing]"
492.jpg,"[Non-appealing]"
491.jpg,"[Non-appealing]"
490.jpg,"[Non-appealing]"
489.jpg,"[Appealing]"
488.jpg,"[Appealing]"
487.jpg,"[Appealing]"
486.jpg,"[Appealing]"
485.jpg,"[Appealing]"
484.jpg,"[Appealing]"
483.jpg,"[Appealing]"
482.jpg,"[Non-appealing]"
481.jpg,"[Appealing]"
480.jpg,"[Appealing]"
479.jpg,"[Appealing]"
478.jpg,"[Non-appealing]"
477.jpg,"[Appealing]"
476.jpg,"[Non-appealing]"
475.jpg,"[Appealing]"
474.jpg,"[Appealing]"
473.jpg,"[Appealing]"
472.jpg,"[Appealing]"
471.jpg,"[Non-appealing]"
470.jpg,"[Appealing]"
469.jpg,"[Appealing]"
468.jpg,"[Non-appealing]"
467.jpg,"[Appealing]"
466.jpg,"[Appealing]"
465.jpg,"[Appealing]"
464.jpg,"[Non-appealing]"
463.jpg,"[Appealing]"
462.jpg,"[Non-appealing]"
461.jpg,"[Appealing]"
460.jpg,"[Appealing]"
459.jpg,"[Non-appealing]"
458.jpg,"[Appealing]"
457.jpg,"[Non-appealing]"
456.jpg,"[Appealing]"
455.jpg,"[Appealing]"
454.jpg,"[Non-appealing]"
453.jpg,"[Appealing]"
452.jpg,"[Appealing]"
451.jpg,"[Appealing]"
450.jpg,"[Appealing]"
449.jpg,"[Appealing]"
448.jpg,"[Non-appealing]"
447.jpg,"[Non-appealing]"
446.jpg,"[Appealing]"
445.jpg,"[Non-appealing]"
444.jpg,"[Non-appealing]"
443.jpg,"[Appealing]"
442.jpg,"[Appealing]"
441.jpg,"[Appealing]"
440.jpg,"[Appealing]"
439.jpg,"[Appealing]"
438.jpg,"[Appealing]"
437.jpg,"[Appealing]"
436.jpg,"[Appealing]"
435.jpg,"[Appealing]"
434.jpg,"[Non-appealing]"
433.jpg,"[Appealing]"
432.jpg,"[Appealing]"
431.jpg,"[Appealing]"
430.jpg,"[Non-appealing]"
429.jpg,"[Appealing]"
428.jpg,"[Non-appealing]"
427.jpg,"[Appealing]"
426.jpg,"[Non-appealing]"
425.jpg,"[Appealing]"
424.jpg,"[Non-appealing]"
423.jpg,"[Appealing]"
422.jpg,"[Appealing]"
421.jpg,"[Non-appealing]"
420.jpg,"[Appealing]"
419.jpg,"[Appealing]"
418.jpg,"[Non-appealing]"
417.jpg,"[Appealing]"
416.jpg,"[Non-appealing]"
415.jpg,"[Appealing]"
414.jpg,"[Non-appealing]"
413.jpg,"[Appealing]"
412.jpg,"[Non-appealing]"
411.jpg,"[Non-appealing]"
410.jpg,"[Appealing]"
409.jpg,"[Non-appealing]"
408.jpg,"[Non-appealing]"
407.jpg,"[Non-appealing]"
406.jpg,"[Non-appealing]"
405.jpg,"[Non-appealing]"
404.jpg,"[Appealing]"
403.jpg,"[Appealing]"
402.jpg,"[Appealing]"
401.jpg,"[Appealing]"
400.jpg,"[Appealing]"
399.jpg,"[Non-appealing]"
398.jpg,"[Non-appealing]"
397.jpg,"[Appealing]"
396.jpg,"[Non-appealing]"
395.jpg,"[Non-appealing]"
394.jpg,"[Non-appealing]"
393.jpg,"[Appealing]"
392.jpg,"[Non-appealing]"
391.jpg,"[Non-appealing]"
390.jpg,"[Appealing]"
389.jpg,"[Non-appealing]"
388.jpg,"[Appealing]"
387.jpg,"[Appealing]"
386.jpg,"[Appealing]"
385.jpg,"[Non-appealing]"
384.jpg,"[Appealing]"
383.jpg,"[Non-appealing]"
382.jpg,"[Appealing]"
381.jpg,"[Appealing]"
380.jpg,"[Non-appealing]"
379.jpg,"[Non-appealing]"
378.jpg,"[Non-appealing]"
377.jpg,"[Appealing]"
376.jpg,"[Non-appealing]"
375.jpg,"[Appealing]"
374.jpg,"[Appealing]"
373.jpg,"[Non-appealing]"
372.jpg,"[Appealing]"
371.jpg,"[Non-appealing]"
370.jpg,"[Appealing]"
369.jpg,"[Appealing]"
368.jpg,"[Non-appealing]"
367.jpg,"[Appealing]"
366.jpg,"[Appealing]"
365.jpg,"[Non-appealing]"
364.jpg,"[Appealing]"
363.jpg,"[Non-appealing]"
362.jpg,"[Non-appealing]"
361.jpg,"[Appealing]"
360.jpg,"[Appealing]"
359.jpg,"[Appealing]"
358.jpg,"[Non-appealing]"
357.jpg,"[Non-appealing]"
356.jpg,"[Appealing]"
355.jpg,"[Non-appealing]"
354.jpg,"[Appealing]"
353.jpg,"[Non-appealing]"
352.jpg,"[Non-appealing]"
351.jpg,"[Appealing]"
350.jpg,"[Appealing]"
349.jpg,"[Appealing]"
348.jpg,"[Appealing]"
347.jpg,"[Non-appealing]"
346.jpg,"[Appealing]"
345.jpg,"[Non-appealing]"
344.jpg,"[Non-appealing]"
343.jpg,"[Appealing]"
342.jpg,"[Appealing]"
341.jpg,"[Non-appealing]"
340.jpg,"[Non-appealing]"
339.jpg,"[Appealing]"
338.jpg,"[Appealing]"
337.jpg,"[Non-appealing]"
336.jpg,"[Appealing]"
335.jpg,"[Non-appealing]"
334.jpg,"[Appealing]"
333.jpg,"[Non-appealing]"
332.jpg,"[Appealing]"
331.jpg,"[Appealing]"
330.jpg,"[Non-appealing]"
329.jpg,"[Appealing]"
328.jpg,"[Appealing]"
327.jpg,"[Appealing]"
326.jpg,"[Appealing]"
325.jpg,"[Appealing]"
324.jpg,"[Appealing]"
323.jpg,"[Appealing]"
322.jpg,"[Appealing]"
321.jpg,"[Appealing]"
320.jpg,"[Appealing]"
319.jpg,"[Appealing]"
318.jpg,"[Appealing]"
317.jpg,"[Appealing]"
316.jpg,"[Appealing]"
315.jpg,"[Appealing]"
314.jpg,"[Appealing]"
313.jpg,"[Non-appealing]"
312.jpg,"[Appealing]"
311.jpg,"[Appealing]"
310.jpg,"[Appealing]"
309.jpg,"[Non-appealing]"
308.jpg,"[Appealing]"
307.jpg,"[Appealing]"
306.jpg,"[Non-appealing]"
305.jpg,"[Appealing]"
304.jpg,"[Appealing]"
303.jpg,"[Appealing]"
302.jpg,"[Non-appealing]"
301.jpg,"[Non-appealing]"
300.jpg,"[Appealing]"
299.jpg,"[Non-appealing]"
298.jpg,"[Non-appealing]"
297.jpg,"[Non-appealing]"
296.jpg,"[Appealing]"
295.jpg,"[Non-appealing]"
294.jpg,"[Non-appealing]"
293.jpg,"[Non-appealing]"
292.jpg,"[Non-appealing]"
291.jpg,"[Appealing]"
290.jpg,"[Non-appealing]"
289.jpg,"[Appealing]"
288.jpg,"[Appealing]"
287.jpg,"[Appealing]"
286.jpg,"[Non-appealing]"
285.jpg,"[Appealing]"
284.jpg,"[Appealing]"
283.jpg,"[Appealing]"
282.jpg,"[Appealing]"
281.jpg,"[Appealing]"
280.jpg,"[Appealing]"
279.jpg,"[Non-appealing]"
278.jpg,"[Appealing]"
277.jpg,"[Appealing]"
276.jpg,"[Non-appealing]"
275.jpg,"[Appealing]"
274.jpg,"[Appealing]"
273.jpg,"[Appealing]"
272.jpg,"[Non-appealing]"
271.jpg,"[Appealing]"
270.jpg,"[Appealing]"
269.jpg,"[Appealing]"
268.jpg,"[Appealing]"
267.jpg,"[Non-appealing]"
266.jpg,"[Non-appealing]"
265.jpg,"[Non-appealing]"
264.jpg,"[Non-appealing]"
263.jpg,"[Appealing]"
262.jpg,"[Non-appealing]"
261.jpg,"[Non-appealing]"
260.jpg,"[Non-appealing]"
259.jpg,"[Appealing]"
258.jpg,"[Non-appealing]"
257.jpg,"[Non-appealing]"
256.jpg,"[Non-appealing]"
255.jpg,"[Appealing]"
254.jpg,"[Appealing]"
253.jpg,"[Appealing]"
252.jpg,"[Non-appealing]"
251.jpg,"[Non-appealing]"
250.jpg,"[Appealing]"
249.jpg,"[Appealing]"
248.jpg,"[Non-appealing]"
247.jpg,"[Non-appealing]"
246.jpg,"[Non-appealing]"
245.jpg,"[Non-appealing]"
244.jpg,"[Appealing]"
243.jpg,"[Appealing]"
242.jpg,"[Non-appealing]"
241.jpg,"[Non-appealing]"
240.jpg,"[Non-appealing]"
239.jpg,"[Non-appealing]"
238.jpg,"[Non-appealing]"
237.jpg,"[Non-appealing]"
236.jpg,"[Non-appealing]"
235.jpg,"[Non-appealing]"
234.jpg,"[Appealing]"
233.jpg,"[Appealing]"
232.jpg,"[Non-appealing]"
231.jpg,"[Appealing]"
230.jpg,"[Appealing]"
229.jpg,"[Appealing]"
228.jpg,"[Appealing]"
227.jpg,"[Non-appealing]"
226.jpg,"[Non-appealing]"
225.jpg,"[Non-appealing]"
224.jpg,"[Non-appealing]"
223.jpg,"[Appealing]"
222.jpg,"[Appealing]"
221.jpg,"[Non-appealing]"
220.jpg,"[Non-appealing]"
219.jpg,"[Non-appealing]"
218.jpg,"[Non-appealing]"
217.jpg,"[Appealing]"
216.jpg,"[Appealing]"
215.jpg,"[Non-appealing]"
214.jpg,"[Appealing]"
213.jpg,"[Non-appealing]"
212.jpg,"[Appealing]"
211.jpg,"[Appealing]"
210.jpg,"[Appealing]"
209.jpg,"[Non-appealing]"
208.jpg,"[Non-appealing]"
207.jpg,"[Appealing]"
206.jpg,"[Appealing]"
205.jpg,"[Non-appealing]"
204.jpg,"[Non-appealing]"
203.jpg,"[Appealing]"
202.jpg,"[Non-appealing]"
201.jpg,"[Non-appealing]"
200.jpg,"[Appealing]"
199.jpg,"[Non-appealing]"
198.jpg,"[Non-appealing]"
197.jpg,"[Appealing]"
196.jpg,"[Non-appealing]"
195.jpg,"[Non-appealing]"
194.jpg,"[Appealing]"
193.jpg,"[Appealing]"
192.jpg,"[Non-appealing]"
191.jpg,"[Appealing]"
190.jpg,"[Appealing]"
189.jpg,"[Appealing]"
188.jpg,"[Non-appealing]"
187.jpg,"[Non-appealing]"
186.jpg,"[Non-appealing]"
185.jpg,"[Appealing]"
184.jpg,"[Appealing]"
183.jpg,"[Appealing]"
182.jpg,"[Non-appealing]"
181.jpg,"[Appealing]"
180.jpg,"[Non-appealing]"
179.jpg,"[Appealing]"
178.jpg,"[Non-appealing]"
177.jpg,"[Non-appealing]"
176.jpg,"[Appealing]"
175.jpg,"[Non-appealing]"
174.jpg,"[Appealing]"
173.jpg,"[Appealing]"
172.jpg,"[Appealing]"
171.jpg,"[Appealing]"
170.jpg,"[Non-appealing]"
169.jpg,"[Appealing]"
168.jpg,"[Appealing]"
167.jpg,"[Appealing]"
166.jpg,"[Appealing]"
165.jpg,"[Appealing]"
164.jpg,"[Appealing]"
163.jpg,"[Non-appealing]"
161.jpg,"[Non-appealing]"
160.jpg,"[Non-appealing]"
159.jpg,"[Appealing]"
158.jpg,"[Appealing]"
157.jpg,"[Appealing]"
156.jpg,"[Non-appealing]"
155.jpg,"[Non-appealing]"
154.jpg,"[Appealing]"
153.jpg,"[Non-appealing]"
152.jpg,"[Appealing]"
151.jpg,"[Non-appealing]"
150.jpg,"[Appealing]"
149.jpg,"[Non-appealing]"
148.jpg,"[Non-appealing]"
147.jpg,"[Non-appealing]"
146.jpg,"[Non-appealing]"
145.jpg,"[Non-appealing]"
144.jpg,"[Appealing]"
143.jpg,"[Non-appealing]"
142.jpg,"[Appealing]"
141.jpg,"[Non-appealing]"
140.jpg,"[Non-appealing]"
139.jpg,"[Non-appealing]"
138.jpg,"[Appealing]"
137.jpg,"[Non-appealing]"
136.jpg,"[Appealing]"
135.jpg,"[Appealing]"
134.jpg,"[Appealing]"
133.jpg,"[Non-appealing]"
132.jpg,"[Appealing]"
131.jpg,"[Non-appealing]"
130.jpg,"[Non-appealing]"
129.jpg,"[Non-appealing]"
128.jpg,"[Appealing]"
127.jpg,"[Non-appealing]"
126.jpg,"[Appealing]"
125.jpg,"[Appealing]"
124.jpg,"[Non-appealing]"
123.jpg,"[Appealing]"
122.jpg,"[Non-appealing]"
121.jpg,"[Non-appealing]"
120.jpg,"[Appealing]"
119.jpg,"[Appealing]"
118.jpg,"[Non-appealing]"
117.jpg,"[Non-appealing]"
116.jpg,"[Non-appealing]"
115.jpg,"[Appealing]"
114.jpg,"[Appealing]"
113.jpg,"[Appealing]"
112.jpg,"[Appealing]"
111.jpg,"[Non-appealing]"
110.jpg,"[Non-appealing]"
109.jpg,"[Appealing]"
108.jpg,"[Appealing]"
107.jpg,"[Appealing]"
106.jpg,"[Non-appealing]"
105.jpg,"[Non-appealing]"
104.jpg,"[Non-appealing]"
103.jpg,"[Appealing]"
102.jpg,"[Appealing]"
101.jpg,"[Non-appealing]"
100.jpg,"[Appealing]"
99.jpg,"[Non-appealing]"
98.jpg,"[Appealing]"
97.jpg,"[Appealing]"
96.jpg,"[Non-appealing]"
95.jpg,"[Non-appealing]"
94.jpg,"[Non-appealing]"
93.jpg,"[Non-appealing]"
92.jpg,"[Non-appealing]"
91.jpg,"[Non-appealing]"
90.jpg,"[Non-appealing]"
89.jpg,"[Appealing]"
88.jpg,"[Non-appealing]"
87.jpg,"[Non-appealing]"
86.jpg,"[Appealing]"
85.jpg,"[Appealing]"
84.jpg,"[Non-appealing]"
83.jpg,"[Appealing]"
82.jpg,"[Non-appealing]"
81.jpg,"[Non-appealing]"
80.jpg,"[Appealing]"
79.jpg,"[Non-appealing]"
78.jpg,"[Appealing]"
77.jpg,"[Non-appealing]"
76.jpg,"[Non-appealing]"
75.jpg,"[Appealing]"
74.jpg,"[Non-appealing]"
73.jpg,"[Non-appealing]"
72.jpg,"[Non-appealing]"
71.jpg,"[Appealing]"
70.jpg,"[Appealing]"
69.jpg,"[Non-appealing]"
68.jpg,"[Non-appealing]"
67.jpg,"[Non-appealing]"
66.jpg,"[Appealing]"
65.jpg,"[Non-appealing]"
64.jpg,"[Appealing]"
63.jpg,"[Non-appealing]"
62.jpg,"[Non-appealing]"
61.jpg,"[Non-appealing]"
60.jpg,"[Non-appealing]"
59.jpg,"[Non-appealing]"
58.jpg,"[Non-appealing]"
57.jpg,"[Non-appealing]"
56.jpg,"[Appealing]"
55.jpg,"[Non-appealing]"
54.jpg,"[Appealing]"
53.jpg,"[Non-appealing]"
52.jpg,"[Non-appealing]"
51.jpg,"[Appealing]"
50.jpg,"[Appealing]"
49.jpg,"[Non-appealing]"
48.jpg,"[Non-appealing]"
47.jpg,"[Non-appealing]"
46.jpg,"[Non-appealing]"
45.jpg,"[Appealing]"
44.jpg,"[Appealing]"
43.jpg,"[Non-appealing]"
42.jpg,"[Appealing]"
41.jpg,"[Appealing]"
40.jpg,"[Appealing]"
39.jpg,"[Appealing]"
38.jpg,"[Appealing]"
37.jpg,"[Appealing]"
36.jpg,"[Non-appealing]"
35.jpg,"[Non-appealing]"
34.jpg,"[Appealing]"
33.jpg,"[Non-appealing]"
32.jpg,"[Non-appealing]"
31.jpg,"[Non-appealing]"
30.jpg,"[Appealing]"
29.jpg,"[Appealing]"
28.jpg,"[Appealing]"
27.jpg,"[Non-appealing]"
26.jpg,"[Appealing]"
25.jpg,"[Non-appealing]"
24.jpg,"[Non-appealing]"
23.jpg,"[Non-appealing]"
22.jpg,"[Appealing]"
21.jpg,"[Non-appealing]"
20.jpg,"[Non-appealing]"
19.jpg,"[Appealing]"
18.jpg,"[Non-appealing]"
17.jpg,"[Appealing]"
16.jpg,"[Appealing]"
15.jpg,"[Non-appealing]"
14.jpg,"[Non-appealing]"
13.jpg,"[Non-appealing]"
12.jpg,"[Non-appealing]"
11.jpg,"[Non-appealing]"
10.jpg,"[Appealing]"
9.jpg,"[Appealing]"
8.jpg,"[Appealing]"
7.jpg,"[Appealing]"
6.jpg,"[Non-appealing]"
5.jpg,"[Non-appealing]"
4.jpg,"[Appealing]"
3.jpg,"[Appealing]"
2.jpg,"[Appealing]"
1.jpg,"[Appealing]"