1012.jpg,"[Non-appealing]"
1011.jpg,"[Appealing]"
1010.jpg,"[Non-appealing]"
1009.jpg,"[Appealing]"
1008.jpg,"[Non-appealing]"
1007.jpg,"[Appealing]"
1006.jpg,"[Non-appealing]"
1005.jpg,"[Non-appealing]"
1004.jpg,"[Non-appealing]"
1003.jpg,"[Appealing]"
1001.jpg,"[Appealing]"
1000.jpg,"[Non-appealing]"
999.jpg,"[Non-appealing]"
998.jpg,"[Appealing]"
997.jpg,"[Non-appealing]"
996.jpg,"[Non-appealing]"
995.jpg,"[Appealing]"
994.jpg,"[Appealing]"
993.jpg,"[Appealing]"
992.jpg,"[Non-appealing]"
991.jpg,"[Appealing]"
990.jpg,"[Non-appealing]"
989.jpg,"[Appealing]"
988.jpg,"[Non-appealing]"
987.jpg,"[Non-appealing]"
986.jpg,"[Non-appealing]"
985.jpg,"[Non-appealing]"
984.jpg,"[Non-appealing]"
983.jpg,"[Non-appealing]"
982.jpg,"[Appealing]"
981.jpg,"[Appealing]"
980.jpg,"[Appealing]"
979.jpg,"[Appealing]"
978.jpg,"[Appealing]"
977.jpg,"[Appealing]"
976.jpg,"[Non-appealing]"
975.jpg,"[Non-appealing]"
974.jpg,"[Non-appealing]"
973.jpg,"[Non-appealing]"
972.jpg,"[Non-appealing]"
971.jpg,"[Non-appealing]"
970.jpg,"[Appealing]"
969.jpg,"[Appealing]"
968.jpg,"[Appealing]"
967.jpg,"[Non-appealing]"
966.jpg,"[Appealing]"
965.jpg,"[Appealing]"
964.jpg,"[Non-appealing]"
963.jpg,"[Appealing]"
962.jpg,"[Non-appealing]"
961.jpg,"[Appealing]"
960.jpg,"[Appealing]"
959.jpg,"[Appealing]"
958.jpg,"[Non-appealing]"
957.jpg,"[Non-appealing]"
956.jpg,"[Non-appealing]"
955.jpg,"[Appealing]"
954.jpg,"[Non-appealing]"
953.jpg,"[Appealing]"
952.jpg,"[Non-appealing]"
951.jpg,"[Appealing]"
950.jpg,"[Appealing]"
949.jpg,"[Appealing]"
948.jpg,"[Appealing]"
947.jpg,"[Non-appealing]"
946.jpg,"[Non-appealing]"
945.jpg,"[Non-appealing]"
944.jpg,"[Non-appealing]"
943.jpg,"[Non-appealing]"
942.jpg,"[Appealing]"
941.jpg,"[Non-appealing]"
940.jpg,"[Appealing]"
939.jpg,"[Appealing]"
938.jpg,"[Appealing]"
937.jpg,"[Appealing]"
936.jpg,"[Appealing]"
935.jpg,"[Non-appealing]"
934.jpg,"[Non-appealing]"
933.jpg,"[Non-appealing]"
932.jpg,"[Non-appealing]"
931.jpg,"[Non-appealing]"
930.jpg,"[Appealing]"
929.jpg,"[Appealing]"
928.jpg,"[Non-appealing]"
927.jpg,"[Appealing]"
926.jpg,"[Non-appealing]"
925.jpg,"[Non-appealing]"
924.jpg,"[Appealing]"
923.jpg,"[Appealing]"
922.jpg,"[Appealing]"
921.jpg,"[Non-appealing]"
920.jpg,"[Appealing]"
919.jpg,"[Non-appealing]"
918.jpg,"[Non-appealing]"
917.jpg,"[Non-appealing]"
916.jpg,"[Non-appealing]"
915.jpg,"[Appealing]"
914.jpg,"[Non-appealing]"
913.jpg,"[Non-appealing]"
912.jpg,"[Appealing]"
911.jpg,"[Non-appealing]"
910.jpg,"[Appealing]"
909.jpg,"[Appealing]"
908.jpg,"[Non-appealing]"
907.jpg,"[Appealing]"
906.jpg,"[Appealing]"
905.jpg,"[Non-appealing]"
904.jpg,"[Appealing]"
903.jpg,"[Appealing]"
902.jpg,"[Appealing]"
901.jpg,"[Appealing]"
900.jpg,"[Appealing]"
899.jpg,"[Appealing]"
898.jpg,"[Non-appealing]"
897.jpg,"[Non-appealing]"
896.jpg,"[Appealing]"
895.jpg,"[Appealing]"
894.jpg,"[Appealing]"
893.jpg,"[Non-appealing]"
892.jpg,"[Appealing]"
891.jpg,"[Appealing]"
890.jpg,"[Non-appealing]"
889.jpg,"[Non-appealing]"
888.jpg,"[Appealing]"
887.jpg,"[Non-appealing]"
886.jpg,"[Non-appealing]"
885.jpg,"[Non-appealing]"
884.jpg,"[Non-appealing]"
883.jpg,"[Non-appealing]"
882.jpg,"[Appealing]"
881.jpg,"[Appealing]"
880.jpg,"[Non-appealing]"
879.jpg,"[Appealing]"
878.jpg,"[Appealing]"
877.jpg,"[Appealing]"
876.jpg,"[Appealing]"
875.jpg,"[Non-appealing]"
874.jpg,"[Non-appealing]"
873.jpg,"[Non-appealing]"
872.jpg,"[Appealing]"
871.jpg,"[Appealing]"
870.jpg,"[Non-appealing]"
869.jpg,"[Appealing]"
868.jpg,"[Appealing]"
867.jpg,"[Appealing]"
866.jpg,"[Appealing]"
865.jpg,"[Appealing]"
864.jpg,"[Appealing]"
863.jpg,"[Appealing]"
862.jpg,"[Appealing]"
861.jpg,"[Appealing]"
860.jpg,"[Non-appealing]"
859.jpg,"[Non-appealing]"
858.jpg,"[Non-appealing]"
857.jpg,"[Non-appealing]"
856.jpg,"[Appealing]"
855.jpg,"[Non-appealing]"
854.jpg,"[Non-appealing]"
853.jpg,"[Appealing]"
852.jpg,"[Non-appealing]"
851.jpg,"[Appealing]"
850.jpg,"[Non-appealing]"
849.jpg,"[Appealing]"
848.jpg,"[Appealing]"
847.jpg,"[Non-appealing]"
846.jpg,"[Appealing]"
845.jpg,"[Appealing]"
844.jpg,"[Non-appealing]"
843.jpg,"[Appealing]"
842.jpg,"[Appealing]"
841.jpg,"[Non-appealing]"
840.jpg,"[Non-appealing]"
839.jpg,"[Appealing]"
838.jpg,"[Non-appealing]"
837.jpg,"[Non-appealing]"
836.jpg,"[Appealing]"
835.jpg,"[Non-appealing]"
834.jpg,"[Non-appealing]"
833.jpg,"[Non-appealing]"
832.jpg,"[Appealing]"
831.jpg,"[Appealing]"
830.jpg,"[Non-appealing]"
829.jpg,"[Appealing]"
828.jpg,"[Appealing]"
827.jpg,"[Appealing]"
826.jpg,"[Non-appealing]"
825.jpg,"[Non-appealing]"
824.jpg,"[Appealing]"
823.jpg,"[Non-appealing]"
822.jpg,"[Non-appealing]"
821.jpg,"[Appealing]"
820.jpg,"[Non-appealing]"
819.jpg,"[Appealing]"
818.jpg,"[Appealing]"
817.jpg,"[Appealing]"
816.jpg,"[Non-appealing]"
815.jpg,"[Appealing]"
814.jpg,"[Non-appealing]"
813.jpg,"[Non-appealing]"
812.jpg,"[Appealing]"
811.jpg,"[Non-appealing]"
810.jpg,"[Non-appealing]"
809.jpg,"[Appealing]"
808.jpg,"[Appealing]"
807.jpg,"[Appealing]"
806.jpg,"[Non-appealing]"
805.jpg,"[Non-appealing]"
804.jpg,"[Non-appealing]"
803.jpg,"[Non-appealing]"
802.jpg,"[Non-appealing]"
801.jpg,"[Non-appealing]"
800.jpg,"[Non-appealing]"
799.jpg,"[Non-appealing]"
798.jpg,"[Appealing]"
797.jpg,"[Appealing]"
796.jpg,"[Non-appealing]"
795.jpg,"[Appealing]"
794.jpg,"[Appealing]"
793.jpg,"[Appealing]"
792.jpg,"[Non-appealing]"
791.jpg,"[Appealing]"
790.jpg,"[Appealing]"
789.jpg,"[Appealing]"
788.jpg,"[Appealing]"
787.jpg,"[Non-appealing]"
786.jpg,"[Non-appealing]"
785.jpg,"[Appealing]"
784.jpg,"[Non-appealing]"
783.jpg,"[Non-appealing]"
782.jpg,"[Non-appealing]"
781.jpg,"[Non-appealing]"
780.jpg,"[Appealing]"
779.jpg,"[Non-appealing]"
778.jpg,"[Non-appealing]"
777.jpg,"[Appealing]"
776.jpg,"[Non-appealing]"
775.jpg,"[Non-appealing]"
774.jpg,"[Appealing]"
773.jpg,"[Appealing]"
772.jpg,"[Non-appealing]"
771.jpg,"[Non-appealing]"
770.jpg,"[Appealing]"
769.jpg,"[Non-appealing]"
768.jpg,"[Appealing]"
767.jpg,"[Non-appealing]"
766.jpg,"[Non-appealing]"
765.jpg,"[Appealing]"
764.jpg,"[Non-appealing]"
763.jpg,"[Non-appealing]"
762.jpg,"[Appealing]"
761.jpg,"[Non-appealing]"
760.jpg,"[Appealing]"
759.jpg,"[Appealing]"
758.jpg,"[Appealing]"
757.jpg,"[Appealing]"
756.jpg,"[Appealing]"
755.jpg,"[Appealing]"
754.jpg,"[Appealing]"
753.jpg,"[Non-appealing]"
752.jpg,"[Appealing]"
751.jpg,"[Appealing]"
750.jpg,"[Appealing]"
749.jpg,"[Appealing]"
748.jpg,"[Non-appealing]"
747.jpg,"[Appealing]"
746.jpg,"[Appealing]"
745.jpg,"[Non-appealing]"
744.jpg,"[Non-appealing]"
743.jpg,"[Non-appealing]"
742.jpg,"[Non-appealing]"
741.jpg,"[Appealing]"
740.jpg,"[Non-appealing]"
739.jpg,"[Non-appealing]"
738.jpg,"[Appealing]"
737.jpg,"[Non-appealing]"
736.jpg,"[Non-appealing]"
735.jpg,"[Appealing]"
734.jpg,"[Non-appealing]"
733.jpg,"[Appealing]"
732.jpg,"[Appealing]"
731.jpg,"[Non-appealing]"
730.jpg,"[Non-appealing]"
729.jpg,"[Non-appealing]"
728.jpg,"[Non-appealing]"
727.jpg,"[Non-appealing]"
726.jpg,"[Non-appealing]"
725.jpg,"[Non-appealing]"
724.jpg,"[Non-appealing]"
723.jpg,"[Appealing]"
722.jpg,"[Non-appealing]"
721.jpg,"[Appealing]"
720.jpg,"[Appealing]"
719.jpg,"[Appealing]"
718.jpg,"[Appealing]"
717.jpg,"[Appealing]"
716.jpg,"[Appealing]"
715.jpg,"[Non-appealing]"
714.jpg,"[Non-appealing]"
713.jpg,"[Appealing]"
712.jpg,"[Non-appealing]"
711.jpg,"[Non-appealing]"
710.jpg,"[Non-appealing]"
709.jpg,"[Non-appealing]"
708.jpg,"[Non-appealing]"
707.jpg,"[Non-appealing]"
706.jpg,"[Appealing]"
705.jpg,"[Non-appealing]"
704.jpg,"[Non-appealing]"
703.jpg,"[Non-appealing]"
702.jpg,"[Non-appealing]"
701.jpg,"[Appealing]"
700.jpg,"[Non-appealing]"
699.jpg,"[Non-appealing]"
698.jpg,"[Appealing]"
697.jpg,"[Appealing]"
696.jpg,"[Non-appealing]"
695.jpg,"[Appealing]"
694.jpg,"[Appealing]"
693.jpg,"[Appealing]"
692.jpg,"[Non-appealing]"
691.jpg,"[Non-appealing]"
690.jpg,"[Appealing]"
689.jpg,"[Non-appealing]"
688.jpg,"[Appealing]"
687.jpg,"[Non-appealing]"
686.jpg,"[Non-appealing]"
685.jpg,"[Non-appealing]"
684.jpg,"[Appealing]"
683.jpg,"[Appealing]"
682.jpg,"[Appealing]"
681.jpg,"[Non-appealing]"
680.jpg,"[Appealing]"
679.jpg,"[Appealing]"
678.jpg,"[Appealing]"
677.jpg,"[Appealing]"
676.jpg,"[Non-appealing]"
675.jpg,"[Appealing]"
674.jpg,"[Appealing]"
673.jpg,"[Appealing]"
672.jpg,"[Appealing]"
671.jpg,"[Non-appealing]"
670.jpg,"[Non-appealing]"
669.jpg,"[Non-appealing]"
668.jpg,"[Non-appealing]"
667.jpg,"[Non-appealing]"
666.jpg,"[Non-appealing]"
665.jpg,"[Appealing]"
664.jpg,"[Non-appealing]"
663.jpg,"[Non-appealing]"
662.jpg,"[Appealing]"
661.jpg,"[Non-appealing]"
660.jpg,"[Appealing]"
659.jpg,"[Appealing]"
658.jpg,"[Non-appealing]"
657.jpg,"[Appealing]"
656.jpg,"[Non-appealing]"
655.jpg,"[Non-appealing]"
654.jpg,"[Non-appealing]"
653.jpg,"[Appealing]"
652.jpg,"[Appealing]"
651.jpg,"[Appealing]"
650.jpg,"[Non-appealing]"
649.jpg,"[Non-appealing]"
648.jpg,"[Non-appealing]"
647.jpg,"[Non-appealing]"
646.jpg,"[Appealing]"
645.jpg,"[Non-appealing]"
644.jpg,"[Non-appealing]"
643.jpg,"[Appealing]"
642.jpg,"[Non-appealing]"
640.jpg,"[Appealing]"
639.jpg,"[Non-appealing]"
638.jpg,"[Appealing]"
637.jpg,"[Non-appealing]"
636.jpg,"[Non-appealing]"
635.jpg,"[Appealing]"
634.jpg,"[Non-appealing]"
633.jpg,"[Appealing]"
632.jpg,"[Non-appealing]"
631.jpg,"[Non-appealing]"
630.jpg,"[Non-appealing]"
629.jpg,"[Appealing]"
628.jpg,"[Non-appealing]"
627.jpg,"[Non-appealing]"
626.jpg,"[Non-appealing]"
625.jpg,"[Non-appealing]"
624.jpg,"[Non-appealing]"
623.jpg,"[Appealing]"
622.jpg,"[Appealing]"
621.jpg,"[Non-appealing]"
620.jpg,"[Non-appealing]"
619.jpg,"[Appealing]"
618.jpg,"[Appealing]"
617.jpg,"[Non-appealing]"
616.jpg,"[Appealing]"
615.jpg,"[Appealing]"
614.jpg,"[Appealing]"
613.jpg,"[Appealing]"
612.jpg,"[Non-appealing]"
611.jpg,"[Appealing]"
610.jpg,"[Appealing]"
609.jpg,"[Appealing]"
608.jpg,"[Appealing]"
607.jpg,"[Non-appealing]"
606.jpg,"[Non-appealing]"
605.jpg,"[Non-appealing]"
604.jpg,"[Appealing]"
603.jpg,"[Non-appealing]"
602.jpg,"[Appealing]"
601.jpg,"[Appealing]"
600.jpg,"[Non-appealing]"
599.jpg,"[Appealing]"
598.jpg,"[Non-appealing]"
597.jpg,"[Appealing]"
596.jpg,"[Non-appealing]"
595.jpg,"[Non-appealing]"
594.jpg,"[Appealing]"
593.jpg,"[Appealing]"
592.jpg,"[Non-appealing]"
591.jpg,"[Appealing]"
590.jpg,"[Non-appealing]"
589.jpg,"[Non-appealing]"
588.jpg,"[Non-appealing]"
587.jpg,"[Non-appealing]"
586.jpg,"[Appealing]"
585.jpg,"[Non-appealing]"
584.jpg,"[Appealing]"
583.jpg,"[Non-appealing]"
582.jpg,"[Appealing]"
581.jpg,"[Non-appealing]"
580.jpg,"[Non-appealing]"
579.jpg,"[Appealing]"
578.jpg,"[Appealing]"
577.jpg,"[Non-appealing]"
576.jpg,"[Appealing]"
575.jpg,"[Appealing]"
574.jpg,"[Appealing]"
573.jpg,"[Appealing]"
572.jpg,"[Appealing]"
571.jpg,"[Appealing]"
570.jpg,"[Appealing]"
569.jpg,"[Non-appealing]"
568.jpg,"[Non-appealing]"
567.jpg,"[Non-appealing]"
566.jpg,"[Non-appealing]"
565.jpg,"[Appealing]"
564.jpg,"[Appealing]"
563.jpg,"[Appealing]"
562.jpg,"[Non-appealing]"
561.jpg,"[Non-appealing]"
560.jpg,"[Appealing]"
559.jpg,"[Appealing]"
558.jpg,"[Non-appealing]"
557.jpg,"[Non-appealing]"
556.jpg,"[Non-appealing]"
555.jpg,"[Appealing]"
554.jpg,"[Appealing]"
553.jpg,"[Non-appealing]"
552.jpg,"[Appealing]"
551.jpg,"[Non-appealing]"
550.jpg,"[Non-appealing]"
549.jpg,"[Non-appealing]"
548.jpg,"[Appealing]"
547.jpg,"[Non-appealing]"
546.jpg,"[Non-appealing]"
545.jpg,"[Appealing]"
544.jpg,"[Appealing]"
543.jpg,"[Non-appealing]"
542.jpg,"[Non-appealing]"
541.jpg,"[Appealing]"
540.jpg,"[Non-appealing]"
539.jpg,"[Non-appealing]"
538.jpg,"[Appealing]"
537.jpg,"[Non-appealing]"
536.jpg,"[Appealing]"
535.jpg,"[Appealing]"
534.jpg,"[Non-appealing]"
533.jpg,"[Non-appealing]"
532.jpg,"[Non-appealing]"
531.jpg,"[Appealing]"
530.jpg,"[Appealing]"
529.jpg,"[Non-appealing]"
528.jpg,"[Appealing]"
527.jpg,"[Non-appealing]"
526.jpg,"[Non-appealing]"
525.jpg,"[Non-appealing]"
524.jpg,"[Appealing]"
523.jpg,"[Non-appealing]"
522.jpg,"[Non-appealing]"
521.jpg,"[Non-appealing]"
520.jpg,"[Non-appealing]"
519.jpg,"[Non-appealing]"
518.jpg,"[Appealing]"
517.jpg,"[Non-appealing]"
516.jpg,"[Appealing]"
515.jpg,"[Appealing]"
514.jpg,"[Non-appealing]"
513.jpg,"[Appealing]"
512.jpg,"[Non-appealing]"
511.jpg,"[Appealing]"
510.jpg,"[Appealing]"
509.jpg,"[Non-appealing]"
508.jpg,"[Non-appealing]"
507.jpg,"[Non-appealing]"
506.jpg,"[Non-appealing]"
505.jpg,"[Non-appealing]"
504.jpg,"[Appealing]"
503.jpg,"[Appealing]"
502.jpg,"[Appealing]"
501.jpg,"[Appealing]"