2.jpg,[Appealing]
3.jpg,[Appealing]
5.jpg,[Non-appealing]
9.jpg,[Appealing]
12.jpg,[Non-appealing]
13.jpg,[Non-appealing]
14.jpg,[Appealing]
18.jpg,[Non-appealing]
19.jpg,[Appealing]
20.jpg,[Non-appealing]
21.jpg,[Non-appealing]
24.jpg,[Non-appealing]
25.jpg,[Non-appealing]
32.jpg,[Non-appealing]
33.jpg,[Non-appealing]
35.jpg,[Non-appealing]
38.jpg,[Appealing]
43.jpg,[Non-appealing]
46.jpg,[Non-appealing]
47.jpg,[Non-appealing]
48.jpg,[Non-appealing]
50.jpg,[Non-appealing]
51.jpg,[Appealing]
53.jpg,[Non-appealing]
54.jpg,[Appealing]
55.jpg,[Non-appealing]
57.jpg,[Non-appealing]
58.jpg,[Non-appealing]
60.jpg,[Appealing]
62.jpg,[Non-appealing]
63.jpg,[Non-appealing]
64.jpg,[Appealing]
65.jpg,[Non-appealing]
67.jpg,[Non-appealing]
68.jpg,[Non-appealing]
70.jpg,[Non-appealing]
71.jpg,[Appealing]
72.jpg,[Non-appealing]
73.jpg,[Non-appealing]
79.jpg,[Non-appealing]
82.jpg,[Non-appealing]
84.jpg,[Non-appealing]
87.jpg,[Non-appealing]
88.jpg,[Non-appealing]
90.jpg,[Non-appealing]
94.jpg,[Appealing]
95.jpg,[Non-appealing]
96.jpg,[Appealing]
103.jpg,[Non-appealing]
104.jpg,[Non-appealing]
105.jpg,[Non-appealing]
106.jpg,[Non-appealing]
113.jpg,[Non-appealing]
117.jpg,[Non-appealing]
121.jpg,[Non-appealing]
124.jpg,[Non-appealing]
127.jpg,[Appealing]
129.jpg,[Non-appealing]
130.jpg,[Non-appealing]
131.jpg,[Non-appealing]
132.jpg,[Non-appealing]
135.jpg,[Appealing]
137.jpg,[Non-appealing]
138.jpg,[Appealing]
140.jpg,[Non-appealing]
141.jpg,[Non-appealing]
142.jpg,[Non-appealing]
143.jpg,[Non-appealing]
145.jpg,[Appealing]
147.jpg,[Non-appealing]
148.jpg,[Appealing]
151.jpg,[Non-appealing]
156.jpg,[Non-appealing]
159.jpg,[Non-appealing]
160.jpg,[Non-appealing]
161.jpg,[Non-appealing]
,
163.jpg,[Non-appealing]
166.jpg,[Non-appealing]
167.jpg,[Non-appealing]
169.jpg,[Appealing]
172.jpg,[Appealing]
173.jpg,[Non-appealing]
175.jpg,[Non-appealing]
177.jpg,[Non-appealing]
178.jpg,[Non-appealing]
182.jpg,[Non-appealing]
183.jpg,[Appealing]
186.jpg,[Appealing]
187.jpg,[Non-appealing]
188.jpg,[Non-appealing]
189.jpg,[Non-appealing]
192.jpg,[Non-appealing]
195.jpg,[Appealing]
199.jpg,[Non-appealing]
201.jpg,[Non-appealing]
202.jpg,[Non-appealing]
204.jpg,[Non-appealing]
205.jpg,[Non-appealing]
206.jpg,[Appealing]
208.jpg,[Non-appealing]
209.jpg,[Non-appealing]
210.jpg,[Appealing]
211.jpg,[Appealing]
215.jpg,[Non-appealing]
219.jpg,[Non-appealing]
220.jpg,[Non-appealing]
221.jpg,[Appealing]
225.jpg,[Non-appealing]
226.jpg,[Non-appealing]
227.jpg,[Appealing]
235.jpg,[Non-appealing]
237.jpg,[Appealing]
238.jpg,[Non-appealing]
239.jpg,[Non-appealing]
240.jpg,[Appealing]
242.jpg,[Non-appealing]
245.jpg,[Non-appealing]
251.jpg,[Non-appealing]
252.jpg,[Non-appealing]
255.jpg,[Appealing]
256.jpg,[Non-appealing]
257.jpg,[Non-appealing]
258.jpg,[Non-appealing]
259.jpg,[Appealing]
261.jpg,[Non-appealing]
264.jpg,[Non-appealing]
266.jpg,[Non-appealing]
272.jpg,[Non-appealing]
278.jpg,[Non-appealing]
279.jpg,[Non-appealing]
280.jpg,[Non-appealing]
281.jpg,[Appealing]
286.jpg,[Non-appealing]
290.jpg,[Non-appealing]
291.jpg,[Non-appealing]
292.jpg,[Non-appealing]
294.jpg,[Non-appealing]
297.jpg,[Non-appealing]
298.jpg,[Non-appealing]
301.jpg,[Non-appealing]
304.jpg,[Non-appealing]
306.jpg,[Non-appealing]
309.jpg,[Non-appealing]
310.jpg,[Appealing]
312.jpg,[Appealing]
313.jpg,[Appealing]
315.jpg,[Appealing]
318.jpg,[Non-appealing]
319.jpg,[Appealing]
322.jpg,[Appealing]
324.jpg,[Appealing]
325.jpg,[Non-appealing]
326.jpg,[Appealing]
327.jpg,[Non-appealing]
328.jpg,[Non-appealing]
330.jpg,[Appealing]
333.jpg,[Non-appealing]
340.jpg,[Non-appealing]
344.jpg,[Non-appealing]
345.jpg,[Appealing]
350.jpg,[Appealing]
351.jpg,[Appealing]
352.jpg,[Non-appealing]
353.jpg,[Non-appealing]
354.jpg,[Non-appealing]
358.jpg,[Non-appealing]
360.jpg,[Non-appealing]
361.jpg,[Appealing]
365.jpg,[Non-appealing]
374.jpg,[Appealing]
379.jpg,[Non-appealing]
380.jpg,[Non-appealing]
381.jpg,[Non-appealing]
383.jpg,[Non-appealing]
385.jpg,[Non-appealing]
386.jpg,[Appealing]
391.jpg,[Non-appealing]
392.jpg,[Non-appealing]
394.jpg,[Non-appealing]
396.jpg,[Non-appealing]
398.jpg,[Non-appealing]
405.jpg,[Non-appealing]
407.jpg,[Non-appealing]
408.jpg,[Non-appealing]
409.jpg,[Non-appealing]
411.jpg,[Non-appealing]
412.jpg,[Non-appealing]
413.jpg,[Non-appealing]
416.jpg,[Non-appealing]
417.jpg,[Appealing]
419.jpg,[Non-appealing]
420.jpg,[Appealing]
421.jpg,[Non-appealing]
428.jpg,[Non-appealing]
430.jpg,[Non-appealing]
432.jpg,[Non-appealing]
433.jpg,[Appealing]
434.jpg,[Non-appealing]
435.jpg,[Non-appealing]
438.jpg,[Non-appealing]
444.jpg,[Non-appealing]
446.jpg,[Non-appealing]
457.jpg,[Non-appealing]
459.jpg,[Non-appealing]
460.jpg,[Non-appealing]
461.jpg,[Non-appealing]
462.jpg,[Non-appealing]
464.jpg,[Appealing]
468.jpg,[Non-appealing]
471.jpg,[Non-appealing]
475.jpg,[Non-appealing]
476.jpg,[Non-appealing]
478.jpg,[Non-appealing]
480.jpg,[Non-appealing]
481.jpg,[Appealing]
482.jpg,[Non-appealing]
483.jpg,[Appealing]
484.jpg,[Appealing]
485.jpg,[Non-appealing]
486.jpg,[Appealing]
490.jpg,[Non-appealing]
491.jpg,[Non-appealing]
492.jpg,[Non-appealing]
497.jpg,[Non-appealing]
499.jpg,[Non-appealing]
500.jpg,[Non-appealing]
78.jpg,[Appealing]
107.jpg,[Appealing]
155.jpg,[Non-appealing]
230.jpg,[Appealing]
233.jpg,[Appealing]
236.jpg,[Non-appealing]
262.jpg,[Non-appealing]
265.jpg,[Appealing]
388.jpg,[Non-appealing]
418.jpg,[Non-appealing]
426.jpg,[Appealing]
463.jpg,[Appealing]
27.jpg,[Non-appealing]
36.jpg,[Non-appealing]
93.jpg,[Non-appealing]
99.jpg,[Non-appealing]
214.jpg,[Appealing]
246.jpg,[Non-appealing]
287.jpg,[Appealing]
289.jpg,[Appealing]
334.jpg,[Appealing]
346.jpg,[Appealing]
370.jpg,[Appealing]
375.jpg,[Appealing]
376.jpg,[Appealing]
458.jpg,[Non-appealing]
470.jpg,[Non-appealing]
473.jpg,[Appealing]
11.jpg,[Non-appealing]
15.jpg,[Non-appealing]
23.jpg,[Non-appealing]
31.jpg,[Non-appealing]
61.jpg,[Non-appealing]
69.jpg,[Non-appealing]
76.jpg,[Appealing]
77.jpg,[Non-appealing]
80.jpg,[Non-appealing]
81.jpg,[Non-appealing]
91.jpg,[Non-appealing]
92.jpg,[Non-appealing]
98.jpg,[Appealing]
100.jpg,[Appealing]
111.jpg,[Appealing]
118.jpg,[Non-appealing]
122.jpg,[Non-appealing]
146.jpg,[Non-appealing]
149.jpg,[Non-appealing]
152.jpg,[Appealing]
157.jpg,[Non-appealing]
196.jpg,[Non-appealing]
198.jpg,[Non-appealing]
232.jpg,[Non-appealing]
234.jpg,[Non-appealing]
241.jpg,[Non-appealing]
248.jpg,[Non-appealing]
260.jpg,[Non-appealing]
276.jpg,[Non-appealing]
283.jpg,[Non-appealing]
299.jpg,[Non-appealing]
347.jpg,[Non-appealing]
355.jpg,[Non-appealing]
357.jpg,[Non-appealing]
363.jpg,[Non-appealing]
371.jpg,[Non-appealing]
373.jpg,[Non-appealing]
378.jpg,[Non-appealing]
399.jpg,[Appealing]
406.jpg,[Non-appealing]
414.jpg,[Non-appealing]
415.jpg,[Non-appealing]
424.jpg,[Non-appealing]
429.jpg,[Non-appealing]
445.jpg,[Non-appealing]
447.jpg,[Non-appealing]
454.jpg,[Non-appealing]
488.jpg,[Non-appealing]
493.jpg,[Non-appealing]
16.jpg,[Appealing]
17.jpg,[Appealing]
22.jpg,[Appealing]
42.jpg,[Appealing]
66.jpg,[Appealing]
74.jpg,[Appealing]
85.jpg,[Appealing]
89.jpg,[Appealing]
110.jpg,[Non-appealing]
116.jpg,[Appealing]
144.jpg,[Appealing]
154.jpg,[Appealing]
174.jpg,[Non-appealing]
184.jpg,[Appealing]
191.jpg,[Appealing]
193.jpg,[Appealing]
217.jpg,[Appealing]
218.jpg,[Non-appealing]
228.jpg,[Non-appealing]
231.jpg,[Appealing]
244.jpg,[Non-appealing]
249.jpg,[Appealing]
250.jpg,[Appealing]
253.jpg,[Appealing]
267.jpg,[Non-appealing]
269.jpg,[Appealing]
273.jpg,[Appealing]
275.jpg,[Appealing]
277.jpg,[Appealing]
285.jpg,[Appealing]
305.jpg,[Appealing]
316.jpg,[Appealing]
320.jpg,[Appealing]
338.jpg,[Appealing]
343.jpg,[Appealing]
348.jpg,[Appealing]
359.jpg,[Appealing]
389.jpg,[Non-appealing]
395.jpg,[Non-appealing]
400.jpg,[Appealing]
410.jpg,[Appealing]
422.jpg,[Appealing]
427.jpg,[Appealing]
439.jpg,[Appealing]
440.jpg,[Appealing]
442.jpg,[Appealing]
448.jpg,[Non-appealing]
451.jpg,[Appealing]
453.jpg,[Appealing]
455.jpg,[Appealing]
456.jpg,[Appealing]
474.jpg,[Appealing]
477.jpg,[Appealing]
489.jpg,[Appealing]
494.jpg,[Appealing]
495.jpg,[Appealing]
4.jpg,[Appealing]
6.jpg,[Appealing]
7.jpg,[Appealing]
8.jpg,[Appealing]
10.jpg,[Appealing]
26.jpg,[Appealing]
28.jpg,[Appealing]
29.jpg,[Appealing]
34.jpg,[Appealing]
37.jpg,[Appealing]
39.jpg,[Appealing]
40.jpg,[Appealing]
41.jpg,[Appealing]
56.jpg,[Appealing]
75.jpg,[Appealing]
83.jpg,[Appealing]
86.jpg,[Non-appealing]
97.jpg,[Appealing]
102.jpg,[Appealing]
108.jpg,[Appealing]
109.jpg,[Appealing]
112.jpg,[Appealing]
114.jpg,[Appealing]
115.jpg,[Appealing]
119.jpg,[Appealing]
120.jpg,[Appealing]
123.jpg,[Appealing]
125.jpg,[Appealing]
126.jpg,[Appealing]
134.jpg,[Appealing]
136.jpg,[Non-appealing]
139.jpg,[Appealing]
153.jpg,[Appealing]
158.jpg,[Appealing]
164.jpg,[Appealing]
165.jpg,[Appealing]
168.jpg,[Appealing]
171.jpg,[Appealing]
176.jpg,[Appealing]
179.jpg,[Appealing]
181.jpg,[Appealing]
185.jpg,[Appealing]
190.jpg,[Appealing]
194.jpg,[Appealing]
197.jpg,[Appealing]
200.jpg,[Appealing]
203.jpg,[Appealing]
207.jpg,[Appealing]
212.jpg,[Appealing]
216.jpg,[Appealing]
222.jpg,[Appealing]
223.jpg,[Appealing]
224.jpg,[Non-appealing]
229.jpg,[Appealing]
243.jpg,[Appealing]
247.jpg,[Appealing]
254.jpg,[Appealing]
263.jpg,[Appealing]
268.jpg,[Appealing]
270.jpg,[Appealing]
271.jpg,[Appealing]
274.jpg,[Appealing]
282.jpg,[Appealing]
284.jpg,[Appealing]
293.jpg,[Appealing]
295.jpg,[Appealing]
296.jpg,[Appealing]
300.jpg,[Appealing]
302.jpg,[Appealing]
303.jpg,[Appealing]
307.jpg,[Appealing]
308.jpg,[Appealing]
311.jpg,[Appealing]
314.jpg,[Appealing]
317.jpg,[Appealing]
321.jpg,[Appealing]
323.jpg,[Appealing]
329.jpg,[Appealing]
331.jpg,[Appealing]
332.jpg,[Appealing]
336.jpg,[Appealing]
339.jpg,[Appealing]
341.jpg,[Appealing]
342.jpg,[Appealing]
349.jpg,[Appealing]
356.jpg,[Appealing]
364.jpg,[Appealing]
366.jpg,[Appealing]
369.jpg,[Appealing]
372.jpg,[Appealing]
377.jpg,[Appealing]
382.jpg,[Appealing]
384.jpg,[Non-appealing]
387.jpg,[Appealing]
390.jpg,[Appealing]
393.jpg,[Appealing]
397.jpg,[Appealing]
401.jpg,[Appealing]
402.jpg,[Appealing]
403.jpg,[Appealing]
404.jpg,[Appealing]
423.jpg,[Appealing]
425.jpg,[Appealing]
431.jpg,[Appealing]
436.jpg,[Appealing]
437.jpg,[Appealing]
441.jpg,[Appealing]
443.jpg,[Appealing]
449.jpg,[Appealing]
450.jpg,[Appealing]
452.jpg,[Appealing]
465.jpg,[Appealing]
466.jpg,[Appealing]
467.jpg,[Appealing]
469.jpg,[Appealing]
472.jpg,[Appealing]
479.jpg,[Appealing]
487.jpg,[Appealing]
496.jpg,[Appealing]
498.jpg,[Appealing]
150.jpg,[Appealing]
30.jpg,[Appealing]
45.jpg,[Non-appealing]
52.jpg,[Non-appealing]
133.jpg,[Appealing]
180.jpg,[Non-appealing]
335.jpg,[Non-appealing]
368.jpg,[Non-appealing]
44.jpg,[Appealing]
49.jpg,[Appealing]
59.jpg,[Appealing]
101.jpg,[Appealing]
170.jpg,[Appealing]
288.jpg,[Non-appealing]
213.jpg,[Non-appealing]
362.jpg,[Non-appealing]
1.jpg,[Non-appealing]
128.jpg,[Appealing]
337.jpg,[Non-appealing]
367.jpg,[Non-appealing]