1.jpg,"[Appealing]"
2.jpg,"[Non-appealing]"
3.jpg,"[Appealing]"
4.jpg,"[Appealing]"
6.jpg,"[Non-appealing]"
7.jpg,"[Appealing]"
8.jpg,"[Appealing]"
9.jpg,"[Appealing]"
10.jpg,"[Appealing]"
11.jpg,"[Non-appealing]"
13.jpg,"[Non-appealing]"
14.jpg,"[Appealing]"
15.jpg,"[Appealing]"
16.jpg,"[Appealing]"
17.jpg,"[Appealing]"
18.jpg,"[Appealing]"
19.jpg,"[Appealing]"
20.jpg,"[Appealing]"
22.jpg,"[Appealing]"
23.jpg,"[Appealing]"
24.jpg,"[Appealing]"
25.jpg,"[Non-appealing]"
26.jpg,"[Appealing]"
27.jpg,"[Non-appealing]"
28.jpg,"[Appealing]"
29.jpg,"[Non-appealing]"
30.jpg,"[Appealing]"
31.jpg,"[Non-appealing]"
32.jpg,"[Non-appealing]"
33.jpg,"[Non-appealing]"
34.jpg,"[Appealing]"
36.jpg,"[Non-appealing]"
37.jpg,"[Appealing]"
38.jpg,"[Appealing]"
39.jpg,"[Appealing]"
40.jpg,"[Appealing]"
41.jpg,"[Appealing]"
42.jpg,"[Appealing]"
44.jpg,"[Appealing]"
45.jpg,"[Appealing]"
47.jpg,"[Non-appealing]"
48.jpg,"[Non-appealing]"
49.jpg,"[Non-appealing]"
51.jpg,"[Appealing]"
52.jpg,"[Appealing]"
53.jpg,"[Appealing]"
55.jpg,"[Appealing]"
56.jpg,"[Appealing]"
57.jpg,"[Non-appealing]"
58.jpg,"[Appealing]"
59.jpg,"[Appealing]"
61.jpg,"[Appealing]"
63.jpg,"[Appealing]"
64.jpg,"[Appealing]"
66.jpg,"[Appealing]"
67.jpg,"[Non-appealing]"
69.jpg,"[Non-appealing]"
71.jpg,"[Non-appealing]"
72.jpg,"[Appealing]"
73.jpg,"[Appealing]"
74.jpg,"[Appealing]"
75.jpg,"[Appealing]"
76.jpg,"[Appealing]"
77.jpg,"[Non-appealing]"
78.jpg,"[Appealing]"
79.jpg,"[Appealing]"
80.jpg,"[Non-appealing]"
81.jpg,"[Non-appealing]"
82.jpg,"[Appealing]"
83.jpg,"[Appealing]"
84.jpg,"[Appealing]"
85.jpg,"[Appealing]"
86.jpg,"[Appealing]"
88.jpg,"[Non-appealing]"
89.jpg,"[Appealing]"
90.jpg,"[Appealing]"
91.jpg,"[Non-appealing]"
92.jpg,"[Appealing]"
93.jpg,"[Non-appealing]"
94.jpg,"[Appealing]"
95.jpg,"[Non-appealing]"
96.jpg,"[Appealing]"
97.jpg,"[Appealing]"
99.jpg,"[Non-appealing]"
100.jpg,"[Appealing]"
101.jpg,"[Appealing]"
102.jpg,"[Appealing]"
103.jpg,"[Non-appealing]"
104.jpg,"[Appealing]"
105.jpg,"[Non-appealing]"
106.jpg,"[Non-appealing]"
107.jpg,"[Appealing]"
108.jpg,"[Appealing]"
109.jpg,"[Appealing]"
110.jpg,"[Non-appealing]"
111.jpg,"[Appealing]"
112.jpg,"[Appealing]"
113.jpg,"[Appealing]"
114.jpg,"[Appealing]"
115.jpg,"[Appealing]"
116.jpg,"[Appealing]"
118.jpg,"[Appealing]"
119.jpg,"[Appealing]"
120.jpg,"[Appealing]"
121.jpg,"[Appealing]"
122.jpg,"[Appealing]"
123.jpg,"[Appealing]"
124.jpg,"[Non-appealing]"
125.jpg,"[Appealing]"
126.jpg,"[Non-appealing]"
128.jpg,"[Appealing]"
129.jpg,"[Appealing]"
130.jpg,"[Non-appealing]"
132.jpg,"[Appealing]"
133.jpg,"[Non-appealing]"
134.jpg,"[Appealing]"
135.jpg,"[Non-appealing]"
136.jpg,"[Appealing]"
137.jpg,"[Appealing]"
138.jpg,"[Appealing]"
139.jpg,"[Appealing]"
140.jpg,"[Appealing]"
141.jpg,"[Appealing]"
142.jpg,"[Appealing]"
143.jpg,"[Non-appealing]"
144.jpg,"[Appealing]"
145.jpg,"[Appealing]"
146.jpg,"[Non-appealing]"
147.jpg,"[Appealing]"
148.jpg,"[Appealing]"
149.jpg,"[Non-appealing]"
150.jpg,"[Appealing]"
151.jpg,"[Non-appealing]"
152.jpg,"[Appealing]"
153.jpg,"[Appealing]"
154.jpg,"[Appealing]"
155.jpg,"[Non-appealing]"
156.jpg,"[Appealing]"
157.jpg,"[Appealing]"
158.jpg,"[Appealing]"
159.jpg,"[Appealing]"
161.jpg,"[Non-appealing]"

163.jpg,"[Appealing]"
164.jpg,"[Appealing]"
165.jpg,"[Appealing]"
166.jpg,"[Appealing]"
167.jpg,"[Appealing]"
168.jpg,"[Appealing]"
169.jpg,"[Appealing]"
170.jpg,"[Appealing]"
172.jpg,"[Appealing]"
173.jpg,"[Appealing]"
174.jpg,"[Appealing]"
175.jpg,"[Non-appealing]"
176.jpg,"[Appealing]"
178.jpg,"[Appealing]"
179.jpg,"[Appealing]"
180.jpg,"[Appealing]"
181.jpg,"[Appealing]"
183.jpg,"[Appealing]"
184.jpg,"[Appealing]"
185.jpg,"[Appealing]"
186.jpg,"[Appealing]"
187.jpg,"[Non-appealing]"
189.jpg,"[Non-appealing]"
190.jpg,"[Appealing]"
191.jpg,"[Non-appealing]"
192.jpg,"[Non-appealing]"
193.jpg,"[Non-appealing]"
194.jpg,"[Appealing]"
195.jpg,"[Appealing]"
196.jpg,"[Non-appealing]"
197.jpg,"[Appealing]"
198.jpg,"[Appealing]"
200.jpg,"[Appealing]"
201.jpg,"[Non-appealing]"
202.jpg,"[Non-appealing]"
203.jpg,"[Appealing]"
205.jpg,"[Appealing]"
206.jpg,"[Appealing]"
207.jpg,"[Appealing]"
208.jpg,"[Non-appealing]"
209.jpg,"[Non-appealing]"
210.jpg,"[Non-appealing]"
211.jpg,"[Appealing]"
212.jpg,"[Appealing]"
213.jpg,"[Non-appealing]"
214.jpg,"[Appealing]"
216.jpg,"[Appealing]"
217.jpg,"[Appealing]"
218.jpg,"[Appealing]"
219.jpg,"[Non-appealing]"
220.jpg,"[Non-appealing]"
221.jpg,"[Appealing]"
222.jpg,"[Appealing]"
223.jpg,"[Appealing]"
224.jpg,"[Non-appealing]"
225.jpg,"[Non-appealing]"
228.jpg,"[Appealing]"
229.jpg,"[Appealing]"
230.jpg,"[Appealing]"
231.jpg,"[Appealing]"
232.jpg,"[Appealing]"
233.jpg,"[Non-appealing]"
234.jpg,"[Non-appealing]"
235.jpg,"[Non-appealing]"
236.jpg,"[Non-appealing]"
237.jpg,"[Non-appealing]"
238.jpg,"[Non-appealing]"
239.jpg,"[Appealing]"
241.jpg,"[Non-appealing]"
243.jpg,"[Appealing]"
244.jpg,"[Appealing]"
246.jpg,"[Non-appealing]"
247.jpg,"[Appealing]"
248.jpg,"[Non-appealing]"
249.jpg,"[Appealing]"
250.jpg,"[Appealing]"
252.jpg,"[Appealing]"
253.jpg,"[Appealing]"
254.jpg,"[Appealing]"
255.jpg,"[Non-appealing]"
256.jpg,"[Non-appealing]"
257.jpg,"[Non-appealing]"
258.jpg,"[Non-appealing]"
259.jpg,"[Appealing]"
260.jpg,"[Non-appealing]"
261.jpg,"[Non-appealing]"
262.jpg,"[Non-appealing]"
263.jpg,"[Appealing]"
264.jpg,"[Appealing]"
265.jpg,"[Non-appealing]"
266.jpg,"[Non-appealing]"
267.jpg,"[Non-appealing]"
268.jpg,"[Appealing]"
269.jpg,"[Appealing]"
270.jpg,"[Appealing]"
271.jpg,"[Appealing]"
273.jpg,"[Appealing]"
274.jpg,"[Appealing]"
275.jpg,"[Appealing]"
276.jpg,"[Non-appealing]"
277.jpg,"[Appealing]"
278.jpg,"[Appealing]"
280.jpg,"[Non-appealing]"
281.jpg,"[Appealing]"
282.jpg,"[Non-appealing]"
283.jpg,"[Non-appealing]"
284.jpg,"[Appealing]"
285.jpg,"[Appealing]"
286.jpg,"[Non-appealing]"
287.jpg,"[Appealing]"
288.jpg,"[Non-appealing]"
289.jpg,"[Appealing]"
290.jpg,"[Non-appealing]"
291.jpg,"[Appealing]"
293.jpg,"[Appealing]"
294.jpg,"[Non-appealing]"
295.jpg,"[Non-appealing]"
296.jpg,"[Appealing]"
297.jpg,"[Appealing]"
298.jpg,"[Non-appealing]"
299.jpg,"[Non-appealing]"
300.jpg,"[Non-appealing]"
302.jpg,"[Appealing]"
303.jpg,"[Appealing]"
304.jpg,"[Appealing]"
305.jpg,"[Appealing]"
307.jpg,"[Non-appealing]"
308.jpg,"[Appealing]"
310.jpg,"[Appealing]"
311.jpg,"[Non-appealing]"
312.jpg,"[Non-appealing]"
313.jpg,"[Non-appealing]"
314.jpg,"[Non-appealing]"
315.jpg,"[Non-appealing]"
316.jpg,"[Appealing]"
317.jpg,"[Appealing]"
318.jpg,"[Appealing]"
319.jpg,"[Appealing]"
320.jpg,"[Appealing]"
321.jpg,"[Appealing]"
322.jpg,"[Appealing]"
323.jpg,"[Appealing]"
324.jpg,"[Appealing]"
325.jpg,"[Non-appealing]"
326.jpg,"[Appealing]"
327.jpg,"[Appealing]"
328.jpg,"[Appealing]"
329.jpg,"[Appealing]"
330.jpg,"[Appealing]"
331.jpg,"[Appealing]"
332.jpg,"[Appealing]"
333.jpg,"[Appealing]"
334.jpg,"[Non-appealing]"
335.jpg,"[Non-appealing]"
336.jpg,"[Appealing]"
337.jpg,"[Non-appealing]"
338.jpg,"[Appealing]"
339.jpg,"[Appealing]"
341.jpg,"[Appealing]"
342.jpg,"[Appealing]"
343.jpg,"[Appealing]"
344.jpg,"[Non-appealing]"
345.jpg,"[Appealing]"
346.jpg,"[Appealing]"
347.jpg,"[Non-appealing]"
348.jpg,"[Non-appealing]"
349.jpg,"[Non-appealing]"
351.jpg,"[Appealing]"
352.jpg,"[Non-appealing]"
354.jpg,"[Non-appealing]"
355.jpg,"[Non-appealing]"
356.jpg,"[Non-appealing]"
357.jpg,"[Non-appealing]"
358.jpg,"[Non-appealing]"
359.jpg,"[Non-appealing]"
360.jpg,"[Non-appealing]"
361.jpg,"[Appealing]"
362.jpg,"[Non-appealing]"
363.jpg,"[Non-appealing]"
364.jpg,"[Appealing]"
366.jpg,"[Appealing]"
367.jpg,"[Appealing]"
368.jpg,"[Appealing]"
369.jpg,"[Appealing]"
370.jpg,"[Non-appealing]"
371.jpg,"[Appealing]"
372.jpg,"[Appealing]"
373.jpg,"[Non-appealing]"
374.jpg,"[Appealing]"
375.jpg,"[Appealing]"
376.jpg,"[Non-appealing]"
377.jpg,"[Appealing]"
378.jpg,"[Non-appealing]"
379.jpg,"[Non-appealing]"
380.jpg,"[Non-appealing]"
381.jpg,"[Non-appealing]"
382.jpg,"[Appealing]"
383.jpg,"[Non-appealing]"
384.jpg,"[Non-appealing]"
387.jpg,"[Appealing]"
388.jpg,"[Appealing]"
389.jpg,"[Non-appealing]"
390.jpg,"[Appealing]"
391.jpg,"[Appealing]"
392.jpg,"[Non-appealing]"
393.jpg,"[Appealing]"
394.jpg,"[Non-appealing]"
395.jpg,"[Non-appealing]"
396.jpg,"[Non-appealing]"
397.jpg,"[Appealing]"
399.jpg,"[Appealing]"
400.jpg,"[Appealing]"
401.jpg,"[Appealing]"
402.jpg,"[Appealing]"
403.jpg,"[Appealing]"
404.jpg,"[Appealing]"
405.jpg,"[Non-appealing]"
406.jpg,"[Non-appealing]"
407.jpg,"[Non-appealing]"
408.jpg,"[Non-appealing]"
409.jpg,"[Non-appealing]"
410.jpg,"[Appealing]"
412.jpg,"[Non-appealing]"
414.jpg,"[Non-appealing]"
415.jpg,"[Non-appealing]"
416.jpg,"[Non-appealing]"
418.jpg,"[Non-appealing]"
419.jpg,"[Appealing]"
420.jpg,"[Appealing]"
421.jpg,"[Non-appealing]"
422.jpg,"[Appealing]"
423.jpg,"[Non-appealing]"
424.jpg,"[Non-appealing]"
425.jpg,"[Non-appealing]"
426.jpg,"[Non-appealing]"
427.jpg,"[Appealing]"
428.jpg,"[Non-appealing]"
429.jpg,"[Non-appealing]"
430.jpg,"[Non-appealing]"
431.jpg,"[Appealing]"
432.jpg,"[Appealing]"
433.jpg,"[Appealing]"
434.jpg,"[Non-appealing]"
436.jpg,"[Appealing]"
437.jpg,"[Non-appealing]"
438.jpg,"[Non-appealing]"
439.jpg,"[Appealing]"
440.jpg,"[Non-appealing]"
441.jpg,"[Appealing]"
442.jpg,"[Appealing]"
443.jpg,"[Appealing]"
446.jpg,"[Non-appealing]"
447.jpg,"[Non-appealing]"
448.jpg,"[Non-appealing]"
449.jpg,"[Non-appealing]"
450.jpg,"[Appealing]"
451.jpg,"[Appealing]"
452.jpg,"[Appealing]"
453.jpg,"[Appealing]"
454.jpg,"[Non-appealing]"
455.jpg,"[Appealing]"
456.jpg,"[Appealing]"
457.jpg,"[Non-appealing]"
458.jpg,"[Appealing]"
460.jpg,"[Appealing]"
462.jpg,"[Non-appealing]"
463.jpg,"[Non-appealing]"
464.jpg,"[Non-appealing]"
465.jpg,"[Appealing]"
466.jpg,"[Appealing]"
467.jpg,"[Appealing]"
468.jpg,"[Appealing]"
469.jpg,"[Appealing]"
470.jpg,"[Appealing]"
471.jpg,"[Non-appealing]"
472.jpg,"[Appealing]"
473.jpg,"[Non-appealing]"
474.jpg,"[Appealing]"
475.jpg,"[Appealing]"
476.jpg,"[Non-appealing]"
477.jpg,"[Appealing]"
479.jpg,"[Appealing]"
480.jpg,"[Non-appealing]"
481.jpg,"[Non-appealing]"
482.jpg,"[Non-appealing]"
483.jpg,"[Appealing]"
484.jpg,"[Non-appealing]"
485.jpg,"[Appealing]"
486.jpg,"[Appealing]"
487.jpg,"[Appealing]"
488.jpg,"[Non-appealing]"
489.jpg,"[Appealing]"
490.jpg,"[Non-appealing]"
491.jpg,"[Non-appealing]"
492.jpg,"[Non-appealing]"
493.jpg,"[Non-appealing]"
494.jpg,"[Appealing]"
495.jpg,"[Non-appealing]"
496.jpg,"[Appealing]"
498.jpg,"[Non-appealing]"
54.jpg,"[Non-appealing]"
445.jpg,"[Non-appealing]"
35.jpg,"[Non-appealing]"
188.jpg,"[Non-appealing]"
301.jpg,"[Non-appealing]"
309.jpg,"[Non-appealing]"
340.jpg,"[Appealing]"
500.jpg,"[Non-appealing]"
499.jpg,"[Non-appealing]"
461.jpg,"[Appealing]"
60.jpg,"[Appealing]"
417.jpg,"[Appealing]"
87.jpg,"[Non-appealing]"
497.jpg,"[Non-appealing]"
199.jpg,"[Non-appealing]"
306.jpg,"[Non-appealing]"
171.jpg,"[Appealing]"
98.jpg,"[Non-appealing]"
5.jpg,"[Non-appealing]"
12.jpg,"[Non-appealing]"
21.jpg,"[Non-appealing]"
43.jpg,"[Non-appealing]"
46.jpg,"[Non-appealing]"
50.jpg,"[Appealing]"
62.jpg,"[Appealing]"
65.jpg,"[Non-appealing]"
68.jpg,"[Non-appealing]"
70.jpg,"[Appealing]"
117.jpg,"[Non-appealing]"
127.jpg,"[Appealing]"
131.jpg,"[Non-appealing]"
160.jpg,"[Non-appealing]"
177.jpg,"[Non-appealing]"
182.jpg,"[Non-appealing]"
204.jpg,"[Non-appealing]"
226.jpg,"[Appealing]"
240.jpg,"[Appealing]"
242.jpg,"[Non-appealing]"
245.jpg,"[Non-appealing]"
251.jpg,"[Non-appealing]"
272.jpg,"[Appealing]"
279.jpg,"[Non-appealing]"
292.jpg,"[Non-appealing]"
353.jpg,"[Non-appealing]"
365.jpg,"[Appealing]"
385.jpg,"[Appealing]"
386.jpg,"[Appealing]"
398.jpg,"[Non-appealing]"
411.jpg,"[Appealing]"
435.jpg,"[Appealing]"
444.jpg,"[Non-appealing]"
459.jpg,"[Non-appealing]"
478.jpg,"[Non-appealing]"
227.jpg,"[Non-appealing]"
413.jpg,"[Non-appealing]"
215.jpg,"[Non-appealing]"
350.jpg,"[Appealing]"