Formal,203-resource_document_zuiderzeemuseum_B001601_1.jpeg,3600,3020
Informal,285-gam19649_1.jpeg,1024,801
Formal,07101-O_389_1.jpeg,3781,5000
Informal,07101-O_927_1.jpeg,5000,3868
Formal,07101-O_957_1.jpeg,4518,2942
Formal,07101-O_2174_1.jpeg,5000,4281
Formal,07101-O_2444_1.jpeg,3706,5000
Formal,07101-O_2524_1.jpeg,5000,3421
Formal,07101-O_2605_1.jpeg,5000,4142
Formal,07101-O_2660_1.jpeg,4008,5000
Informal,07101-O_3844_1.jpeg,5000,3466
Informal,07101-O_3908_1.jpeg,5000,4165
Formal,07101-O_4536_1.jpeg,5000,4199
Informal,07101-O_5266_1.jpeg,4058,5000
Informal,07101-O_5463_1.jpeg,5000,4025
Formal,07101-O_6357_1.jpeg,4029,5000
Informal,07101-UP_DK_2797_1.jpeg,4621,3251
Informal,08806-cgi_bin_gw_chameleon_lng_en_host_localhost_9901_DEFAULT_search_KEYWORD_function_CARDSCR_u1_12101_t1_004573881_1.jpeg,420,750
Informal,90402-RP_F_2005_107_227_1.jpeg,3960,2780
Formal,90402-RP_P_1892_A_17632_1.jpeg,2236,2856
Formal,90402-RP_P_1892_A_17633_1.jpeg,2265,2844
Formal,90402-RP_P_2004_553_1.jpeg,1716,2500
Formal,90402-RP_P_2011_65_12_1.jpeg,2500,1885
Informal,90402-RP_P_H_OB_867_1.jpeg,1500,776
Formal,90402-RP_P_OB_11_251_1.jpeg,1875,2500
Formal,90402-RP_T_1899_A_4261_1.jpeg,2500,1650
Formal,90402-RP_T_1900_A_4481_1.jpeg,1840,2500
Formal,90402-RP_T_1905_259_1.jpeg,2123,2500
Formal,90402-RP_T_1918_116_1.jpeg,2604,2004
Formal,90402-RP_T_1918_307_1.jpeg,1821,2500
Formal,90402-RP_T_1937_21_1.jpeg,2952,1755
Formal,90402-RP_T_1991_43_1.jpeg,2184,2778
Formal,90402-SK_A_25_1.jpeg,2836,2399
Formal,90402-SK_A_137_1.jpeg,2932,2132
Formal,90402-SK_A_139_1.jpeg,2046,2544
Formal,90402-SK_A_171_1.jpeg,1676,2754
Formal,90402-SK_A_187_1.jpeg,3950,4708
Formal,90402-SK_A_199_1.jpeg,2321,2592
Formal,90402-SK_A_266_1.jpeg,2032,2500
Formal,90402-SK_A_267_1.jpeg,2054,2592
Formal,90402-SK_A_269_1.jpeg,2235,2736
Formal,90402-SK_A_335_1.jpeg,2215,2656
Formal,90402-SK_A_337_1.jpeg,2089,2700
Formal,90402-SK_A_378_1.jpeg,2916,1830
Formal,90402-SK_A_379_1.jpeg,2948,2016
Formal,90402-SK_A_390_1.jpeg,2086,2500
Formal,90402-SK_A_464_1.jpeg,2179,2596
Formal,90402-SK_A_706_1.jpeg,1987,2500
Formal,90402-SK_A_752_1.jpeg,2306,2544
Formal,90402-SK_A_776_1.jpeg,2500,2070
Formal,90402-SK_A_777_1.jpeg,2500,2082
Formal,90402-SK_A_788_1.jpeg,2020,2500
Formal,90402-SK_A_794_1.jpeg,2004,2656
Formal,90402-SK_A_799_1.jpeg,1904,2424
Formal,90402-SK_A_844_1.jpeg,2073,2484
Formal,90402-SK_A_846_1.jpeg,2500,1835
Formal,90402-SK_A_1002_1.jpeg,2500,1829
Formal,90402-SK_A_1012_1.jpeg,1928,2500
Formal,90402-SK_A_1032_1.jpeg,2072,2500
Formal,90402-SK_A_1077_1.jpeg,2601,3337
Formal,90402-SK_A_1095_1.jpeg,2096,2611
Formal,90402-SK_A_1104_1.jpeg,2001,2595
Informal,90402-SK_A_1107_1.jpeg,2069,2500
Formal,90402-SK_A_1281_1.jpeg,2058,2500
Formal,90402-SK_A_1290_1.jpeg,1879,2500
Formal,90402-SK_A_1295_1.jpeg,2105,2500
Formal,90402-SK_A_1342_1.jpeg,2904,2537
Formal,90402-SK_A_1449_1.jpeg,1834,2500
Formal,90402-SK_A_1454_1.jpeg,1972,2500
Formal,90402-SK_A_1455_1.jpeg,1971,2500
Formal,90402-SK_A_1456_1.jpeg,2500,1923
Formal,90402-SK_A_1466_1.jpeg,6360,4706
Formal,90402-SK_A_1481_1.jpeg,2500,1547
Formal,90402-SK_A_1487_1.jpeg,2272,2500
Formal,90402-SK_A_1528_1.jpeg,2500,2103
Formal,90402-SK_A_1529_1.jpeg,2500,2157
Formal,90402-SK_A_1536_1.jpeg,2004,2500
Formal,90402-SK_A_1549_1.jpeg,1849,2592
Formal,90402-SK_A_1634_1.jpeg,2135,2500
Formal,90402-SK_A_1669_1.jpeg,2154,2622
Formal,90402-SK_A_1686_1.jpeg,2820,2298
Formal,90402-SK_A_1698_1.jpeg,1928,2500
Formal,90402-SK_A_1710_1.jpeg,2220,2500
Formal,90402-SK_A_1737_1.jpeg,2167,2500
Formal,90402-SK_A_1741_1.jpeg,2093,2500
Formal,90402-SK_A_1751_1.jpeg,2048,2500
Formal,90402-SK_A_1766_1.jpeg,2289,2500
Formal,90402-SK_A_1789_1.jpeg,2500,1500
Formal,90402-SK_A_1857_1.jpeg,2886,2211
Formal,90402-SK_A_1859_1.jpeg,1924,2538
Formal,90402-SK_A_1865_1.jpeg,2083,2586
Formal,90402-SK_A_1951_1.jpeg,2301,2500
Formal,90402-SK_A_2058_1.jpeg,2913,1636
Formal,90402-SK_A_2083_1.jpeg,3000,2325
Formal,90402-SK_A_2087_1.jpeg,1913,2500
Formal,90402-SK_A_2097_1.jpeg,1427,2500
Formal,90402-SK_A_2099_1.jpeg,2072,2564
Formal,90402-SK_A_2111_1.jpeg,2500,1749
Formal,90402-SK_A_2152_1.jpeg,2870,1612
Formal,90402-SK_A_2154_1.jpeg,2092,2500
Formal,90402-SK_A_2160_1.jpeg,2500,1750
Formal,90402-SK_A_2205_1.jpeg,2000,1492
Formal,90402-SK_A_2213_1.jpeg,2863,2326
Formal,90402-SK_A_2222_1.jpeg,1874,2500
Formal,90402-SK_A_2329_1.jpeg,2173,2675
Formal,90402-SK_A_2346_1.jpeg,2302,2500
Formal,90402-SK_A_2358_1.jpeg,2500,2139
Formal,90402-SK_A_2362_1.jpeg,2422,2622
Formal,90402-SK_A_2366_1.jpeg,2118,2500
Formal,90402-SK_A_2387_1.jpeg,2500,1549
Formal,90402-SK_A_2544_1.jpeg,2500,1644
Formal,90402-SK_A_2549_1.jpeg,2859,1626
Formal,90402-SK_A_2550_1.jpeg,2091,2500
Formal,90402-SK_A_2551_1.jpeg,2500,2379
Formal,90402-SK_A_2564_1.jpeg,2500,2298
Formal,90402-SK_A_2566_1.jpeg,2190,2584
Formal,90402-SK_A_2655_1.jpeg,2161,2568
Formal,90402-SK_A_2813_1.jpeg,2641,2680
Formal,90402-SK_A_2982_1.jpeg,2500,1660
Formal,90402-SK_A_3070_1.jpeg,1988,2605
Formal,90402-SK_A_3361_1.jpeg,2500,1508
Formal,90402-SK_A_3471_1.jpeg,2500,1924
Formal,90402-SK_A_3828_1.jpeg,2283,2500
Formal,90402-SK_A_3884_1.jpeg,2009,2500
Formal,90402-SK_A_3944_1.jpeg,2082,2500
Formal,90402-SK_A_3981_1.jpeg,2488,2604
Formal,90402-SK_A_3988_1.jpeg,2500,1945
Formal,90402-SK_A_4090_1.jpeg,2868,2152
Formal,90402-SK_A_4111_1.jpeg,2227,2196
Formal,90402-SK_A_4247_1.jpeg,2838,1535
Informal,90402-SK_A_4254_2_1.jpeg,2808,2109
Formal,90402-SK_A_4254_6_1.jpeg,2802,1534
Formal,90402-SK_A_4254_7_1.jpeg,2862,1600
Formal,90402-SK_A_4254_9_1.jpeg,2808,1854
Formal,90402-SK_A_4646_1.jpeg,2952,1652
Formal,90402-SK_A_4821_1.jpeg,2500,1846
Formal,90402-SK_A_4830_1.jpeg,2500,1937
Formal,90402-SK_A_4839_1.jpeg,6312,7485
Formal,90402-SK_A_4952_1.jpeg,1932,2646
Formal,90402-SK_A_5008_1.jpeg,2096,2500
Formal,90402-SK_C_115_1.jpeg,2916,2321
Formal,90402-SK_C_131_1.jpeg,2109,2574
Formal,90402-SK_C_155_1.jpeg,1961,2500
Formal,90402-SK_C_187_1.jpeg,2500,2018
Formal,90402-SK_C_204_1.jpeg,1957,2500
Formal,90402-SK_C_301_1.jpeg,2580,1944
Formal,90402-SK_C_561_1.jpeg,1803,2500
Formal,90402-SK_C_610_1.jpeg,2500,2168
Formal,90402-SK_C_1561_1.jpeg,2892,2413
Formal,90402-SK_C_1694_1.jpeg,2944,2100
Formal,90402-SK_C_1750_1.jpeg,2574,3000
Informal,91608-SMVK_VKM_objekt_2640796_1.jpeg,982,800
Formal,916106-vbg_object_VM13059_1.jpeg,1024,1240
Formal,916116-HeM_delfotografi_548800_1.jpeg,1000,749
Formal,916116-HeM_delfotografi_799484_1.jpeg,1000,646
Formal,916118-S_TEK_photo_TEKA0024008_1.jpeg,893,1200
Formal,916118-S_TEK_photo_TEKA0024051_1.jpeg,885,1200
Formal,916118-S_TEK_photo_TEKA0071690_1.jpeg,1200,876
Formal,916118-S_TEK_photo_TEKA0071716_1.jpeg,1200,859
Formal,916118-S_TEK_photo_TEKA0142479_1.jpeg,1200,909
Formal,916118-S_TEK_photo_TEKA0142480_1.jpeg,1200,812
Formal,916118-S_TEK_photo_TEKA0143143_1.jpeg,1200,992
Formal,916118-S_TEK_photo_TEKA0143158_1.jpeg,1200,1145
Formal,916124-S_XLM_object_XLM07638_1.jpeg,1200,923
Formal,916124-S_XLM_object_XLM15546_1.jpeg,1200,1030
Formal,916124-S_XLM_object_XLM20426_1.jpeg,1200,1040
Formal,916124-S_XLM_object_XLMR00648_1.jpeg,1200,900
Formal,2020903-KMS321_1.jpeg,800,549
Formal,2020903-KMS384_1.jpeg,464,567
Formal,2020903-KMS612_1.jpeg,768,615
Formal,2020903-KMS679_1.jpeg,768,615
Formal,2020903-KMS1117_1.jpeg,597,407
Formal,2020903-KMS1518_1.jpeg,1000,1269
Formal,2020903-KMS1519_1.jpeg,1000,716
Formal,2020903-KMS1531_1.jpeg,490,600
Formal,2020903-KMS1884_1.jpeg,552,600
Formal,2020903-KMS3015_1.jpeg,622,800
Formal,2020903-KMS3017_1.jpeg,1200,1663
Informal,2020903-KMS3489_1.jpeg,598,451
Informal,2020903-KMS3762_1.jpeg,468,470
Informal,2020903-KMS3972_1.jpeg,800,661
Informal,2020903-KMS4235_1.jpeg,569,432
Formal,2020903-KMS4612_1.jpeg,1700,1508
Informal,2020903-KMS6322_1.jpeg,800,650
Informal,2020903-KMS6597_1.jpeg,1533,1200
Informal,2020903-KMS6833_1.jpeg,501,471
Informal,2020903-KMS6879_1.jpeg,768,608
Informal,2020903-KMS7030_1.jpeg,768,649
Informal,2020903-KMSr162_1.jpeg,449,611
Informal,2020903-KMSr173_1.jpeg,612,768
Formal,2020903-KMSsp207_1.jpeg,840,600
Formal,2020903-KMSsp209_1.jpeg,511,342
Formal,2020903-KMSsp210_1.jpeg,601,436
Formal,2020903-KMSsp250_1.jpeg,591,397
Formal,2020903-KMSsp271_1.jpeg,800,584
Formal,2020903-KMSsp297_1.jpeg,768,579
Formal,2020903-KMSsp392_1.jpeg,1000,691
Formal,2020903-KMSsp393_1.jpeg,1000,874
Formal,2020903-KMSsp550_1.jpeg,418,503
Formal,2020903-KMSsp679_1.jpeg,1000,1136
Formal,2020903-KMSsp767_1.jpeg,585,428
Formal,2020903-KMSst115_1.jpeg,602,768
Formal,2020903-KMSst128_1.jpeg,632,768
Formal,2020903-KMSst219_1.jpeg,768,577
Formal,2020903-KMSst293_1.jpeg,768,581
Formal,2020903-KMSst350_1.jpeg,555,768
Formal,2021672-resource_document_mauritshuis_48_1.jpeg,6000,4715
Formal,2021672-resource_document_mauritshuis_50_1.jpeg,3022,3800
Formal,2021672-resource_document_mauritshuis_70_1.jpeg,6000,4495
Formal,2021672-resource_document_mauritshuis_71_1.jpeg,6000,4577
Formal,2021672-resource_document_mauritshuis_150_1.jpeg,4000,3311
Formal,2021672-resource_document_mauritshuis_207_1.jpeg,5237,6000
Formal,2021672-resource_document_mauritshuis_258_1.jpeg,6000,3173
Formal,2021672-resource_document_mauritshuis_401_1.jpeg,5495,6000
Formal,2021672-resource_document_mauritshuis_533_1.jpeg,5266,6000
Formal,2021672-resource_document_mauritshuis_596_1.jpeg,6000,4022
Formal,2021672-resource_document_mauritshuis_654_1.jpeg,4510,3543
Formal,2021672-resource_document_mauritshuis_656_1.jpeg,6000,4837
Formal,2021672-resource_document_mauritshuis_665_1.jpeg,4601,6000
Formal,2021672-resource_document_mauritshuis_678_1.jpeg,1287,1495
Informal,2021672-resource_document_mauritshuis_694_1.jpeg,4347,6000
Formal,2021672-resource_document_mauritshuis_697_1.jpeg,3543,4133
Formal,2021672-resource_document_mauritshuis_754_1.jpeg,4967,6000
Formal,2021672-resource_document_mauritshuis_794_1.jpeg,6000,3936
Formal,2021672-resource_document_mauritshuis_810_1.jpeg,1705,1970
Formal,2021672-resource_document_mauritshuis_814_1.jpeg,1542,1762
Formal,2021672-resource_document_mauritshuis_943_1.jpeg,6000,4220
Formal,2021672-resource_document_mauritshuis_947_1.jpeg,6000,4259
Formal,2021672-resource_document_mauritshuis_972_1.jpeg,1457,1088
Formal,2021672-resource_document_mauritshuis_1045_1.jpeg,5218,6000
Formal,2021672-resource_document_mauritshuis_1056_1.jpeg,6000,4995
Formal,2021672-resource_document_mauritshuis_1066_1.jpeg,6000,4254
Formal,2021672-resource_document_mauritshuis_1106_1.jpeg,4812,6000
Formal,2021672-resource_document_mauritshuis_1125_1.jpeg,6000,4331
Formal,2021672-resource_document_mauritshuis_1126_1.jpeg,5120,6000
Formal,2021672-resource_document_mauritshuis_1154_1.jpeg,4698,6000
Formal,2021672-resource_document_mauritshuis_1203_1.jpeg,6000,4178
Formal,2022608-LAR_HL_05086_1.jpeg,629,840
Formal,2048007-Athena_Plus_ProvidedCHO_Skoklosters_slott_23008_1.jpeg,3251,2481
Informal,2048047-Athena_Plus_ProvidedCHO_Institutul_Na_ional_al_Patrimoniului_1C82EC077B694E00B35B9B8044A16EAB_1.jpeg,610,500
Formal,2048047-Athena_Plus_ProvidedCHO_Institutul_Na_ional_al_Patrimoniului_7000A7800599458180CD0055DB99645F_1.jpeg,658,500
Formal,2048128-55783_1.jpeg,635,650
Informal,2048128-58615_1.jpeg,800,633
Informal,2048128-58704_1.jpeg,779,650
Formal,2048128-58923_1.jpeg,800,644
Informal,2048128-240086_1.jpeg,3184,2776
Informal,2048128-248191_1.jpeg,2045,3100
Formal,2048128-250576_1.jpeg,4704,2464
Informal,2048128-250952_1.jpeg,2204,2636
Informal,2048128-250999_1.jpeg,2049,1768
Informal,2048128-252042_1.jpeg,3405,2424
Informal,2048128-252114_1.jpeg,3800,2632
Informal,2048128-253059_1.jpeg,2392,3194
Formal,2048128-254442_1.jpeg,3261,2443
Informal,2048128-254587_1.jpeg,4019,2708
Informal,2048128-255110_1.jpeg,3416,2345
Informal,2048128-255215_1.jpeg,1724,1129
Informal,2048128-255581_1.jpeg,4175,3221
Informal,2048128-255719_1.jpeg,2231,1754
Informal,2048128-255721_1.jpeg,1576,1911
Formal,2048128-255803_1.jpeg,4204,2651
Formal,2048128-255814_1.jpeg,4277,2957
Informal,2048128-255953_1.jpeg,3984,2268
Informal,2048128-255966_1.jpeg,4069,2793
Informal,2048128-255996_1.jpeg,3568,2652
Informal,2048128-256033_1.jpeg,4134,2628
Formal,2048128-256323_1.jpeg,2532,2886
Informal,2048128-256330_1.jpeg,2426,1653
Informal,2048128-256831_1.jpeg,3762,2670
Informal,2048128-257379_1.jpeg,3970,3067
Informal,2048128-257922_1.jpeg,1528,2568
Informal,2048128-258354_1.jpeg,2994,2430
Formal,2048128-258683_1.jpeg,3928,2648
Informal,2048128-260014_1.jpeg,4096,3280
Informal,2048128-260588_1.jpeg,5526,3902
Informal,2048128-260593_1.jpeg,4838,3492
Informal,2048128-260626_1.jpeg,3522,2880
Informal,2048128-260792_1.jpeg,4012,3587
Formal,2048128-260904_1.jpeg,1920,2712
Formal,2048128-260968_1.jpeg,2445,3058
Formal,2048128-261500_1.jpeg,2009,2821
Formal,2048128-261502_1.jpeg,3622,2864
Formal,2048128-261591_1.jpeg,2165,2973
Formal,2048128-261753_1.jpeg,5010,3122
Formal,2048128-261810_1.jpeg,2710,3433
Informal,2048128-261850_1.jpeg,4003,2761
Informal,2048128-262241_1.jpeg,3036,2769
Informal,2048128-262297_1.jpeg,3178,3160
Informal,2048128-262463_1.jpeg,1543,2591
Informal,2048128-263091_1.jpeg,2094,2802
Informal,2048128-263151_1.jpeg,2562,1686
Formal,2048128-263353_1.jpeg,3472,2672
Informal,2048128-263882_1.jpeg,2556,3330
Informal,2048128-267205_1.jpeg,2743,2688
Informal,2048128-267219_1.jpeg,2869,3259
Formal,2048128-267386_1.jpeg,3074,3476
Formal,2048128-267400_1.jpeg,3212,2956
Informal,2048128-267800_1.jpeg,3461,2988
Informal,2048128-267855_1.jpeg,1990,2648
Informal,2048128-267930_1.jpeg,3754,3028
Informal,2048128-268321_1.jpeg,3350,3180
Formal,2048128-268433_1.jpeg,2754,3330
Informal,2048128-268958_1.jpeg,3256,2424
Formal,2048128-625919_1.jpeg,4684,3900
Formal,2048128-627360_1.jpeg,4016,4710
Informal,2048128-627362_1.jpeg,3796,5118
Formal,2048429-item_726YHQ6GB6IC4HT6ZH6LJ6KEWNEKQVKF_1.jpeg,1200,983
Formal,2058401-_providedCHO_8d3180d1_1c83_cffc_9350_2d2be5087a64_1.jpeg,1200,581
Formal,2058401-_providedCHO_9c793311_ae47_8dac_151c_0ab58dbed92c_1.jpeg,1200,586
Formal,2058401-_providedCHO_58f8ea1c_af9e_9f4f_1f7d_772082afab82_1.jpeg,900,1020
Formal,2058401-_providedCHO_92db68cc_eae5_c9c5_f25d_ac2777afe1f6_1.jpeg,1200,606
Formal,2058401-_providedCHO_97ed15ce_3e77_1fcb_fe86_8e748d8c6e9c_1.jpeg,1200,593
Formal,2058401-_providedCHO_586c64d0_c9fc_11e3_b06e_5faa2364e000_1.jpeg,900,1084
Formal,2058401-_providedCHO_621aa9bf_1369_b058_ec2f_c346385f78be_1.jpeg,1200,603
Formal,2058401-_providedCHO_57386ef6_c9fc_11e3_8c94_67f1f73cb678_1.jpeg,1200,603
Formal,2058401-_providedCHO_afec4b3b_37c9_eac7_48f7_395f5cb617a1_1.jpeg,1200,602
Formal,2058401-_providedCHO_fb5088d6_80da_05ab_8910_92bad635b6a6_1.jpeg,1200,591
Formal,2059502-data_foodanddrink_http___www_bildarchivaustria_at_Preview_13014613_jpg_1.jpeg,1680,1218
Informal,2063618-FI_280_009_1.jpeg,2389,2665
Formal,2064105-Museu_ProvidedCHO_Skoklosters_slott_23008_1.jpeg,3251,2481
Formal,2064105-Museu_ProvidedCHO_Skoklosters_slott_31110_1.jpeg,3251,2481
Formal,2064105-Museu_ProvidedCHO_Skoklosters_slott_31214_1.jpeg,5217,2909
Formal,2064116-Museu_ProvidedCHO_Nationalmuseum__Sweden_17170_1.jpeg,642,1000
Formal,2064116-Museu_ProvidedCHO_Nationalmuseum__Sweden_17171_1.jpeg,1000,572
Formal,2064116-Museu_ProvidedCHO_Nationalmuseum__Sweden_17190_1.jpeg,707,1000
Formal,2064116-Museu_ProvidedCHO_Nationalmuseum__Sweden_17251_1.jpeg,801,1000
Formal,2064116-Museu_ProvidedCHO_Nationalmuseum__Sweden_17252_1.jpeg,726,1000
Formal,2064116-Museu_ProvidedCHO_Nationalmuseum__Sweden_17276_1.jpeg,844,1000
Formal,2064116-Museu_ProvidedCHO_Nationalmuseum__Sweden_17345_1.jpeg,729,1000
Formal,2064116-Museu_ProvidedCHO_Nationalmuseum__Sweden_17346_1.jpeg,728,1000
Formal,2064116-Museu_ProvidedCHO_Nationalmuseum__Sweden_17436_1.jpeg,1000,852
Formal,2064116-Museu_ProvidedCHO_Nationalmuseum__Sweden_17437_1.jpeg,1000,662
Formal,2064116-Museu_ProvidedCHO_Nationalmuseum__Sweden_17438_1.jpeg,850,1000
Formal,2064116-Museu_ProvidedCHO_Nationalmuseum__Sweden_17638_1.jpeg,1000,677
Formal,2064116-Museu_ProvidedCHO_Nationalmuseum__Sweden_17640_1.jpeg,1000,618
Formal,2064116-Museu_ProvidedCHO_Nationalmuseum__Sweden_17643_1.jpeg,711,1000
Formal,2064116-Museu_ProvidedCHO_Nationalmuseum__Sweden_17653_1.jpeg,838,1000
Formal,2064116-Museu_ProvidedCHO_Nationalmuseum__Sweden_17699_1.jpeg,769,1000
Formal,2064116-Museu_ProvidedCHO_Nationalmuseum__Sweden_17732_1.jpeg,1000,737
Formal,2064116-Museu_ProvidedCHO_Nationalmuseum__Sweden_17761_1.jpeg,765,1000
Formal,2064116-Museu_ProvidedCHO_Nationalmuseum__Sweden_17762_1.jpeg,1000,785
Formal,2064116-Museu_ProvidedCHO_Nationalmuseum__Sweden_17763_1.jpeg,1000,664
Formal,2064116-Museu_ProvidedCHO_Nationalmuseum__Sweden_17868_1.jpeg,806,1000
Formal,2064116-Museu_ProvidedCHO_Nationalmuseum__Sweden_17871_1.jpeg,816,1000
Formal,2064116-Museu_ProvidedCHO_Nationalmuseum__Sweden_17873_1.jpeg,1000,693
Formal,2064116-Museu_ProvidedCHO_Nationalmuseum__Sweden_17874_1.jpeg,794,1000
Formal,2064116-Museu_ProvidedCHO_Nationalmuseum__Sweden_17956_1.jpeg,655,1000
Formal,2064116-Museu_ProvidedCHO_Nationalmuseum__Sweden_18077_1.jpeg,1000,810
Formal,2064116-Museu_ProvidedCHO_Nationalmuseum__Sweden_18106_1.jpeg,1000,670
Formal,2064116-Museu_ProvidedCHO_Nationalmuseum__Sweden_18149_1.jpeg,1000,598
Formal,2064116-Museu_ProvidedCHO_Nationalmuseum__Sweden_18261_1.jpeg,1000,852
Formal,2064116-Museu_ProvidedCHO_Nationalmuseum__Sweden_18403_1.jpeg,1000,843
Formal,2064116-Museu_ProvidedCHO_Nationalmuseum__Sweden_18451_1.jpeg,1000,768
Formal,2064116-Museu_ProvidedCHO_Nationalmuseum__Sweden_18452_1.jpeg,1000,753
Formal,2064116-Museu_ProvidedCHO_Nationalmuseum__Sweden_18553_1.jpeg,1000,575
Formal,2064116-Museu_ProvidedCHO_Nationalmuseum__Sweden_18729_1.jpeg,730,1000
Formal,2064116-Museu_ProvidedCHO_Nationalmuseum__Sweden_19230_1.jpeg,1000,661
Formal,2064116-Museu_ProvidedCHO_Nationalmuseum__Sweden_19328_1.jpeg,813,1000
Formal,2064116-Museu_ProvidedCHO_Nationalmuseum__Sweden_19410_1.jpeg,1000,697
Formal,2064116-Museu_ProvidedCHO_Nationalmuseum__Sweden_19411_1.jpeg,802,1000
Informal,2064116-Museu_ProvidedCHO_Nationalmuseum__Sweden_19606_1.jpeg,1000,779
Formal,2064116-Museu_ProvidedCHO_Nationalmuseum__Sweden_19627_1.jpeg,1000,703
Formal,2064116-Museu_ProvidedCHO_Nationalmuseum__Sweden_20327_1.jpeg,1000,785
Formal,2064116-Museu_ProvidedCHO_Nationalmuseum__Sweden_20436_1.jpeg,1000,778
Formal,2064116-Museu_ProvidedCHO_Nationalmuseum__Sweden_21522_1.jpeg,1000,631
Formal,2064116-Museu_ProvidedCHO_Nationalmuseum__Sweden_21926_1.jpeg,1000,704
Formal,2064116-Museu_ProvidedCHO_Nationalmuseum__Sweden_22275_1.jpeg,900,1000
Formal,2064116-Museu_ProvidedCHO_Nationalmuseum__Sweden_22318_1.jpeg,1000,769
Formal,2064116-Museu_ProvidedCHO_Nationalmuseum__Sweden_22319_1.jpeg,1000,765
Formal,2064116-Museu_ProvidedCHO_Nationalmuseum__Sweden_22320_1.jpeg,1000,814
Formal,2064116-Museu_ProvidedCHO_Nationalmuseum__Sweden_22321_1.jpeg,1000,728
Formal,2064116-Museu_ProvidedCHO_Nationalmuseum__Sweden_22322_1.jpeg,1000,733
Formal,2064116-Museu_ProvidedCHO_Nationalmuseum__Sweden_22376_1.jpeg,1000,669
Formal,2064116-Museu_ProvidedCHO_Nationalmuseum__Sweden_22590_1.jpeg,1000,734
Formal,2064116-Museu_ProvidedCHO_Nationalmuseum__Sweden_22879_1.jpeg,729,1000
Formal,2064116-Museu_ProvidedCHO_Nationalmuseum__Sweden_23028_1.jpeg,1000,771
Formal,2064116-Museu_ProvidedCHO_Nationalmuseum__Sweden_23215_1.jpeg,1000,845
Formal,2064116-Museu_ProvidedCHO_Nationalmuseum__Sweden_23416_1.jpeg,1000,806
Formal,2064116-Museu_ProvidedCHO_Nationalmuseum__Sweden_23718_1.jpeg,1000,842
Formal,2064116-Museu_ProvidedCHO_Nationalmuseum__Sweden_23927_1.jpeg,1000,764
Formal,2064116-Museu_ProvidedCHO_Nationalmuseum__Sweden_29168_1.jpeg,1000,830
Formal,2064116-Museu_ProvidedCHO_Nationalmuseum__Sweden_100530_1.jpeg,1000,808
Formal,9200579-ercwr7zx_1.jpeg,512,426
Informal,9200579-h4v5s36r_1.jpeg,512,429
Formal,9200579-jryrhyz6_1.jpeg,512,648
Formal,9200579-k2fwt4hz_1.jpeg,512,350
Formal,9200579-t6u3dknr_1.jpeg,512,656
Formal,9200579-ugzs99yq_1.jpeg,512,410
Formal,9200579-uk8dyvqk_1.jpeg,512,425
Formal,9200579-yxfdnuff_1.jpeg,512,396