101.jpg,"[Non-appealing]"
102.jpg,"[Non-appealing]"
103.jpg,"[Appealing]"
104.jpg,"[Appealing]"
105.jpg,"[Non-appealing]"
106.jpg,"[Appealing]"
107.jpg,"[Non-appealing]"
108.jpg,"[Non-appealing]"
109.jpg,"[Non-appealing]"
110.jpg,"[Non-appealing]"
111.jpg,"[Appealing]"
112.jpg,"[Non-appealing]"
113.jpg,"[Appealing]"
114.jpg,"[Non-appealing]"
115.jpg,"[Non-appealing]"
116.jpg,"[Non-appealing]"
117.jpg,"[Appealing]"
118.jpg,"[Non-appealing]"
119.jpg,"[Non-appealing]"
120.jpg,"[Non-appealing]"
121.jpg,"[Appealing]"
122.jpg,"[Appealing]"
123.jpg,"[Non-appealing]"
124.jpg,"[Appealing]"
125.jpg,"[Non-appealing]"
126.jpg,"[Non-appealing]"
127.jpg,"[Non-appealing]"
128.jpg,"[Appealing]"
129.jpg,"[Appealing]"
130.jpg,"[Appealing]"
131.jpg,"[Appealing]"
132.jpg,"[Appealing]"
133.jpg,"[Non-appealing]"
134.jpg,"[Non-appealing]"
135.jpg,"[Non-appealing]"
136.jpg,"[Appealing]"
137.jpg,"[Appealing]"
138.jpg,"[Appealing]"
139.jpg,"[Non-appealing]"
140.jpg,"[Appealing]"
141.jpg,"[Appealing]"
142.jpg,"[Appealing]"
143.jpg,"[Appealing]"
144.jpg,"[Non-appealing]"
145.jpg,"[Appealing]"
146.jpg,"[Non-appealing]"
147.jpg,"[Appealing]"
148.jpg,"[Non-appealing]"
149.jpg,"[Non-appealing]"
150.jpg,"[Non-appealing]"
151.jpg,"[Appealing]"
152.jpg,"[Non-appealing]"
153.jpg,"[Non-appealing]"
154.jpg,"[Non-appealing]"
155.jpg,"[Appealing]"
156.jpg,"[Non-appealing]"
157.jpg,"[Non-appealing]"
158.jpg,"[Non-appealing]"
159.jpg,"[Non-appealing]"
160.jpg,"[Appealing]"
161.jpg,"[Appealing]"
162.jpg,"[Non-appealing]"
163.jpg,"[Non-appealing]"
164.jpg,"[Non-appealing]"
165.jpg,"[Non-appealing]"
166.jpg,"[Non-appealing]"
167.jpg,"[Appealing]"
168.jpg,"[Non-appealing]"
169.jpg,"[Non-appealing]"
170.jpg,"[Appealing]"
171.jpg,"[Non-appealing]"
172.jpg,"[Appealing]"
173.jpg,"[Appealing]"
174.jpg,"[Non-appealing]"
175.jpg,"[Non-appealing]"
176.jpg,"[Non-appealing]"
177.jpg,"[Appealing]"
178.jpg,"[Appealing]"
179.jpg,"[Non-appealing]"
180.jpg,"[Appealing]"
181.jpg,"[Non-appealing]"
182.jpg,"[Appealing]"
183.jpg,"[Appealing]"
184.jpg,"[Non-appealing]"
185.jpg,"[Non-appealing]"
186.jpg,"[Appealing]"
187.jpg,"[Non-appealing]"
188.jpg,"[Non-appealing]"
189.jpg,"[Appealing]"
190.jpg,"[Non-appealing]"
191.jpg,"[Non-appealing]"
192.jpg,"[Appealing]"
193.jpg,"[Non-appealing]"
194.jpg,"[Non-appealing]"
195.jpg,"[Appealing]"
196.jpg,"[Non-appealing]"
197.jpg,"[Appealing]"
198.jpg,"[Appealing]"
199.jpg,"[Appealing]"
200.jpg,"[Non-appealing]"
201.jpg,"[Appealing]"
202.jpg,"[Appealing]"
203.jpg,"[Non-appealing]"
204.jpg,"[Appealing]"
205.jpg,"[Non-appealing]"
206.jpg,"[Appealing]"
207.jpg,"[Non-appealing]"
208.jpg,"[Appealing]"
209.jpg,"[Appealing]"
210.jpg,"[Non-appealing]"
211.jpg,"[Non-appealing]"
212.jpg,"[Non-appealing]"
213.jpg,"[Appealing]"
214.jpg,"[Appealing]"
215.jpg,"[Appealing]"
216.jpg,"[Non-appealing]"
217.jpg,"[Appealing]"
218.jpg,"[Non-appealing]"
219.jpg,"[Non-appealing]"
220.jpg,"[Appealing]"
221.jpg,"[Appealing]"
222.jpg,"[Non-appealing]"
223.jpg,"[Non-appealing]"
224.jpg,"[Non-appealing]"
225.jpg,"[Appealing]"
226.jpg,"[Appealing]"
227.jpg,"[Appealing]"
228.jpg,"[Non-appealing]"
229.jpg,"[Non-appealing]"
230.jpg,"[Appealing]"
231.jpg,"[Non-appealing]"
232.jpg,"[Non-appealing]"
233.jpg,"[Non-appealing]"
234.jpg,"[Non-appealing]"
235.jpg,"[Appealing]"
236.jpg,"[Appealing]"
237.jpg,"[Appealing]"
238.jpg,"[Appealing]"
239.jpg,"[Appealing]"
240.jpg,"[Appealing]"
241.jpg,"[Non-appealing]"
242.jpg,"[Appealing]"
243.jpg,"[Non-appealing]"
244.jpg,"[Non-appealing]"
245.jpg,"[Appealing]"
246.jpg,"[Appealing]"
247.jpg,"[Non-appealing]"
248.jpg,"[Appealing]"
249.jpg,"[Non-appealing]"
250.jpg,"[Non-appealing]"
251.jpg,"[Appealing]"
252.jpg,"[Appealing]"
253.jpg,"[Non-appealing]"
254.jpg,"[Non-appealing]"
255.jpg,"[Non-appealing]"
256.jpg,"[Appealing]"
257.jpg,"[Appealing]"
258.jpg,"[Appealing]"
259.jpg,"[Appealing]"
260.jpg,"[Appealing]"
261.jpg,"[Appealing]"
262.jpg,"[Appealing]"
263.jpg,"[Non-appealing]"
264.jpg,"[Appealing]"
265.jpg,"[Appealing]"
266.jpg,"[Appealing]"
267.jpg,"[Non-appealing]"
268.jpg,"[Non-appealing]"
269.jpg,"[Non-appealing]"
270.jpg,"[Non-appealing]"
271.jpg,"[Non-appealing]"
272.jpg,"[Appealing]"
273.jpg,"[Non-appealing]"
274.jpg,"[Non-appealing]"
275.jpg,"[Non-appealing]"
276.jpg,"[Non-appealing]"
277.jpg,"[Non-appealing]"
278.jpg,"[Appealing]"
279.jpg,"[Appealing]"
280.jpg,"[Appealing]"
281.jpg,"[Appealing]"
282.jpg,"[Non-appealing]"
283.jpg,"[Non-appealing]"
284.jpg,"[Appealing]"
285.jpg,"[Non-appealing]"
286.jpg,"[Non-appealing]"
287.jpg,"[Appealing]"
288.jpg,"[Appealing]"
289.jpg,"[Non-appealing]"
290.jpg,"[Appealing]"
291.jpg,"[Non-appealing]"
292.jpg,"[Appealing]"
293.jpg,"[Non-appealing]"
294.jpg,"[Non-appealing]"
295.jpg,"[Non-appealing]"
296.jpg,"[Non-appealing]"
297.jpg,"[Non-appealing]"
298.jpg,"[Non-appealing]"
299.jpg,"[Non-appealing]"
300.jpg,"[Non-appealing]"
301.jpg,"[Appealing]"
302.jpg,"[Non-appealing]"
303.jpg,"[Non-appealing]"
304.jpg,"[Non-appealing]"
305.jpg,"[Non-appealing]"
306.jpg,"[Appealing]"
307.jpg,"[Non-appealing]"
308.jpg,"[Non-appealing]"
309.jpg,"[Non-appealing]"
310.jpg,"[Appealing]"
311.jpg,"[Non-appealing]"
312.jpg,"[Non-appealing]"
313.jpg,"[Appealing]"
314.jpg,"[Non-appealing]"
315.jpg,"[Non-appealing]"
316.jpg,"[Non-appealing]"
317.jpg,"[Non-appealing]"
318.jpg,"[Appealing]"
319.jpg,"[Appealing]"
320.jpg,"[Non-appealing]"
321.jpg,"[Non-appealing]"
322.jpg,"[Appealing]"
323.jpg,"[Non-appealing]"
324.jpg,"[Non-appealing]"
325.jpg,"[Non-appealing]"
326.jpg,"[Non-appealing]"
327.jpg,"[Non-appealing]"
328.jpg,"[Non-appealing]"
329.jpg,"[Non-appealing]"
330.jpg,"[Non-appealing]"
331.jpg,"[Non-appealing]"
332.jpg,"[Non-appealing]"
333.jpg,"[Appealing]"
334.jpg,"[Non-appealing]"
335.jpg,"[Non-appealing]"
336.jpg,"[Non-appealing]"
337.jpg,"[Appealing]"
338.jpg,"[Non-appealing]"
339.jpg,"[Non-appealing]"
340.jpg,"[Non-appealing]"
341.jpg,"[Non-appealing]"
342.jpg,"[Non-appealing]"
343.jpg,"[Non-appealing]"
344.jpg,"[Appealing]"
345.jpg,"[Non-appealing]"
346.jpg,"[Appealing]"
347.jpg,"[Non-appealing]"
348.jpg,"[Non-appealing]"
349.jpg,"[Non-appealing]"
350.jpg,"[Appealing]"
351.jpg,"[Non-appealing]"
352.jpg,"[Appealing]"
353.jpg,"[Appealing]"
354.jpg,"[Appealing]"
355.jpg,"[Appealing]"
356.jpg,"[Non-appealing]"
357.jpg,"[Non-appealing]"
358.jpg,"[Appealing]"
359.jpg,"[Non-appealing]"
360.jpg,"[Non-appealing]"
361.jpg,"[Non-appealing]"
362.jpg,"[Appealing]"
363.jpg,"[Appealing]"
364.jpg,"[Non-appealing]"
365.jpg,"[Non-appealing]"
366.jpg,"[Non-appealing]"
367.jpg,"[Appealing]"
368.jpg,"[Appealing]"
369.jpg,"[Non-appealing]"
370.jpg,"[Non-appealing]"
371.jpg,"[Appealing]"
372.jpg,"[Non-appealing]"
373.jpg,"[Non-appealing]"
374.jpg,"[Non-appealing]"
375.jpg,"[Non-appealing]"
376.jpg,"[Appealing]"
377.jpg,"[Non-appealing]"
378.jpg,"[Non-appealing]"
379.jpg,"[Appealing]"
380.jpg,"[Non-appealing]"
381.jpg,"[Appealing]"
382.jpg,"[Non-appealing]"
383.jpg,"[Non-appealing]"
384.jpg,"[Non-appealing]"
385.jpg,"[Appealing]"
386.jpg,"[Non-appealing]"
387.jpg,"[Non-appealing]"
388.jpg,"[Non-appealing]"
389.jpg,"[Non-appealing]"
390.jpg,"[Non-appealing]"
391.jpg,"[Appealing]"
392.jpg,"[Appealing]"
393.jpg,"[Non-appealing]"
394.jpg,"[Non-appealing]"
395.jpg,"[Non-appealing]"
396.jpg,"[Appealing]"
397.jpg,"[Non-appealing]"
398.jpg,"[Appealing]"
399.jpg,"[Appealing]"
400.jpg,"[Non-appealing]"
401.jpg,"[Non-appealing]"
404.jpg,"[Non-appealing]"
405.jpg,"[Appealing]"
406.jpg,"[Appealing]"
407.jpg,"[Non-appealing]"
408.jpg,"[Appealing]"
409.jpg,"[Non-appealing]"
410.jpg,"[Non-appealing]"
411.jpg,"[Non-appealing]"
412.jpg,"[Appealing]"
413.jpg,"[Appealing]"
414.jpg,"[Appealing]"
415.jpg,"[Non-appealing]"
416.jpg,"[Non-appealing]"
417.jpg,"[Appealing]"
418.jpg,"[Appealing]"
419.jpg,"[Appealing]"
420.jpg,"[Non-appealing]"
421.jpg,"[Non-appealing]"
422.jpg,"[Non-appealing]"
423.jpg,"[Non-appealing]"
424.jpg,"[Non-appealing]"
425.jpg,"[Non-appealing]"
426.jpg,"[Appealing]"
427.jpg,"[Non-appealing]"
428.jpg,"[Appealing]"
429.jpg,"[Non-appealing]"
430.jpg,"[Appealing]"
431.jpg,"[Non-appealing]"
432.jpg,"[Non-appealing]"
433.jpg,"[Appealing]"
434.jpg,"[Appealing]"
435.jpg,"[Appealing]"
436.jpg,"[Non-appealing]"
437.jpg,"[Non-appealing]"
438.jpg,"[Non-appealing]"
439.jpg,"[Non-appealing]"
440.jpg,"[Non-appealing]"
441.jpg,"[Non-appealing]"
442.jpg,"[Non-appealing]"
443.jpg,"[Non-appealing]"
444.jpg,"[Appealing]"
445.jpg,"[Appealing]"
446.jpg,"[Appealing]"
447.jpg,"[Non-appealing]"
448.jpg,"[Non-appealing]"
449.jpg,"[Non-appealing]"
450.jpg,"[Non-appealing]"
451.jpg,"[Non-appealing]"
452.jpg,"[Non-appealing]"
453.jpg,"[Non-appealing]"
454.jpg,"[Non-appealing]"
455.jpg,"[Non-appealing]"
456.jpg,"[Non-appealing]"
457.jpg,"[Non-appealing]"
458.jpg,"[Non-appealing]"
459.jpg,"[Appealing]"
460.jpg,"[Appealing]"
461.jpg,"[Non-appealing]"
462.jpg,"[Appealing]"
463.jpg,"[Non-appealing]"
464.jpg,"[Appealing]"
465.jpg,"[Non-appealing]"
466.jpg,"[Non-appealing]"
467.jpg,"[Non-appealing]"
468.jpg,"[Appealing]"
469.jpg,"[Non-appealing]"
470.jpg,"[Appealing]"
471.jpg,"[Appealing]"
472.jpg,"[Non-appealing]"
473.jpg,"[Non-appealing]"
474.jpg,"[Non-appealing]"
475.jpg,"[Appealing]"
476.jpg,"[Appealing]"
477.jpg,"[Non-appealing]"
478.jpg,"[Non-appealing]"
479.jpg,"[Non-appealing]"
480.jpg,"[Non-appealing]"
481.jpg,"[Appealing]"
482.jpg,"[Appealing]"
483.jpg,"[Appealing]"
484.jpg,"[Appealing]"
485.jpg,"[Appealing]"
486.jpg,"[Non-appealing]"
487.jpg,"[Non-appealing]"
488.jpg,"[Appealing]"
489.jpg,"[Non-appealing]"
490.jpg,"[Appealing]"
491.jpg,"[Appealing]"
492.jpg,"[Non-appealing]"
493.jpg,"[Non-appealing]"
494.jpg,"[Non-appealing]"
495.jpg,"[Non-appealing]"
496.jpg,"[Non-appealing]"
497.jpg,"[Non-appealing]"
498.jpg,"[Non-appealing]"
499.jpg,"[Appealing]"
500.jpg,"[Appealing]"