51.jpg,"[Appealing]"
52.jpg,"[Non-appealing]"
53.jpg,"[Appealing]"
54.jpg,"[Non-appealing]"
55.jpg,"[Appealing]"
56.jpg,"[Non-appealing]"
57.jpg,"[Non-appealing]"
58.jpg,"[Non-appealing]"
59.jpg,"[Appealing]"
60.jpg,"[Appealing]"
61.jpg,"[Appealing]"
62.jpg,"[Appealing]"
63.jpg,"[Appealing]"
65.jpg,"[Appealing]"
66.jpg,"[Non-appealing]"
67.jpg,"[Appealing]"
68.jpg,"[Appealing]"
69.jpg,"[Non-appealing]"
70.jpg,"[Appealing]"
71.jpg,"[Appealing]"
72.jpg,"[Appealing]"
73.jpg,"[Non-appealing]"
74.jpg,"[Non-appealing]"
75.jpg,"[Non-appealing]"
76.jpg,"[Non-appealing]"
77.jpg,"[Non-appealing]"
78.jpg,"[Non-appealing]"
79.jpg,"[Non-appealing]"
80.jpg,"[Non-appealing]"
81.jpg,"[Non-appealing]"
82.jpg,"[Non-appealing]"
83.jpg,"[Appealing]"
84.jpg,"[Non-appealing]"
85.jpg,"[Non-appealing]"
86.jpg,"[Appealing]"
87.jpg,"[Appealing]"
88.jpg,"[Non-appealing]"
89.jpg,"[Appealing]"
90.jpg,"[Appealing]"
91.jpg,"[Non-appealing]"
92.jpg,"[Non-appealing]"
93.jpg,"[Appealing]"
94.jpg,"[Appealing]"
95.jpg,"[Non-appealing]"
96.jpg,"[Appealing]"
97.jpg,"[Non-appealing]"
98.jpg,"[Non-appealing]"
99.jpg,"[Appealing]"
100.jpg,"[Non-appealing]"
101.jpg,"[Non-appealing]"
102.jpg,"[Appealing]"
103.jpg,"[Non-appealing]"
104.jpg,"[Non-appealing]"
105.jpg,"[Non-appealing]"
106.jpg,"[Non-appealing]"
107.jpg,"[Appealing]"
108.jpg,"[Appealing]"
109.jpg,"[Non-appealing]"
110.jpg,"[Non-appealing]"
111.jpg,"[Non-appealing]"
112.jpg,"[Non-appealing]"
113.jpg,"[Appealing]"
114.jpg,"[Appealing]"
115.jpg,"[Non-appealing]"
116.jpg,"[Appealing]"
117.jpg,"[Appealing]"
118.jpg,"[Appealing]"
119.jpg,"[Non-appealing]"
120.jpg,"[Appealing]"
121.jpg,"[Non-appealing]"
122.jpg,"[Appealing]"
123.jpg,"[Appealing]"
124.jpg,"[Non-appealing]"
125.jpg,"[Non-appealing]"
126.jpg,"[Non-appealing]"
127.jpg,"[Non-appealing]"
128.jpg,"[Non-appealing]"
129.jpg,"[Non-appealing]"
130.jpg,"[Non-appealing]"
131.jpg,"[Non-appealing]"
132.jpg,"[Non-appealing]"
133.jpg,"[Non-appealing]"
134.jpg,"[Non-appealing]"
135.jpg,"[Non-appealing]"
136.jpg,"[Non-appealing]"
137.jpg,"[Non-appealing]"
138.jpg,"[Non-appealing]"
139.jpg,"[Non-appealing]"
140.jpg,"[Non-appealing]"
141.jpg,"[Non-appealing]"
142.jpg,"[Non-appealing]"
143.jpg,"[Non-appealing]"
144.jpg,"[Non-appealing]"
145.jpg,"[Appealing]"
146.jpg,"[Non-appealing]"
147.jpg,"[Non-appealing]"
148.jpg,"[Appealing]"
149.jpg,"[Non-appealing]"
150.jpg,"[Appealing]"