701.jpg,"[Appealing]"
702.jpg,"[Non-appealing]"
703.jpg,"[Non-appealing]"
704.jpg,"[Non-appealing]"
705.jpg,"[Non-appealing]"
706.jpg,"[Appealing]"
707.jpg,"[Non-appealing]"
708.jpg,"[Non-appealing]"
709.jpg,"[Non-appealing]"
710.jpg,"[Non-appealing]"
711.jpg,"[Non-appealing]"
712.jpg,"[Non-appealing]"
713.jpg,"[Non-appealing]"
714.jpg,"[Non-appealing]"
715.jpg,"[Non-appealing]"
716.jpg,"[Appealing]"
717.jpg,"[Appealing]"
718.jpg,"[Appealing]"
719.jpg,"[Appealing]"
720.jpg,"[Appealing]"
721.jpg,"[Appealing]"
722.jpg,"[Non-appealing]"
723.jpg,"[Non-appealing]"
724.jpg,"[Non-appealing]"
725.jpg,"[Non-appealing]"
726.jpg,"[Non-appealing]"
727.jpg,"[Non-appealing]"
728.jpg,"[Non-appealing]"
729.jpg,"[Non-appealing]"
730.jpg,"[Non-appealing]"
731.jpg,"[Non-appealing]"
732.jpg,"[Appealing]"
733.jpg,"[Appealing]"
734.jpg,"[Non-appealing]"
735.jpg,"[Appealing]"
736.jpg,"[Non-appealing]"
737.jpg,"[Non-appealing]"
738.jpg,"[Appealing]"
739.jpg,"[Non-appealing]"
740.jpg,"[Non-appealing]"
741.jpg,"[Appealing]"
742.jpg,"[Non-appealing]"
743.jpg,"[Non-appealing]"
744.jpg,"[Non-appealing]"
745.jpg,"[Non-appealing]"
746.jpg,"[Appealing]"
747.jpg,"[Appealing]"
748.jpg,"[Non-appealing]"
749.jpg,"[Appealing]"
750.jpg,"[Appealing]"
751.jpg,"[Non-appealing]"
752.jpg,"[Non-appealing]"
753.jpg,"[Non-appealing]"
754.jpg,"[Appealing]"
755.jpg,"[Non-appealing]"
756.jpg,"[Non-appealing]"
757.jpg,"[Non-appealing]"
758.jpg,"[Appealing]"
759.jpg,"[Appealing]"
760.jpg,"[Appealing]"
761.jpg,"[Non-appealing]"
762.jpg,"[Appealing]"
763.jpg,"[Non-appealing]"
764.jpg,"[Non-appealing]"
765.jpg,"[Appealing]"
766.jpg,"[Non-appealing]"
767.jpg,"[Non-appealing]"
768.jpg,"[Appealing]"
769.jpg,"[Non-appealing]"
770.jpg,"[Appealing]"
771.jpg,"[Non-appealing]"
772.jpg,"[Appealing]"
773.jpg,"[Appealing]"
774.jpg,"[Non-appealing]"
775.jpg,"[Non-appealing]"
776.jpg,"[Appealing]"
777.jpg,"[Non-appealing]"
778.jpg,"[Non-appealing]"
779.jpg,"[Non-appealing]"
780.jpg,"[Appealing]"
781.jpg,"[Non-appealing]"
782.jpg,"[Non-appealing]"
783.jpg,"[Non-appealing]"
784.jpg,"[Non-appealing]"
785.jpg,"[Appealing]"
786.jpg,"[Appealing]"
787.jpg,"[Non-appealing]"
788.jpg,"[Appealing]"
789.jpg,"[Appealing]"
790.jpg,"[Non-appealing]"
791.jpg,"[Appealing]"
792.jpg,"[Non-appealing]"
793.jpg,"[Non-appealing]"
794.jpg,"[Appealing]"
795.jpg,"[Appealing]"
796.jpg,"[Non-appealing]"
797.jpg,"[Appealing]"
798.jpg,"[Non-appealing]"
799.jpg,"[Non-appealing]"
800.jpg,"[Non-appealing]"