1000.jpg,"[Non-appealing]"
850.jpg,"[Non-appealing]"
681.jpg,"[Non-appealing]"
852.jpg,"[Appealing]"
767.jpg,"[Non-appealing]"
682.jpg,"[Appealing]"
954.jpg,"[Non-appealing]"
988.jpg,"[Appealing]"
755.jpg,"[Appealing]"
588.jpg,"[Non-appealing]"
800.jpg,"[Non-appealing]"
564.jpg,"[Appealing]"
650.jpg,"[Appealing]"
799.jpg,"[Non-appealing]"
938.jpg,"[Appealing]"
838.jpg,"[Non-appealing]"
1005.jpg,"[Appealing]"
772.jpg,"[Appealing]"
691.jpg,"[Appealing]"
932.jpg,"[Appealing]"
569.jpg,"[Non-appealing]"
596.jpg,"[Non-appealing]"
581.jpg,"[Appealing]"
1004.jpg,"[Non-appealing]"
987.jpg,"[Non-appealing]"
786.jpg,"[Appealing]"
537.jpg,"[Non-appealing]"
727.jpg,"[Appealing]"
563.jpg,"[Appealing]"
970.jpg,"[Non-appealing]"
557.jpg,"[Non-appealing]"
631.jpg,"[Non-appealing]"
853.jpg,"[Non-appealing]"
775.jpg,"[Non-appealing]"
866.jpg,"[Appealing]"
892.jpg,"[Appealing]"
814.jpg,"[Appealing]"
833.jpg,"[Non-appealing]"
945.jpg,"[Non-appealing]"
781.jpg,"[Non-appealing]"
708.jpg,"[Appealing]"
666.jpg,"[Non-appealing]"
996.jpg,"[Non-appealing]"
898.jpg,"[Non-appealing]"
578.jpg,"[Appealing]"
935.jpg,"[Appealing]"
764.jpg,"[Appealing]"
513.jpg,"[Appealing]"
534.jpg,"[Appealing]"
568.jpg,"[Non-appealing]"
644.jpg,"[Non-appealing]"
883.jpg,"[Appealing]"
628.jpg,"[Non-appealing]"
583.jpg,"[Appealing]"
680.jpg,"[Appealing]"
642.jpg,"[Appealing]"
830.jpg,"[Non-appealing]"
912.jpg,"[Non-appealing]"
740.jpg,"[Non-appealing]"
967.jpg,"[Non-appealing]"
885.jpg,"[Non-appealing]"
787.jpg,"[Non-appealing]"
550.jpg,"[Appealing]"
878.jpg,"[Appealing]"
859.jpg,"[Appealing]"
999.jpg,"[Appealing]"
726.jpg,"[Non-appealing]"
525.jpg,"[Non-appealing]"
592.jpg,"[Non-appealing]"
670.jpg,"[Appealing]"
640.jpg,"[Appealing]"
546.jpg,"[Appealing]"
606.jpg,"[Non-appealing]"
669.jpg,"[Non-appealing]"
887.jpg,"[Appealing]"
676.jpg,"[Non-appealing]"
810.jpg,"[Non-appealing]"
808.jpg,"[Appealing]"
899.jpg,"[Appealing]"
816.jpg,"[Non-appealing]"
720.jpg,"[Appealing]"
602.jpg,"[Appealing]"
607.jpg,"[Appealing]"
520.jpg,"[Non-appealing]"
826.jpg,"[Non-appealing]"
705.jpg,"[Non-appealing]"
609.jpg,"[Non-appealing]"
725.jpg,"[Non-appealing]"
529.jpg,"[Non-appealing]"
890.jpg,"[Non-appealing]"
590.jpg,"[Appealing]"
745.jpg,"[Appealing]"
770.jpg,"[Appealing]"
843.jpg,"[Appealing]"
978.jpg,"[Appealing]"
700.jpg,"[Non-appealing]"
949.jpg,"[Appealing]"
613.jpg,"[Appealing]"
620.jpg,"[Appealing]"
811.jpg,"[Non-appealing]"
647.jpg,"[Non-appealing]"
729.jpg,"[Non-appealing]"
512.jpg,"[Non-appealing]"
895.jpg,"[Non-appealing]"
1008.jpg,"[Non-appealing]"
547.jpg,"[Appealing]"
734.jpg,"[Appealing]"
870.jpg,"[Appealing]"
728.jpg,"[Appealing]"
790.jpg,"[Appealing]"
658.jpg,"[Appealing]"
580.jpg,"[Non-appealing]"
526.jpg,"[Appealing]"
739.jpg,"[Appealing]"
619.jpg,"[Appealing]"
701.jpg,"[Appealing]"
778.jpg,"[Non-appealing]"
664.jpg,"[Non-appealing]"
742.jpg,"[Non-appealing]"
893.jpg,"[Appealing]"
549.jpg,"[Non-appealing]"
962.jpg,"[Non-appealing]"
686.jpg,"[Non-appealing]"
582.jpg,"[Appealing]"
854.jpg,"[Appealing]"
985.jpg,"[Non-appealing]"
855.jpg,"[Non-appealing]"
663.jpg,"[Appealing]"
860.jpg,"[Non-appealing]"
977.jpg,"[Appealing]"
527.jpg,"[Appealing]"
761.jpg,"[Non-appealing]"
875.jpg,"[Appealing]"
911.jpg,"[Non-appealing]"
508.jpg,"[Non-appealing]"
771.jpg,"[Non-appealing]"
933.jpg,"[Non-appealing]"
834.jpg,"[Appealing]"
910.jpg,"[Appealing]"
655.jpg,"[Appealing]"
703.jpg,"[Appealing]"
992.jpg,"[Non-appealing]"
1010.jpg,"[Non-appealing]"
595.jpg,"[Non-appealing]"
858.jpg,"[Appealing]"
570.jpg,"[Appealing]"
594.jpg,"[Appealing]"
1003.jpg,"[Non-appealing]"
783.jpg,"[Appealing]"
964.jpg,"[Appealing]"
1012.jpg,"[Non-appealing]"
535.jpg,"[Appealing]"
863.jpg,"[Appealing]"
785.jpg,"[Appealing]"
531.jpg,"[Appealing]"
903.jpg,"[Appealing]"
955.jpg,"[Appealing]"
694.jpg,"[Appealing]"
684.jpg,"[Appealing]"
789.jpg,"[Appealing]"
585.jpg,"[Appealing]"
638.jpg,"[Appealing]"
516.jpg,"[Appealing]"
904.jpg,"[Appealing]"
674.jpg,"[Appealing]"
717.jpg,"[Appealing]"
575.jpg,"[Appealing]"
876.jpg,"[Appealing]"
601.jpg,"[Appealing]"
877.jpg,"[Appealing]"
608.jpg,"[Appealing]"
552.jpg,"[Appealing]"
721.jpg,"[Appealing]"
953.jpg,"[Appealing]"
738.jpg,"[Appealing]"
762.jpg,"[Appealing]"
665.jpg,"[Appealing]"
940.jpg,"[Appealing]"
794.jpg,"[Appealing]"
846.jpg,"[Appealing]"
963.jpg,"[Appealing]"
754.jpg,"[Appealing]"
653.jpg,"[Appealing]"
652.jpg,"[Appealing]"
991.jpg,"[Appealing]"
831.jpg,"[Appealing]"
545.jpg,"[Appealing]"
614.jpg,"[Appealing]"
760.jpg,"[Appealing]"
901.jpg,"[Appealing]"
510.jpg,"[Appealing]"
891.jpg,"[Appealing]"
597.jpg,"[Appealing]"
698.jpg,"[Appealing]"
998.jpg,"[Appealing]"
746.jpg,"[Appealing]"
821.jpg,"[Appealing]"
807.jpg,"[Appealing]"
768.jpg,"[Appealing]"
657.jpg,"[Appealing]"
879.jpg,"[Appealing]"
690.jpg,"[Appealing]"
867.jpg,"[Appealing]"
635.jpg,"[Appealing]"
732.jpg,"[Appealing]"
812.jpg,"[Appealing]"
836.jpg,"[Appealing]"
849.jpg,"[Appealing]"
576.jpg,"[Appealing]"
791.jpg,"[Appealing]"
797.jpg,"[Appealing]"
818.jpg,"[Appealing]"
937.jpg,"[Appealing]"
900.jpg,"[Appealing]"
979.jpg,"[Appealing]"
718.jpg,"[Appealing]"
927.jpg,"[Appealing]"
627.jpg,"[Appealing]"
819.jpg,"[Appealing]"
716.jpg,"[Appealing]"
560.jpg,"[Appealing]"
995.jpg,"[Appealing]"
622.jpg,"[Appealing]"
593.jpg,"[Appealing]"
968.jpg,"[Appealing]"
678.jpg,"[Appealing]"
825.jpg,"[Appealing]"
662.jpg,"[Non-appealing]"
616.jpg,"[Appealing]"
948.jpg,"[Appealing]"
909.jpg,"[Appealing]"
804.jpg,"[Appealing]"
980.jpg,"[Appealing]"
922.jpg,"[Appealing]"
788.jpg,"[Appealing]"
574.jpg,"[Appealing]"
503.jpg,"[Appealing]"
504.jpg,"[Appealing]"
667.jpg,"[Non-appealing]"
501.jpg,"[Appealing]"
528.jpg,"[Appealing]"
809.jpg,"[Appealing]"
693.jpg,"[Appealing]"
959.jpg,"[Appealing]"
881.jpg,"[Appealing]"
919.jpg,"[Appealing]"
869.jpg,"[Appealing]"
741.jpg,"[Appealing]"
856.jpg,"[Appealing]"
1009.jpg,"[Appealing]"
839.jpg,"[Appealing]"
750.jpg,"[Appealing]"
906.jpg,"[Appealing]"
952.jpg,"[Appealing]"
939.jpg,"[Appealing]"
554.jpg,"[Appealing]"
651.jpg,"[Appealing]"
872.jpg,"[Appealing]"
920.jpg,"[Appealing]"
861.jpg,"[Appealing]"
514.jpg,"[Appealing]"
541.jpg,"[Appealing]"
565.jpg,"[Non-appealing]"
871.jpg,"[Appealing]"
795.jpg,"[Appealing]"
894.jpg,"[Appealing]"
969.jpg,"[Appealing]"
683.jpg,"[Appealing]"
677.jpg,"[Appealing]"
759.jpg,"[Appealing]"
604.jpg,"[Appealing]"
907.jpg,"[Appealing]"
559.jpg,"[Appealing]"
817.jpg,"[Appealing]"
862.jpg,"[Appealing]"
929.jpg,"[Appealing]"
1007.jpg,"[Appealing]"
688.jpg,"[Appealing]"
591.jpg,"[Appealing]"
511.jpg,"[Appealing]"
950.jpg,"[Appealing]"
1011.jpg,"[Appealing]"
646.jpg,"[Appealing]"
706.jpg,"[Appealing]"
719.jpg,"[Appealing]"
697.jpg,"[Appealing]"
896.jpg,"[Appealing]"
611.jpg,"[Appealing]"
735.jpg,"[Appealing]"
976.jpg,"[Appealing]"
758.jpg,"[Appealing]"
572.jpg,"[Appealing]"
524.jpg,"[Appealing]"
965.jpg,"[Appealing]"
915.jpg,"[Appealing]"
530.jpg,"[Appealing]"
773.jpg,"[Appealing]"
975.jpg,"[Appealing]"
851.jpg,"[Appealing]"
584.jpg,"[Appealing]"
542.jpg,"[Appealing]"
1001.jpg,"[Appealing]"
747.jpg,"[Appealing]"
942.jpg,"[Appealing]"
848.jpg,"[Appealing]"
573.jpg,"[Appealing]"
923.jpg,"[Appealing]"
827.jpg,"[Appealing]"
765.jpg,"[Appealing]"
845.jpg,"[Appealing]"
521.jpg,"[Appealing]"
571.jpg,"[Appealing]"
930.jpg,"[Appealing]"
538.jpg,"[Appealing]"
733.jpg,"[Appealing]"
989.jpg,"[Appealing]"
618.jpg,"[Appealing]"
956.jpg,"[Non-appealing]"
551.jpg,"[Non-appealing]"
711.jpg,"[Non-appealing]"
615.jpg,"[Non-appealing]"
756.jpg,"[Non-appealing]"
630.jpg,"[Appealing]"
558.jpg,"[Non-appealing]"
632.jpg,"[Non-appealing]"
579.jpg,"[Appealing]"
621.jpg,"[Non-appealing]"
844.jpg,"[Appealing]"
823.jpg,"[Appealing]"
828.jpg,"[Appealing]"
743.jpg,"[Appealing]"
639.jpg,"[Appealing]"
917.jpg,"[Appealing]"
577.jpg,"[Appealing]"
598.jpg,"[Non-appealing]"
532.jpg,"[Non-appealing]"
753.jpg,"[Non-appealing]"
553.jpg,"[Non-appealing]"
675.jpg,"[Non-appealing]"
624.jpg,"[Non-appealing]"
509.jpg,"[Non-appealing]"
709.jpg,"[Non-appealing]"
973.jpg,"[Non-appealing]"
505.jpg,"[Non-appealing]"
556.jpg,"[Non-appealing]"
926.jpg,"[Appealing]"
506.jpg,"[Appealing]"
914.jpg,"[Non-appealing]"
763.jpg,"[Appealing]"
958.jpg,"[Non-appealing]"
864.jpg,"[Appealing]"
687.jpg,"[Appealing]"
519.jpg,"[Appealing]"
714.jpg,"[Non-appealing]"
673.jpg,"[Appealing]"
993.jpg,"[Appealing]"
974.jpg,"[Non-appealing]"
971.jpg,"[Non-appealing]"
696.jpg,"[Non-appealing]"
603.jpg,"[Appealing]"
947.jpg,"[Non-appealing]"
972.jpg,"[Non-appealing]"
731.jpg,"[Appealing]"
566.jpg,"[Non-appealing]"
723.jpg,"[Appealing]"
961.jpg,"[Appealing]"
612.jpg,"[Appealing]"
685.jpg,"[Appealing]"
780.jpg,"[Appealing]"
990.jpg,"[Appealing]"
943.jpg,"[Appealing]"
931.jpg,"[Appealing]"
908.jpg,"[Appealing]"
679.jpg,"[Appealing]"
847.jpg,"[Appealing]"
672.jpg,"[Appealing]"
880.jpg,"[Non-appealing]"
736.jpg,"[Non-appealing]"
857.jpg,"[Non-appealing]"
832.jpg,"[Appealing]"
984.jpg,"[Non-appealing]"
507.jpg,"[Non-appealing]"
774.jpg,"[Appealing]"
748.jpg,"[Non-appealing]"
656.jpg,"[Non-appealing]"
633.jpg,"[Appealing]"
882.jpg,"[Appealing]"
660.jpg,"[Appealing]"
841.jpg,"[Appealing]"
921.jpg,"[Non-appealing]"
502.jpg,"[Appealing]"
951.jpg,"[Appealing]"
712.jpg,"[Appealing]"
888.jpg,"[Appealing]"
555.jpg,"[Non-appealing]"
695.jpg,"[Appealing]"
641.jpg,"[Non-appealing]"
562.jpg,"[Appealing]"
902.jpg,"[Non-appealing]"
874.jpg,"[Non-appealing]"
634.jpg,"[Appealing]"
548.jpg,"[Non-appealing]"
567.jpg,"[Appealing]"
752.jpg,"[Appealing]"
829.jpg,"[Appealing]"
889.jpg,"[Appealing]"
934.jpg,"[Appealing]"
517.jpg,"[Appealing]"
966.jpg,"[Appealing]"
982.jpg,"[Non-appealing]"
629.jpg,"[Appealing]"
840.jpg,"[Non-appealing]"
600.jpg,"[Appealing]"
722.jpg,"[Non-appealing]"
925.jpg,"[Appealing]"
561.jpg,"[Appealing]"
837.jpg,"[Appealing]"
873.jpg,"[Appealing]"
710.jpg,"[Appealing]"
918.jpg,"[Appealing]"
636.jpg,"[Non-appealing]"
803.jpg,"[Appealing]"
936.jpg,"[Appealing]"
779.jpg,"[Appealing]"
766.jpg,"[Non-appealing]"
544.jpg,"[Appealing]"
805.jpg,"[Appealing]"
654.jpg,"[Appealing]"
659.jpg,"[Appealing]"
897.jpg,"[Appealing]"
913.jpg,"[Appealing]"
924.jpg,"[Appealing]"
730.jpg,"[Appealing]"
539.jpg,"[Non-appealing]"
905.jpg,"[Non-appealing]"
957.jpg,"[Non-appealing]"
798.jpg,"[Appealing]"
793.jpg,"[Appealing]"
842.jpg,"[Appealing]"
886.jpg,"[Appealing]"
751.jpg,"[Appealing]"
536.jpg,"[Appealing]"
815.jpg,"[Appealing]"
916.jpg,"[Non-appealing]"
704.jpg,"[Non-appealing]"
737.jpg,"[Non-appealing]"
824.jpg,"[Appealing]"
586.jpg,"[Appealing]"
610.jpg,"[Appealing]"
997.jpg,"[Appealing]"
637.jpg,"[Non-appealing]"
865.jpg,"[Appealing]"
792.jpg,"[Appealing]"
587.jpg,"[Appealing]"
626.jpg,"[Non-appealing]"
515.jpg,"[Non-appealing]"
668.jpg,"[Appealing]"
884.jpg,"[Non-appealing]"
802.jpg,"[Appealing]"
944.jpg,"[Appealing]"
692.jpg,"[Non-appealing]"
822.jpg,"[Appealing]"
724.jpg,"[Non-appealing]"
784.jpg,"[Appealing]"
941.jpg,"[Appealing]"
645.jpg,"[Appealing]"
522.jpg,"[Non-appealing]"
540.jpg,"[Non-appealing]"
777.jpg,"[Non-appealing]"
983.jpg,"[Appealing]"
757.jpg,"[Non-appealing]"
1006.jpg,"[Appealing]"
643.jpg,"[Appealing]"
689.jpg,"[Appealing]"
835.jpg,"[Non-appealing]"
533.jpg,"[Non-appealing]"
707.jpg,"[Appealing]"
599.jpg,"[Appealing]"
796.jpg,"[Non-appealing]"
820.jpg,"[Appealing]"
617.jpg,"[Appealing]"
928.jpg,"[Appealing]"
715.jpg,"[Appealing]"
981.jpg,"[Appealing]"
625.jpg,"[Non-appealing]"
518.jpg,"[Appealing]"
1002.jpg,"[Non-appealing]"
702.jpg,"[Non-appealing]"
649.jpg,"[Appealing]"
946.jpg,"[Non-appealing]"
543.jpg,"[Non-appealing]"
986.jpg,"[Non-appealing]"
994.jpg,"[Appealing]"
623.jpg,"[Appealing]"
671.jpg,"[Non-appealing]"
960.jpg,"[Non-appealing]"
605.jpg,"[Non-appealing]"
813.jpg,"[Appealing]"
699.jpg,"[Non-appealing]"
749.jpg,"[Appealing]"
769.jpg,"[Non-appealing]"
782.jpg,"[Appealing]"
523.jpg,"[Non-appealing]"
868.jpg,"[Appealing]"
806.jpg,"[Appealing]"
744.jpg,"[Appealing]"
661.jpg,"[Appealing]"
648.jpg,"[Appealing]"