201.jpg,"[Non-appealing]"
202.jpg,"[Non-appealing]"
203.jpg,"[Appealing]"
204.jpg,"[Non-appealing]"
205.jpg,"[Non-appealing]"
206.jpg,"[Appealing]"
207.jpg,"[Non-appealing]"
208.jpg,"[Non-appealing]"
209.jpg,"[Appealing]"
210.jpg,"[Appealing]"
211.jpg,"[Appealing]"
212.jpg,"[Appealing]"
213.jpg,"[Appealing]"
214.jpg,"[Non-appealing]"
215.jpg,"[Non-appealing]"
216.jpg,"[Non-appealing]"
217.jpg,"[Appealing]"
218.jpg,"[Appealing]"
219.jpg,"[Non-appealing]"
220.jpg,"[Non-appealing]"
221.jpg,"[Appealing]"
222.jpg,"[Non-appealing]"
223.jpg,"[Appealing]"
224.jpg,"[Non-appealing]"
225.jpg,"[Non-appealing]"
226.jpg,"[Non-appealing]"
227.jpg,"[Appealing]"
228.jpg,"[Appealing]"
229.jpg,"[Appealing]"
230.jpg,"[Appealing]"
231.jpg,"[Appealing]"
232.jpg,"[Non-appealing]"
233.jpg,"[Non-appealing]"
234.jpg,"[Non-appealing]"
235.jpg,"[Appealing]"
236.jpg,"[Appealing]"
237.jpg,"[Appealing]"
238.jpg,"[Non-appealing]"
239.jpg,"[Appealing]"
240.jpg,"[Appealing]"
241.jpg,"[Non-appealing]"
242.jpg,"[Non-appealing]"
243.jpg,"[Appealing]"
244.jpg,"[Non-appealing]"
245.jpg,"[Non-appealing]"
246.jpg,"[Appealing]"
247.jpg,"[Non-appealing]"
248.jpg,"[Non-appealing]"
249.jpg,"[Non-appealing]"
250.jpg,"[Appealing]"
251.jpg,"[Non-appealing]"
252.jpg,"[Appealing]"
253.jpg,"[Appealing]"
254.jpg,"[Appealing]"
255.jpg,"[Non-appealing]"
256.jpg,"[Non-appealing]"
257.jpg,"[Appealing]"
258.jpg,"[Non-appealing]"
259.jpg,"[Appealing]"
260.jpg,"[Non-appealing]"
261.jpg,"[Non-appealing]"
262.jpg,"[Non-appealing]"
263.jpg,"[Non-appealing]"
264.jpg,"[Appealing]"
265.jpg,"[Appealing]"
266.jpg,"[Appealing]"
267.jpg,"[Non-appealing]"
268.jpg,"[Appealing]"
269.jpg,"[Appealing]"
270.jpg,"[Appealing]"
271.jpg,"[Appealing]"
272.jpg,"[Non-appealing]"
273.jpg,"[Appealing]"
274.jpg,"[Non-appealing]"
275.jpg,"[Appealing]"
276.jpg,"[Appealing]"
277.jpg,"[Non-appealing]"
278.jpg,"[Appealing]"
279.jpg,"[Non-appealing]"
280.jpg,"[Non-appealing]"
281.jpg,"[Appealing]"
282.jpg,"[Non-appealing]"
283.jpg,"[Non-appealing]"
284.jpg,"[Appealing]"
285.jpg,"[Appealing]"
286.jpg,"[Non-appealing]"
287.jpg,"[Appealing]"
288.jpg,"[Non-appealing]"
289.jpg,"[Non-appealing]"
290.jpg,"[Non-appealing]"
291.jpg,"[Appealing]"
292.jpg,"[Non-appealing]"
293.jpg,"[Non-appealing]"
294.jpg,"[Appealing]"
295.jpg,"[Non-appealing]"
296.jpg,"[Non-appealing]"
297.jpg,"[Appealing]"
298.jpg,"[Non-appealing]"
299.jpg,"[Non-appealing]"
300.jpg,"[Non-appealing]"
301.jpg,"[Non-appealing]"
302.jpg,"[Appealing]"
303.jpg,"[Appealing]"
304.jpg,"[Non-appealing]"
305.jpg,"[Appealing]"
306.jpg,"[Non-appealing]"
307.jpg,"[Non-appealing]"
308.jpg,"[Non-appealing]"
309.jpg,"[Non-appealing]"
310.jpg,"[Appealing]"
311.jpg,"[Non-appealing]"
312.jpg,"[Non-appealing]"
313.jpg,"[Non-appealing]"
314.jpg,"[Appealing]"
315.jpg,"[Non-appealing]"
316.jpg,"[Non-appealing]"
317.jpg,"[Appealing]"
318.jpg,"[Non-appealing]"
319.jpg,"[Appealing]"
320.jpg,"[Non-appealing]"
321.jpg,"[Non-appealing]"
322.jpg,"[Appealing]"
323.jpg,"[Non-appealing]"
324.jpg,"[Non-appealing]"
325.jpg,"[Non-appealing]"
326.jpg,"[Appealing]"
327.jpg,"[Non-appealing]"
328.jpg,"[Appealing]"
329.jpg,"[Appealing]"
330.jpg,"[Non-appealing]"
331.jpg,"[Non-appealing]"
332.jpg,"[Non-appealing]"
333.jpg,"[Appealing]"
334.jpg,"[Non-appealing]"
335.jpg,"[Non-appealing]"
336.jpg,"[Appealing]"
337.jpg,"[Non-appealing]"
338.jpg,"[Non-appealing]"
339.jpg,"[Non-appealing]"
340.jpg,"[Non-appealing]"
341.jpg,"[Non-appealing]"
342.jpg,"[Non-appealing]"
343.jpg,"[Appealing]"
344.jpg,"[Non-appealing]"
345.jpg,"[Non-appealing]"
346.jpg,"[Appealing]"
347.jpg,"[Non-appealing]"
348.jpg,"[Non-appealing]"
349.jpg,"[Non-appealing]"
350.jpg,"[Appealing]"
351.jpg,"[Non-appealing]"
352.jpg,"[Non-appealing]"
353.jpg,"[Appealing]"
354.jpg,"[Appealing]"
355.jpg,"[Non-appealing]"
356.jpg,"[Appealing]"
357.jpg,"[Appealing]"
358.jpg,"[Appealing]"
359.jpg,"[Non-appealing]"
360.jpg,"[Non-appealing]"
361.jpg,"[Appealing]"
362.jpg,"[Non-appealing]"
363.jpg,"[Non-appealing]"
364.jpg,"[Non-appealing]"
365.jpg,"[Non-appealing]"
366.jpg,"[Non-appealing]"
367.jpg,"[Non-appealing]"
368.jpg,"[Non-appealing]"
369.jpg,"[Appealing]"
370.jpg,"[Non-appealing]"
371.jpg,"[Non-appealing]"
372.jpg,"[Non-appealing]"
373.jpg,"[Non-appealing]"
374.jpg,"[Appealing]"
375.jpg,"[Appealing]"
376.jpg,"[Non-appealing]"
377.jpg,"[Non-appealing]"
378.jpg,"[Non-appealing]"
379.jpg,"[Non-appealing]"
380.jpg,"[Non-appealing]"
381.jpg,"[Non-appealing]"
382.jpg,"[Non-appealing]"
383.jpg,"[Appealing]"
384.jpg,"[Non-appealing]"
385.jpg,"[Non-appealing]"
386.jpg,"[Appealing]"
387.jpg,"[Non-appealing]"
388.jpg,"[Non-appealing]"
389.jpg,"[Non-appealing]"
390.jpg,"[Non-appealing]"
391.jpg,"[Non-appealing]"
392.jpg,"[Non-appealing]"
393.jpg,"[Non-appealing]"
394.jpg,"[Non-appealing]"
395.jpg,"[Non-appealing]"
396.jpg,"[Non-appealing]"
397.jpg,"[Appealing]"
398.jpg,"[Non-appealing]"
399.jpg,"[Appealing]"
400.jpg,"[Appealing]"