"1.jpg,""[Non-appealing]"""
"2.jpg,""[Appealing]"""
"3.jpg,""[Non-appealing]"""
"4.jpg,""[Non-appealing]"""
"5.jpg,""[Non-appealing]"""
"6.jpg,""[Non-appealing]"""
"7.jpg,""[Appealing]"""
"8.jpg,""[Appealing]"""
"9.jpg,""[Appealing]"""
"10.jpg,""[Appealing]"""
"11.jpg,""[Non-appealing]"""
"12.jpg,""[Non-appealing]"""
"13.jpg,""[Appealing]""    "
"14.jpg,""[Non-appealing]"""
"15.jpg,""[Non-appealing]"""
"16.jpg,""[Non-appealing]"""
"17.jpg,""[Appealing]""    "
"18.jpg,""[Non-appealing]"""
"19.jpg,""[Non-appealing]"""
"20.jpg,""[Non-appealing]"""
"21.jpg,""[Appealing]""    "
"22.jpg,""[Non-appealing]"""
"23.jpg,""[Appealing]""    "
"24.jpg,""[Appealing]""    "
"25.jpg,""[Non-appealing]"""
"26.jpg,""[Appealing]""    "
"27.jpg,""[Appealing]""    "
"28.jpg,""[Non-appealing]"""
"29.jpg,""[Non-appealing]"""
"30.jpg,""[Appealing]""    "
"31.jpg,""[Appealing]""    "
"32.jpg,""[Appealing]""    "
"33.jpg,""[Appealing]""    "
"34.jpg,""[Non-appealing]"""
"35.jpg,""[Non-appealing]"""
"36.jpg,""[Appealing]"""
"37.jpg,""[Appealing]"""
"38.jpg,""[Appealing]"""
"39.jpg,""[Non-appealing]"""
"40.jpg,""[Non-appealing]"""
"41.jpg,""[Appealing]"""
"42.jpg,""[Non-appealing]"""
"43.jpg,""[Appealing]"""
"44.jpg,""[Appealing]"""
"45.jpg,""[Appealing]"""
"46.jpg,""[Non-appealing]"""
"47.jpg,""[Non-appealing]"""
"48.jpg,""[Non-appealing]"""
"49.jpg,""[Appealing]"""
"50.jpg,""[Non-appealing]"""
"51.jpg,""[Non-appealing]"""
"52.jpg,""[Appealing]"""
"53.jpg,""[Appealing]"""
"54.jpg,""[Appealing]"""
"55.jpg,""[Non-appealing]"""
"56.jpg,""[Appealing]"""
"57.jpg,""[Appealing]"""
"58.jpg,""[Non-appealing]"""
"59.jpg,""[Appealing]"""
"60.jpg,""[Non-appealing]"""
"61.jpg,""[Non-appealing]"""
"62.jpg,""[Non-appealing]"""
"63.jpg,""[Appealing]"""
"64.jpg,""[Non-appealing]"""
"65.jpg,""[Non-appealing]"""
"66.jpg,""[Non-appealing]"""
"67.jpg,""[Appealing]"""
"68.jpg,""[Appealing]"""
"69.jpg,""[Non-appealing]"""
"70.jpg,""[Non-appealing]"""
"71.jpg,""[Non-appealing]"""
"72.jpg,""[Non-appealing]"""
"73.jpg,""[Appealing]"""
"74.jpg,""[Non-appealing]"""
"75.jpg,""[Appealing]"""
"76.jpg,""[Appealing]"""
"77.jpg,""[Appealing]"""
"78.jpg,""[Non-appealing]"""
"79.jpg,""[Appealing]"""
"80.jpg,""[Appealing]"""
"81.jpg,""[Appealing]"""
"82.jpg,""[Appealing]"""
"83.jpg,""[Appealing]"""
"84.jpg,""[Non-appealing]"""
"85.jpg,""[Non-appealing]"""
"86.jpg,""[Appealing]"""
"87.jpg,""[Non-appealing]"""
"88.jpg,""[Appealing]"""
"89.jpg,""[Appealing]"""
"90.jpg,""[Non-appealing]"""
"91.jpg,""[Non-appealing]"""
"92.jpg,""[Appealing]"""
"93.jpg,""[Non-appealing]"""
"94.jpg,""[Appealing]"""
"95.jpg,""[Non-appealing]"""
"96.jpg,""[Appealing]"""
"97.jpg,""[Appealing]"""
"98.jpg,""[Appealing]"""
"99.jpg,""[Non-appealing]"""
"100.jpg,""[Appealing]"""
"101.jpg,""[Appealing]"""
"102.jpg,""[Non-appealing]"""
"103.jpg,""[Appealing]"""
"104.jpg,""[Non-appealing]"""
"105.jpg,""[Non-appealing]"""
"106.jpg,""[Appealing]"""
"107.jpg,""[Appealing]"""
"108.jpg,""[Non-appealing]"""
"109.jpg,""[Non-appealing]"""
"110.jpg,""[Non-appealing]"""
"111.jpg,""[Appealing]"""
"112.jpg,""[Appealing]"""
"113.jpg,""[Non-appealing]"""
"114.jpg,""[Appealing]"""
"115.jpg,""[Non-appealing]"""
"116.jpg,""[Non-appealing]"""
"117.jpg,""[Non-appealing]"""
"118.jpg,""[Non-appealing]"""
"119.jpg,""[Non-appealing]"""
"120.jpg,""[Appealing]"""
"121.jpg,""[Appealing]"""
"122.jpg,""[Appealing]"""
"123.jpg,""[Non-appealing]"""
"124.jpg,""[Appealing]"""
"125.jpg,""[Appealing]"""
"126.jpg,""[Appealing]"""
"127.jpg,""[Non-appealing]"""
"128.jpg,""[Non-appealing]"""
"129.jpg,""[Non-appealing]"""
"130.jpg,""[Non-appealing]"""
"131.jpg,""[Appealing]"""
"132.jpg,""[Non-appealing]"""
"133.jpg,""[Appealing]"""
"134.jpg,""[Non-appealing]"""
"135.jpg,""[Non-appealing]"""
"136.jpg,""[Appealing]"""
"137.jpg,""[Appealing]"""
"138.jpg,""[Non-appealing]"""
"139.jpg,""[Appealing]"""
"140.jpg,""[Appealing]"""
"141.jpg,""[Non-appealing]"""
"142.jpg,""[Non-appealing]"""
"143.jpg,""[Appealing]"""
"144.jpg,""[Appealing]"""
"145.jpg,""[Appealing]"""
"146.jpg,""[Non-appealing]"""
"147.jpg,""[Non-appealing]"""
"148.jpg,""[Non-appealing]"""
"149.jpg,""[Non-appealing]"""
"150.jpg,""[Appealing]"""
"151.jpg,""[Appealing]"""
"152.jpg,""[Non-appealing]"""
"153.jpg,""[Non-appealing]"""
"154.jpg,""[Appealing]"""
"155.jpg,""[Appealing]"""
"156.jpg,""[Non-appealing]"""
"157.jpg,""[Appealing]"""
"158.jpg,""[Non-appealing]"""
"159.jpg,""[Appealing]"""
"160.jpg,""[Appealing]"""
"161.jpg,""[Appealing]"""
"162.jpg,""[Appealing]"""
"163.jpg,""[Non-appealing]"""
"164.jpg,""[Non-appealing]"""
"165.jpg,""[Appealing]"""
"166.jpg,""[Non-appealing]"""
"167.jpg,""[Appealing]"""
"168.jpg,""[Appealing]"""
"169.jpg,""[Non-appealing]"""
"170.jpg,""[Appealing]"""
"171.jpg,""[Non-appealing]"""
"172.jpg,""[Non-appealing]"""
"173.jpg,""[Non-appealing]"""
"174.jpg,""[Non-appealing]"""
"175.jpg,""[Non-appealing]"""
"176.jpg,""[Non-appealing]"""
"177.jpg,""[Non-appealing]"""
"178.jpg,""[Non-appealing]"""
"179.jpg,""[Non-appealing]"""
"180.jpg,""[Non-appealing]"""
"181.jpg,""[Appealing]"""
"182.jpg,""[Non-appealing]"""
"183.jpg,""[Non-appealing]"""
"184.jpg,""[Non-appealing]"""
"185.jpg,""[Non-appealing]"""
"186.jpg,""[Non-appealing]"""
"187.jpg,""[Appealing]"""
"188.jpg,""[Non-appealing]"""
"189.jpg,""[Appealing]"""
"190.jpg,""[Appealing]"""
"191.jpg,""[Appealing]"""
"192.jpg,""[Appealing]"""
"193.jpg,""[Non-appealing]"""
"194.jpg,""[Appealing]"""
"195.jpg,""[Appealing]"""
"196.jpg,""[Non-appealing]"""
"197.jpg,""[Appealing]"""
"198.jpg,""[Appealing]"""
"199.jpg,""[Non-appealing]"""
"200.jpg,""[Appealing]"""
"201.jpg,""[Non-appealing]"""
"202.jpg,""[Appealing]"""
"203.jpg,""[Non-appealing]"""
"204.jpg,""[Appealing]"""
"205.jpg,""[Appealing]"""
"206.jpg,""[Non-appealing]"""
"207.jpg,""[Non-appealing]"""
"208.jpg,""[Appealing]"""
"209.jpg,""[Appealing]"""
"210.jpg,""[Non-appealing]"""
"211.jpg,""[Appealing]"""
"212.jpg,""[Appealing]"""
"213.jpg,""[Non-appealing]"""
"214.jpg,""[Non-appealing]"""
"215.jpg,""[Non-appealing]"""
"216.jpg,""[Appealing]"""
"217.jpg,""[Non-appealing]"""
"218.jpg,""[Appealing]"""
"219.jpg,""[Appealing]"""
"220.jpg,""[Non-appealing]"""
"221.jpg,""[Appealing]"""
"222.jpg,""[Appealing]"""
"223.jpg,""[Non-appealing]"""
"224.jpg,""[Non-appealing]"""
"225.jpg,""[Non-appealing]"""
"226.jpg,""[Appealing]"""
"227.jpg,""[Non-appealing]"""
"228.jpg,""[Appealing]"""
"229.jpg,""[Appealing]"""
"230.jpg,""[Appealing]"""
"231.jpg,""[Appealing]"""
"232.jpg,""[Non-appealing]"""
"233.jpg,""[Appealing]"""
"234.jpg,""[Non-appealing]"""
"235.jpg,""[Appealing]"""
"236.jpg,""[Appealing]"""
"237.jpg,""[Non-appealing]"""
"238.jpg,""[Appealing]"""
"239.jpg,""[Non-appealing]"""
"240.jpg,""[Appealing]"""
"241.jpg,""[Appealing]"""
"242.jpg,""[Appealing]"""
"243.jpg,""[Appealing]"""
"244.jpg,""[Appealing]"""
"245.jpg,""[Non-appealing]"""
"246.jpg,""[Non-appealing]"""
"247.jpg,""[Non-appealing]"""
"248.jpg,""[Appealing]"""
"249.jpg,""[Appealing]"""
"250.jpg,""[Appealing]"""
"251.jpg,""[Non-appealing]"""
"252.jpg,""[Non-appealing]"""
"253.jpg,""[Appealing]"""
"254.jpg,""[Appealing]"""
"255.jpg,""[Non-appealing]"""
"256.jpg,""[Appealing]"""
"257.jpg,""[Non-appealing]"""
"258.jpg,""[Appealing]"""
"259.jpg,""[Non-appealing]"""
"260.jpg,""[Non-appealing]"""
"261.jpg,""[Non-appealing]"""
"262.jpg,""[Non-appealing]"""
"263.jpg,""[Appealing]"""
"264.jpg,""[Non-appealing]"""
"265.jpg,""[Non-appealing]"""
"266.jpg,""[Non-appealing]"""
"267.jpg,""[Non-appealing]"""
"268.jpg,""[Non-appealing]"""
"269.jpg,""[Appealing]"""
"270.jpg,""[Appealing]"""
"271.jpg,""[Non-appealing]"""
"272.jpg,""[Non-appealing]"""
"273.jpg,""[Appealing]"""
"274.jpg,""[Non-appealing]"""
"275.jpg,""[Appealing]"""
"276.jpg,""[Appealing]"""
"277.jpg,""[Appealing]"""
"278.jpg,""[Appealing]"""
"279.jpg,""[Non-appealing]"""
"280.jpg,""[Non-appealing]"""
"281.jpg,""[Non-appealing]"""
"282.jpg,""[Non-appealing]"""
"283.jpg,""[Non-appealing]"""
"284.jpg,""[Appealing]"""
"285.jpg,""[Appealing]"""
"286.jpg,""[Non-appealing]"""
"287.jpg,""[Appealing]"""
"288.jpg,""[Appealing]"""
"289.jpg,""[Non-appealing]"""
"290.jpg,""[Non-appealing]"""
"291.jpg,""[Appealing]"""
"292.jpg,""[Non-appealing]"""
"293.jpg,""[Appealing]"""
"294.jpg,""[Non-appealing]"""
"295.jpg,""[Appealing]"""
"296.jpg,""[Non-appealing]"""
"297.jpg,""[Appealing]"""
"298.jpg,""[Non-appealing]"""
"299.jpg,""[Appealing]"""
"300.jpg,""[Non-appealing]"""
"301.jpg,""[Appealing]"""
"302.jpg,""[Appealing]"""
"303.jpg,""[Non-appealing]"""
"304.jpg,""[Non-appealing]"""
"305.jpg,""[Appealing]"""
"306.jpg,""[Non-appealing]"""
"307.jpg,""[Non-appealing]"""
"308.jpg,""[Non-appealing]"""
"309.jpg,""[Non-appealing]"""
"310.jpg,""[Non-appealing]"""
"311.jpg,""[Non-appealing]"""
"312.jpg,""[Appealing]"""
"313.jpg,""[Appealing]"""
"314.jpg,""[Non-appealing]"""
"315.jpg,""[Appealing]"""
"316.jpg,""[Non-appealing]"""
"317.jpg,""[Appealing]"""
"318.jpg,""[Non-appealing]"""
"319.jpg,""[Non-appealing]"""
"320.jpg,""[Non-appealing]"""
"321.jpg,""[Non-appealing]"""
"322.jpg,""[Appealing]"""
"323.jpg,""[Appealing]"""
"324.jpg,""[Appealing]"""
"325.jpg,""[Non-appealing]"""
"326.jpg,""[Appealing]"""
"327.jpg,""[Appealing]"""
"328.jpg,""[Non-appealing]"""
"329.jpg,""[Appealing]"""
"330.jpg,""[Appealing]"""
"331.jpg,""[Non-appealing]"""
"332.jpg,""[Non-appealing]"""
"333.jpg,""[Appealing]"""
"334.jpg,""[Appealing]"""
"335.jpg,""[Non-appealing]"""
"336.jpg,""[Non-appealing]"""
"337.jpg,""[Appealing]"""
"338.jpg,""[Appealing]"""
"339.jpg,""[Non-appealing]"""
"340.jpg,""[Non-appealing]"""
"341.jpg,""[Non-appealing]"""
"342.jpg,""[Appealing]"""
"343.jpg,""[Non-appealing]"""
"344.jpg,""[Appealing]"""
"345.jpg,""[Appealing]"""
"346.jpg,""[Appealing]"""
"347.jpg,""[Appealing]"""
"348.jpg,""[Appealing]"""
"349.jpg,""[Non-appealing]"""
"350.jpg,""[Appealing]"""
"351.jpg,""[Appealing]"""
"352.jpg,""[Non-appealing]"""
"353.jpg,""[Non-appealing]"""
"354.jpg,""[Non-appealing]"""
"355.jpg,""[Appealing]"""
"356.jpg,""[Non-appealing]"""
"357.jpg,""[Appealing]"""
"358.jpg,""[Appealing]"""
"359.jpg,""[Non-appealing]"""
"360.jpg,""[Appealing]"""
"361.jpg,""[Appealing]"""
"362.jpg,""[Non-appealing]"""
"363.jpg,""[Non-appealing]"""
"364.jpg,""[Appealing]"""
"365.jpg,""[Non-appealing]"""
"366.jpg,""[Non-appealing]"""
"367.jpg,""[Appealing]"""
"368.jpg,""[Appealing]"""
"369.jpg,""[Appealing]"""
"370.jpg,""[Non-appealing]"""
"371.jpg,""[Appealing]"""
"372.jpg,""[Non-appealing]"""
"373.jpg,""[Appealing]"""
"374.jpg,""[Non-appealing]"""
"375.jpg,""[Non-appealing]"""
"376.jpg,""[Non-appealing]"""
"377.jpg,""[Appealing]"""
"378.jpg,""[Appealing]"""
"379.jpg,""[Non-appealing]"""
"380.jpg,""[Appealing]"""
"381.jpg,""[Non-appealing]"""
"382.jpg,""[Non-appealing]"""
"383.jpg,""[Non-appealing]"""
"384.jpg,""[Non-appealing]"""
"385.jpg,""[Non-appealing]"""
"386.jpg,""[Non-appealing]"""
"387.jpg,""[Non-appealing]"""
"388.jpg,""[Appealing]"""
"389.jpg,""[Appealing]"""
"390.jpg,""[Non-appealing]"""
"391.jpg,""[Appealing]"""
"392.jpg,""[Appealing]"""
"393.jpg,""[Non-appealing]"""
"394.jpg,""[Appealing]"""
"395.jpg,""[Appealing]"""
"396.jpg,""[Appealing]"""
"397.jpg,""[Non-appealing]"""
"398.jpg,""[Appealing]"""
"399.jpg,""[Appealing]"""
"400.jpg,""[Non-appealing]"""
"401.jpg,""[Non-appealing]"""
"402.jpg,""[Non-appealing]"""
"403.jpg,""[Appealing]"""
"404.jpg,""[Non-appealing]"""
"405.jpg,""[Appealing]"""
"406.jpg,""[Appealing]"""
"407.jpg,""[Appealing]"""
"408.jpg,""[Appealing]"""
"409.jpg,""[Non-appealing]"""
"410.jpg,""[Non-appealing]"""
"411.jpg,""[Non-appealing]"""
"412.jpg,""[Non-appealing]"""
"413.jpg,""[Non-appealing]"""
"414.jpg,""[Appealing]"""
"415.jpg,""[Non-appealing]"""
"416.jpg,""[Non-appealing]"""
"417.jpg,""[Non-appealing]"""
"418.jpg,""[Non-appealing]"""
"419.jpg,""[Non-appealing]"""
"420.jpg,""[Appealing]"""
"421.jpg,""[Appealing]"""
"422.jpg,""[Non-appealing]"""
"423.jpg,""[Appealing]"""
"424.jpg,""[Appealing]"""
"425.jpg,""[Appealing]"""
"426.jpg,""[Appealing]"""
"427.jpg,""[Non-appealing]"""
"428.jpg,""[Appealing]"""
"429.jpg,""[Appealing]"""
"430.jpg,""[Appealing]"""
"431.jpg,""[Appealing]"""
"432.jpg,""[Non-appealing]"""
"433.jpg,""[Non-appealing]"""
"434.jpg,""[Non-appealing]"""
"435.jpg,""[Appealing]"""
"436.jpg,""[Appealing]"""
"437.jpg,""[Non-appealing]"""
"438.jpg,""[Appealing]"""
"439.jpg,""[Non-appealing]"""
"440.jpg,""[Appealing]"""
"441.jpg,""[Non-appealing]"""
"442.jpg,""[Appealing]"""
"443.jpg,""[Non-appealing]"""
"444.jpg,""[Non-appealing]"""
"445.jpg,""[Appealing]"""
"446.jpg,""[Non-appealing]"""
"447.jpg,""[Appealing]"""
"448.jpg,""[Non-appealing]"""
"449.jpg,""[Non-appealing]"""
"450.jpg,""[Non-appealing]"""
"451.jpg,""[Non-appealing]"""
"452.jpg,""[Non-appealing]"""
"453.jpg,""[Non-appealing]"""
"454.jpg,""[Non-appealing]"""
"455.jpg,""[Non-appealing]"""
"456.jpg,""[Non-appealing]"""
"457.jpg,""[Appealing]"""
"458.jpg,""[Non-appealing]"""
"459.jpg,""[Non-appealing]"""
"460.jpg,""[Non-appealing]"""
"461.jpg,""[Non-appealing]"""
"462.jpg,""[Non-appealing]"""
"463.jpg,""[Appealing]"""
"464.jpg,""[Non-appealing]"""
"465.jpg,""[Non-appealing]"""
"466.jpg,""[Appealing]"""
"467.jpg,""[Appealing]"""
"468.jpg,""[Appealing]"""
"469.jpg,""[Appealing]"""
"470.jpg,""[Non-appealing]"""
"471.jpg,""[Non-appealing]"""
"472.jpg,""[Appealing]"""
"473.jpg,""[Appealing]"""
"474.jpg,""[Non-appealing]"""
"475.jpg,""[Appealing]"""
"476.jpg,""[Non-appealing]"""
"477.jpg,""[Non-appealing]"""
"478.jpg,""[Appealing]"""
"479.jpg,""[Appealing]"""
"480.jpg,""[Appealing]"""
"481.jpg,""[Appealing]"""
"482.jpg,""[Non-appealing]"""
"483.jpg,""[Appealing]"""
"484.jpg,""[Appealing]"""
"485.jpg,""[Appealing]"""
"486.jpg,""[Non-appealing]"""
"487.jpg,""[Non-appealing]"""
"488.jpg,""[Appealing]"""
"489.jpg,""[Appealing]"""
"490.jpg,""[Appealing]"""
"491.jpg,""[Non-appealing]"""
"492.jpg,""[Non-appealing]"""
"493.jpg,""[Appealing]"""
"494.jpg,""[Non-appealing]"""
"495.jpg,""[Non-appealing]"""
"496.jpg,""[Appealing]"""
"497.jpg,""[Non-appealing]"""
"498.jpg,""[Non-appealing]"""
"499.jpg,""[Non-appealing]"""
"500.jpg,""[Appealing]"""
