501.jpg,"[Non-appealing]"
502.jpg,"[Appealing]"
503.jpg,"[Non-appealing]"
504.jpg,"[Non-appealing]"
505.jpg,"[Non-appealing]"
506.jpg,"[Non-appealing]"
507.jpg,"[Appealing]"
508.jpg,"[Appealing]"
509.jpg,"[Non-appealing]"
510.jpg,"[Non-appealing]"
511.jpg,"[Non-appealing]"
512.jpg,"[Appealing]"
513.jpg,"[Appealing]"
514.jpg,"[Non-appealing]"
515.jpg,"[Appealing]"
516.jpg,"[Non-appealing]"
517.jpg,"[Appealing]"
518.jpg,"[Non-appealing]"
519.jpg,"[Non-appealing]"
520.jpg,"[Appealing]"
521.jpg,"[Non-appealing]"
522.jpg,"[Non-appealing]"
523.jpg,"[Non-appealing]"
524.jpg,"[Non-appealing]"
525.jpg,"[Appealing]"
526.jpg,"[Non-appealing]"
527.jpg,"[Appealing]"
528.jpg,"[Non-appealing]"
529.jpg,"[Non-appealing]"
530.jpg,"[Non-appealing]"
531.jpg,"[Non-appealing]"
532.jpg,"[Non-appealing]"
533.jpg,"[Appealing]"
534.jpg,"[Non-appealing]"
535.jpg,"[Non-appealing]"
536.jpg,"[Non-appealing]"
537.jpg,"[Appealing]"
538.jpg,"[Non-appealing]"
539.jpg,"[Non-appealing]"
540.jpg,"[Appealing]"
541.jpg,"[Non-appealing]"
542.jpg,"[Non-appealing]"
543.jpg,"[Appealing]"
544.jpg,"[Appealing]"
545.jpg,"[Non-appealing]"
546.jpg,"[Appealing]"
547.jpg,"[Appealing]"
548.jpg,"[Appealing]"
549.jpg,"[Appealing]"
550.jpg,"[Non-appealing]"
551.jpg,"[Non-appealing]"
552.jpg,"[Non-appealing]"
553.jpg,"[Non-appealing]"
554.jpg,"[Non-appealing]"
555.jpg,"[Non-appealing]"
556.jpg,"[Non-appealing]"
557.jpg,"[Non-appealing]"
558.jpg,"[Appealing]"
559.jpg,"[Non-appealing]"
560.jpg,"[Non-appealing]"
561.jpg,"[Non-appealing]"
562.jpg,"[Appealing]"
563.jpg,"[Non-appealing]"
564.jpg,"[Non-appealing]"
565.jpg,"[Non-appealing]"
566.jpg,"[Non-appealing]"
567.jpg,"[Non-appealing]"
568.jpg,"[Appealing]"
569.jpg,"[Appealing]"
570.jpg,"[Non-appealing]"
571.jpg,"[Non-appealing]"
572.jpg,"[Non-appealing]"
573.jpg,"[Non-appealing]"
574.jpg,"[Non-appealing]"
575.jpg,"[Non-appealing]"
576.jpg,"[Non-appealing]"
577.jpg,"[Appealing]"
578.jpg,"[Appealing]"
579.jpg,"[Non-appealing]"
580.jpg,"[Appealing]"
581.jpg,"[Non-appealing]"
582.jpg,"[Appealing]"
583.jpg,"[Appealing]"
584.jpg,"[Non-appealing]"
585.jpg,"[Non-appealing]"
586.jpg,"[Appealing]"
587.jpg,"[Appealing]"
588.jpg,"[Non-appealing]"
589.jpg,"[Appealing]"
590.jpg,"[Appealing]"
591.jpg,"[Non-appealing]"
592.jpg,"[Appealing]"
593.jpg,"[Non-appealing]"
594.jpg,"[Non-appealing]"
595.jpg,"[Appealing]"
596.jpg,"[Appealing]"
597.jpg,"[Non-appealing]"
598.jpg,"[Non-appealing]"
599.jpg,"[Appealing]"
600.jpg,"[Appealing]"
601.jpg,"[Non-appealing]"
602.jpg,"[Non-appealing]"
603.jpg,"[Appealing]"
604.jpg,"[Non-appealing]"
605.jpg,"[Non-appealing]"
606.jpg,"[Appealing]"
607.jpg,"[Appealing]"
608.jpg,"[Non-appealing]"
609.jpg,"[Non-appealing]"
610.jpg,"[Appealing]"
611.jpg,"[Non-appealing]"
612.jpg,"[Non-appealing]"
613.jpg,"[Non-appealing]"
614.jpg,"[Non-appealing]"
615.jpg,"[Appealing]"
616.jpg,"[Non-appealing]"
617.jpg,"[Appealing]"
618.jpg,"[Non-appealing]"
619.jpg,"[Non-appealing]"
620.jpg,"[Non-appealing]"
621.jpg,"[Appealing]"
622.jpg,"[Non-appealing]"
623.jpg,"[Appealing]"
624.jpg,"[Non-appealing]"
625.jpg,"[Appealing]"
626.jpg,"[Appealing]"
627.jpg,"[Non-appealing]"
628.jpg,"[Non-appealing]"
629.jpg,"[Non-appealing]"
630.jpg,"[Non-appealing]"
631.jpg,"[Non-appealing]"
632.jpg,"[Appealing]"
633.jpg,"[Non-appealing]"
634.jpg,"[Non-appealing]"
635.jpg,"[Non-appealing]"
636.jpg,"[Appealing]"
637.jpg,"[Non-appealing]"
638.jpg,"[Non-appealing]"
639.jpg,"[Appealing]"
640.jpg,"[Non-appealing]"
641.jpg,"[Non-appealing]"
642.jpg,"[Appealing]"
643.jpg,"[Appealing]"
644.jpg,"[Non-appealing]"
645.jpg,"[Non-appealing]"
646.jpg,"[Non-appealing]"
647.jpg,"[Non-appealing]"
648.jpg,"[Appealing]"
649.jpg,"[Non-appealing]"
650.jpg,"[Non-appealing]"
651.jpg,"[Non-appealing]"
652.jpg,"[Non-appealing]"
653.jpg,"[Non-appealing]"
654.jpg,"[Non-appealing]"
655.jpg,"[Non-appealing]"
656.jpg,"[Non-appealing]"
657.jpg,"[Non-appealing]"
658.jpg,"[Appealing]"
659.jpg,"[Appealing]"
660.jpg,"[Non-appealing]"
661.jpg,"[Non-appealing]"
662.jpg,"[Non-appealing]"
663.jpg,"[Appealing]"
664.jpg,"[Appealing]"
665.jpg,"[Non-appealing]"
666.jpg,"[Appealing]"
667.jpg,"[Non-appealing]"
668.jpg,"[Appealing]"
669.jpg,"[Non-appealing]"
670.jpg,"[Non-appealing]"
671.jpg,"[Appealing]"
672.jpg,"[Non-appealing]"
673.jpg,"[Non-appealing]"
674.jpg,"[Non-appealing]"
675.jpg,"[Non-appealing]"
676.jpg,"[Non-appealing]"
677.jpg,"[Non-appealing]"
678.jpg,"[Non-appealing]"
679.jpg,"[Appealing]"
680.jpg,"[Appealing]"
681.jpg,"[Appealing]"
682.jpg,"[Appealing]"
683.jpg,"[Non-appealing]"
684.jpg,"[Non-appealing]"
685.jpg,"[Non-appealing]"
686.jpg,"[Non-appealing]"
687.jpg,"[Non-appealing]"
688.jpg,"[Non-appealing]"
689.jpg,"[Appealing]"
690.jpg,"[Non-appealing]"
691.jpg,"[Appealing]"
692.jpg,"[Appealing]"
693.jpg,"[Non-appealing]"
694.jpg,"[Non-appealing]"
695.jpg,"[Non-appealing]"
696.jpg,"[Non-appealing]"
697.jpg,"[Non-appealing]"
698.jpg,"[Non-appealing]"
699.jpg,"[Non-appealing]"
700.jpg,"[Non-appealing]"
701.jpg,"[Non-appealing]"
702.jpg,"[Non-appealing]"
703.jpg,"[Non-appealing]"
704.jpg,"[Non-appealing]"
705.jpg,"[Non-appealing]"
706.jpg,"[Non-appealing]"
707.jpg,"[Non-appealing]"
708.jpg,"[Appealing]"
709.jpg,"[Non-appealing]"
710.jpg,"[Appealing]"
711.jpg,"[Non-appealing]"
712.jpg,"[Non-appealing]"
713.jpg,"[Non-appealing]"
714.jpg,"[Non-appealing]"
715.jpg,"[Appealing]"
716.jpg,"[Non-appealing]"
717.jpg,"[Non-appealing]"
718.jpg,"[Non-appealing]"
719.jpg,"[Non-appealing]"
720.jpg,"[Non-appealing]"
721.jpg,"[Non-appealing]"
722.jpg,"[Appealing]"
723.jpg,"[Appealing]"
724.jpg,"[Non-appealing]"
725.jpg,"[Non-appealing]"
726.jpg,"[Non-appealing]"
727.jpg,"[Non-appealing]"
728.jpg,"[Appealing]"
729.jpg,"[Non-appealing]"
730.jpg,"[Non-appealing]"
731.jpg,"[Non-appealing]"
732.jpg,"[Non-appealing]"
733.jpg,"[Non-appealing]"
734.jpg,"[Appealing]"
735.jpg,"[Non-appealing]"
736.jpg,"[Appealing]"
737.jpg,"[Appealing]"
738.jpg,"[Non-appealing]"
739.jpg,"[Non-appealing]"
740.jpg,"[Non-appealing]"
741.jpg,"[Non-appealing]"
742.jpg,"[Non-appealing]"
743.jpg,"[Non-appealing]"
744.jpg,"[Appealing]"
745.jpg,"[Appealing]"
746.jpg,"[Non-appealing]"
747.jpg,"[Non-appealing]"
748.jpg,"[Non-appealing]"
749.jpg,"[Non-appealing]"
750.jpg,"[Non-appealing]"
751.jpg,"[Non-appealing]"
752.jpg,"[Appealing]"
753.jpg,"[Non-appealing]"
754.jpg,"[Non-appealing]"
755.jpg,"[Non-appealing]"
756.jpg,"[Non-appealing]"
757.jpg,"[Appealing]"
758.jpg,"[Non-appealing]"
759.jpg,"[Non-appealing]"
760.jpg,"[Non-appealing]"
761.jpg,"[Non-appealing]"
762.jpg,"[Non-appealing]"
763.jpg,"[Non-appealing]"
764.jpg,"[Appealing]"
765.jpg,"[Non-appealing]"
766.jpg,"[Non-appealing]"
767.jpg,"[Non-appealing]"
768.jpg,"[Non-appealing]"
769.jpg,"[Non-appealing]"
770.jpg,"[Non-appealing]"
771.jpg,"[Appealing]"
772.jpg,"[Non-appealing]"
773.jpg,"[Non-appealing]"
774.jpg,"[Non-appealing]"
775.jpg,"[Non-appealing]"
776.jpg,"[Non-appealing]"
777.jpg,"[Appealing]"
778.jpg,"[Appealing]"
779.jpg,"[Non-appealing]"
780.jpg,"[Non-appealing]"
781.jpg,"[Non-appealing]"
782.jpg,"[Appealing]"
783.jpg,"[Non-appealing]"
784.jpg,"[Non-appealing]"
785.jpg,"[Non-appealing]"
786.jpg,"[Non-appealing]"
787.jpg,"[Non-appealing]"
788.jpg,"[Non-appealing]"
789.jpg,"[Non-appealing]"
790.jpg,"[Appealing]"
791.jpg,"[Non-appealing]"
792.jpg,"[Non-appealing]"
793.jpg,"[Non-appealing]"
794.jpg,"[Non-appealing]"
795.jpg,"[Non-appealing]"
796.jpg,"[Non-appealing]"
797.jpg,"[Non-appealing]"
798.jpg,"[Non-appealing]"
799.jpg,"[Non-appealing]"
800.jpg,"[Appealing]"
801.jpg,"[Non-appealing]"
802.jpg,"[Non-appealing]"
803.jpg,"[Non-appealing]"
804.jpg,"[Non-appealing]"
805.jpg,"[Non-appealing]"
806.jpg,"[Non-appealing]"
807.jpg,"[Non-appealing]"
808.jpg,"[Non-appealing]"
809.jpg,"[Non-appealing]"
810.jpg,"[Non-appealing]"
811.jpg,"[Non-appealing]"
812.jpg,"[Non-appealing]"
813.jpg,"[Non-appealing]"
814.jpg,"[Non-appealing]"
815.jpg,"[Non-appealing]"
816.jpg,"[Non-appealing]"
817.jpg,"[Non-appealing]"
818.jpg,"[Non-appealing]"
819.jpg,"[Non-appealing]"
820.jpg,"[Appealing]"
821.jpg,"[Non-appealing]"
822.jpg,"[Non-appealing]"
823.jpg,"[Non-appealing]"
824.jpg,"[Non-appealing]"
825.jpg,"[Non-appealing]"
826.jpg,"[Non-appealing]"
827.jpg,"[Non-appealing]"
828.jpg,"[Non-appealing]"
829.jpg,"[Non-appealing]"
830.jpg,"[Appealing]"
831.jpg,"[Non-appealing]"
832.jpg,"[Non-appealing]"
833.jpg,"[Appealing]"
834.jpg,"[Non-appealing]"
835.jpg,"[Appealing]"
836.jpg,"[Non-appealing]"
837.jpg,"[Appealing]"
838.jpg,"[Appealing]"
839.jpg,"[Non-appealing]"
840.jpg,"[Non-appealing]"
841.jpg,"[Non-appealing]"
842.jpg,"[Non-appealing]"
843.jpg,"[Appealing]"
844.jpg,"[Non-appealing]"
845.jpg,"[Non-appealing]"
846.jpg,"[Non-appealing]"
847.jpg,"[Non-appealing]"
848.jpg,"[Non-appealing]"
849.jpg,"[Non-appealing]"
850.jpg,"[Non-appealing]"
851.jpg,"[Non-appealing]"
852.jpg,"[Appealing]"
853.jpg,"[Appealing]"
854.jpg,"[Non-appealing]"
855.jpg,"[Appealing]"
856.jpg,"[Non-appealing]"
857.jpg,"[Non-appealing]"
858.jpg,"[Non-appealing]"
859.jpg,"[Non-appealing]"
860.jpg,"[Non-appealing]"
861.jpg,"[Non-appealing]"
862.jpg,"[Non-appealing]"
863.jpg,"[Non-appealing]"
864.jpg,"[Non-appealing]"
865.jpg,"[Appealing]"
866.jpg,"[Non-appealing]"
867.jpg,"[Non-appealing]"
868.jpg,"[Appealing]"
869.jpg,"[Non-appealing]"
870.jpg,"[Non-appealing]"
871.jpg,"[Non-appealing]"
872.jpg,"[Non-appealing]"
873.jpg,"[Appealing]"
874.jpg,"[Non-appealing]"
875.jpg,"[Non-appealing]"
876.jpg,"[Non-appealing]"
877.jpg,"[Non-appealing]"
878.jpg,"[Appealing]"
879.jpg,"[Non-appealing]"
880.jpg,"[Non-appealing]"
881.jpg,"[Non-appealing]"
882.jpg,"[Non-appealing]"
883.jpg,"[Appealing]"
884.jpg,"[Appealing]"
885.jpg,"[Appealing]"
886.jpg,"[Non-appealing]"
887.jpg,"[Appealing]"
888.jpg,"[Appealing]"
889.jpg,"[Appealing]"
890.jpg,"[Appealing]"
891.jpg,"[Non-appealing]"
892.jpg,"[Non-appealing]"
893.jpg,"[Appealing]"
894.jpg,"[Non-appealing]"
895.jpg,"[Appealing]"
896.jpg,"[Non-appealing]"
897.jpg,"[Appealing]"
898.jpg,"[Non-appealing]"
899.jpg,"[Appealing]"
900.jpg,"[Non-appealing]"
901.jpg,"[Non-appealing]"
902.jpg,"[Non-appealing]"
903.jpg,"[Non-appealing]"
904.jpg,"[Non-appealing]"
905.jpg,"[Non-appealing]"
906.jpg,"[Non-appealing]"
907.jpg,"[Non-appealing]"
908.jpg,"[Appealing]"
909.jpg,"[Non-appealing]"
910.jpg,"[Non-appealing]"
911.jpg,"[Appealing]"
912.jpg,"[Non-appealing]"
913.jpg,"[Appealing]"
914.jpg,"[Appealing]"
915.jpg,"[Non-appealing]"
916.jpg,"[Appealing]"
917.jpg,"[Non-appealing]"
918.jpg,"[Appealing]"
919.jpg,"[Non-appealing]"
920.jpg,"[Non-appealing]"
921.jpg,"[Non-appealing]"
922.jpg,"[Non-appealing]"
923.jpg,"[Non-appealing]"
924.jpg,"[Appealing]"
925.jpg,"[Appealing]"
926.jpg,"[Non-appealing]"
927.jpg,"[Non-appealing]"
928.jpg,"[Appealing]"
929.jpg,"[Non-appealing]"
930.jpg,"[Non-appealing]"
931.jpg,"[Non-appealing]"
932.jpg,"[Non-appealing]"
933.jpg,"[Appealing]"
934.jpg,"[Non-appealing]"
935.jpg,"[Non-appealing]"
936.jpg,"[Appealing]"
937.jpg,"[Non-appealing]"
938.jpg,"[Non-appealing]"
939.jpg,"[Non-appealing]"
940.jpg,"[Non-appealing]"
941.jpg,"[Non-appealing]"
942.jpg,"[Non-appealing]"
943.jpg,"[Non-appealing]"
944.jpg,"[Non-appealing]"
945.jpg,"[Non-appealing]"
946.jpg,"[Appealing]"
947.jpg,"[Non-appealing]"
948.jpg,"[Non-appealing]"
949.jpg,"[Non-appealing]"
950.jpg,"[Non-appealing]"
951.jpg,"[Non-appealing]"
952.jpg,"[Non-appealing]"
953.jpg,"[Non-appealing]"
954.jpg,"[Non-appealing]"
955.jpg,"[Non-appealing]"
956.jpg,"[Non-appealing]"
957.jpg,"[Non-appealing]"
958.jpg,"[Non-appealing]"
959.jpg,"[Non-appealing]"
960.jpg,"[Appealing]"
961.jpg,"[Appealing]"
962.jpg,"[Appealing]"
963.jpg,"[Non-appealing]"
964.jpg,"[Appealing]"
965.jpg,"[Non-appealing]"
966.jpg,"[Non-appealing]"
967.jpg,"[Non-appealing]"
968.jpg,"[Non-appealing]"
969.jpg,"[Non-appealing]"
970.jpg,"[Non-appealing]"
971.jpg,"[Non-appealing]"
972.jpg,"[Appealing]"
973.jpg,"[Non-appealing]"
974.jpg,"[Non-appealing]"
975.jpg,"[Non-appealing]"
976.jpg,"[Non-appealing]"
977.jpg,"[Appealing]"
978.jpg,"[Non-appealing]"
979.jpg,"[Non-appealing]"
980.jpg,"[Non-appealing]"
981.jpg,"[Non-appealing]"
982.jpg,"[Non-appealing]"
983.jpg,"[Appealing]"
984.jpg,"[Appealing]"
985.jpg,"[Non-appealing]"
986.jpg,"[Non-appealing]"
987.jpg,"[Non-appealing]"
988.jpg,"[Appealing]"
989.jpg,"[Appealing]"
990.jpg,"[Appealing]"
991.jpg,"[Non-appealing]"
992.jpg,"[Non-appealing]"
993.jpg,"[Appealing]"
994.jpg,"[Appealing]"
995.jpg,"[Non-appealing]"
996.jpg,"[Non-appealing]"
997.jpg,"[Non-appealing]"
998.jpg,"[Non-appealing]"
999.jpg,"[Appealing]"
1000.jpg,"[Non-appealing]"
1001.jpg,"[Non-appealing]"
1002.jpg,"[Non-appealing]"
1003.jpg,"[Appealing]"
1004.jpg,"[Appealing]"
1005.jpg,"[Appealing]"
1006.jpg,"[Appealing]"
1007.jpg,"[Non-appealing]"
1008.jpg,"[Non-appealing]"
1009.jpg,"[Non-appealing]"
1010.jpg,"[Non-appealing]"
1011.jpg,"[Non-appealing]"
1012.jpg,"[Appealing]"