1.jpg,[Appealing]
2.jpg,[Non-appealing]
3.jpg,[Appealing]
4.jpg,[Appealing]
5.jpg,[Appealing]
6.jpg,[Appealing]
7.jpg,[Appealing]
8.jpg,[Non-appealing]
9.jpg,[Appealing]
10.jpg,[Appealing]
11.jpg,[Non-appealing]
12.jpg,[Appealing]
13.jpg,[Non-appealing]
14.jpg,[Appealing]
15.jpg,[Appealing]
16.jpg,[Appealing]
17.jpg,[Non-appealing]
18.jpg,[Appealing]
19.jpg,[Appealing]
20.jpg,[Appealing]
21.jpg,[Appealing]
22.jpg,[Appealing]
23.jpg,[Non-appealing]
24.jpg,[Appealing]
25.jpg,[Non-appealing]
26.jpg,[Non-appealing]
27.jpg,[Non-appealing]
28.jpg,[Appealing]
29.jpg,[Appealing]
30.jpg,[Appealing]
31.jpg,[Non-appealing]
32.jpg,[Appealing]
33.jpg,[Non-appealing]
34.jpg,[Non-appealing]
35.jpg,[Non-appealing]
36.jpg,[Non-appealing]
37.jpg,[Appealing]
38.jpg,[Appealing]
39.jpg,[Non-appealing]
40.jpg,[Non-appealing]
41.jpg,[Non-appealing]
42.jpg,[Non-appealing]
43.jpg,[Non-appealing]
44.jpg,[Appealing]
45.jpg,[Appealing]
46.jpg,[Non-appealing]
47.jpg,[Non-appealing]
48.jpg,[Non-appealing]
49.jpg,[Appealing]
50.jpg,[Appealing]
51.jpg,[Appealing]
52.jpg,[Non-appealing]
53.jpg,[Non-appealing]
54.jpg,[Appealing]
55.jpg,[Appealing]
56.jpg,[Non-appealing]
57.jpg,[Appealing]
58.jpg,[Appealing]
59.jpg,[Appealing]
60.jpg,[Appealing]
61.jpg,[Appealing]
62.jpg,[Appealing]
63.jpg,[Non-appealing]
64.jpg,[Non-appealing]
65.jpg,[Non-appealing]
66.jpg,[Non-appealing]
67.jpg,[Appealing]
68.jpg,[Non-appealing]
69.jpg,[Non-appealing]
70.jpg,[Appealing]
71.jpg,[Appealing]
72.jpg,[Appealing]
73.jpg,[Appealing]
74.jpg,[Appealing]
75.jpg,[Appealing]
76.jpg,[Non-appealing]
77.jpg,[Non-appealing]
78.jpg,[Non-appealing]
79.jpg,[Appealing]
80.jpg,[Appealing]
81.jpg,[Appealing]
82.jpg,[Appealing]
83.jpg,[Appealing]
84.jpg,[Appealing]
85.jpg,[Appealing]
86.jpg,[Appealing]
87.jpg,[Appealing]
88.jpg,[Appealing]
89.jpg,[Appealing]
90.jpg,[Appealing]
91.jpg,[Non-appealing]
92.jpg,[Non-appealing]
93.jpg,[Non-appealing]
94.jpg,[Appealing]
95.jpg,[Appealing]
96.jpg,[Appealing]
97.jpg,[Appealing]
98.jpg,[Appealing]
99.jpg,[Non-appealing]
100.jpg,[Appealing]
101.jpg,[Appealing]
102.jpg,[Appealing]
103.jpg,[Appealing]
104.jpg,[Non-appealing]
105.jpg,[Appealing]
106.jpg,[Non-appealing]
107.jpg,[Appealing]
108.jpg,[Appealing]
109.jpg,[Appealing]
110.jpg,[Non-appealing]
111.jpg,[Appealing]
112.jpg,[Non-appealing]
113.jpg,[Appealing]
114.jpg,[Non-appealing]
115.jpg,[Appealing]
116.jpg,[Non-appealing]
117.jpg,[Appealing]
118.jpg,[Appealing]
119.jpg,[Appealing]
120.jpg,[Appealing]
121.jpg,[Non-appealing]
122.jpg,[Appealing]
123.jpg,[Appealing]
124.jpg,[Appealing]
125.jpg,[Non-appealing]
126.jpg,[Non-appealing]
127.jpg,[Appealing]
128.jpg,[Appealing]
129.jpg,[Appealing]
130.jpg,[Appealing]
131.jpg,[Non-appealing]
132.jpg,[Appealing]
133.jpg,[Non-appealing]
134.jpg,[Appealing]
135.jpg,[Appealing]
136.jpg,[Non-appealing]
137.jpg,[Appealing]
138.jpg,[Appealing]
139.jpg,[Appealing]
140.jpg,[Appealing]
141.jpg,[Non-appealing]
142.jpg,[Appealing]
143.jpg,[Appealing]
144.jpg,[Appealing]
145.jpg,[Appealing]
146.jpg,[Non-appealing]
147.jpg,[Appealing]
148.jpg,[Appealing]
149.jpg,[Appealing]
150.jpg,[Appealing]
151.jpg,[Appealing]
152.jpg,[Non-appealing]
153.jpg,[Appealing]
154.jpg,[Non-appealing]
155.jpg,[Appealing]
156.jpg,[Non-appealing]
157.jpg,[Appealing]
158.jpg,[Non-appealing]
159.jpg,[Appealing]
160.jpg,[Appealing]
161.jpg,[Appealing]
162.jpg,[Non-appealing]
163.jpg,[Appealing]
164.jpg,[Appealing]
165.jpg,[Appealing]
166.jpg,[Non-appealing]
167.jpg,[Appealing]
168.jpg,[Appealing]
169.jpg,[Appealing]
170.jpg,[Appealing]
171.jpg,[Appealing]
172.jpg,[Appealing]
173.jpg,[Appealing]
174.jpg,[Appealing]
175.jpg,[Appealing]
176.jpg,[Non-appealing]
177.jpg,[Non-appealing]
178.jpg,[Appealing]
179.jpg,[Appealing]
180.jpg,[Appealing]
181.jpg,[Appealing]
182.jpg,[Appealing]
183.jpg,[Appealing]
184.jpg,[Non-appealing]
185.jpg,[Appealing]
186.jpg,[Appealing]
187.jpg,[Non-appealing]
188.jpg,[Non-appealing]
189.jpg,[Non-appealing]
190.jpg,[Appealing]
191.jpg,[Non-appealing]
192.jpg,[Appealing]
193.jpg,[Appealing]
194.jpg,[Appealing]
195.jpg,[Appealing]
196.jpg,[Appealing]
197.jpg,[Non-appealing]
198.jpg,[Appealing]
199.jpg,[Non-appealing]
200.jpg,[Non-appealing]
201.jpg,[Appealing]
202.jpg,[Appealing]
203.jpg,[Appealing]
204.jpg,[Appealing]
205.jpg,[Appealing]
206.jpg,[Appealing]
207.jpg,[Non-appealing]
208.jpg,[Non-appealing]
209.jpg,[Appealing]
210.jpg,[Non-appealing]
211.jpg,[Appealing]
212.jpg,[Appealing]
213.jpg,[Appealing]
214.jpg,[Appealing]
215.jpg,[Appealing]
216.jpg,[Non-appealing]
217.jpg,[Appealing]
218.jpg,[Non-appealing]
219.jpg,[Appealing]
220.jpg,[Non-appealing]
221.jpg,[Appealing]
222.jpg,[Appealing]
223.jpg,[Appealing]
224.jpg,[Non-appealing]
225.jpg,[Appealing]
226.jpg,[Appealing]
227.jpg,[Appealing]
228.jpg,[Appealing]
229.jpg,[Appealing]
230.jpg,[Non-appealing]
231.jpg,[Non-appealing]
232.jpg,[Appealing]
233.jpg,[Non-appealing]
234.jpg,[Appealing]
235.jpg,[Non-appealing]
236.jpg,[Non-appealing]
237.jpg,[Appealing]
238.jpg,[Appealing]
239.jpg,[Non-appealing]
240.jpg,[Appealing]
241.jpg,[Non-appealing]
242.jpg,[Appealing]
243.jpg,[Non-appealing]
244.jpg,[Appealing]
245.jpg,[Non-appealing]
246.jpg,[Appealing]
247.jpg,[Appealing]
248.jpg,[Non-appealing]
249.jpg,[Appealing]
250.jpg,[Appealing]
251.jpg,[Appealing]
252.jpg,[Non-appealing]
253.jpg,[Non-appealing]
254.jpg,[Appealing]
255.jpg,[Appealing]
256.jpg,[Appealing]
257.jpg,[Appealing]
258.jpg,[Non-appealing]
259.jpg,[Appealing]
260.jpg,[Non-appealing]
261.jpg,[Appealing]
262.jpg,[Appealing]
263.jpg,[Non-appealing]
264.jpg,[Non-appealing]
265.jpg,[Non-appealing]
266.jpg,[Non-appealing]
267.jpg,[Non-appealing]
268.jpg,[Non-appealing]
269.jpg,[Non-appealing]
270.jpg,[Non-appealing]
271.jpg,[Non-appealing]
272.jpg,[Appealing]
273.jpg,[Appealing]
274.jpg,[Non-appealing]
275.jpg,[Appealing]
276.jpg,[Appealing]
277.jpg,[Appealing]
278.jpg,[Non-appealing]
279.jpg,[Non-appealing]
280.jpg,[Appealing]
281.jpg,[Appealing]
282.jpg,[Appealing]
283.jpg,[Non-appealing]
284.jpg,[Non-appealing]
285.jpg,[Non-appealing]
286.jpg,[Appealing]
287.jpg,[Non-appealing]
288.jpg,[Non-appealing]
289.jpg,[Appealing]
290.jpg,[Appealing]
291.jpg,[Appealing]
292.jpg,[Non-appealing]
293.jpg,[Non-appealing]
294.jpg,[Non-appealing]
295.jpg,[Appealing]
296.jpg,[Non-appealing]
297.jpg,[Appealing]
298.jpg,[Appealing]
299.jpg,[Appealing]
300.jpg,[Non-appealing]
301.jpg,[Appealing]
302.jpg,[Appealing]
303.jpg,[Appealing]
304.jpg,[Appealing]
305.jpg,[Appealing]
306.jpg,[Appealing]
307.jpg,[Non-appealing]
308.jpg,[Appealing]
309.jpg,[Non-appealing]
310.jpg,[Non-appealing]
311.jpg,[Non-appealing]
312.jpg,[Non-appealing]
313.jpg,[Appealing]
314.jpg,[Non-appealing]
315.jpg,[Non-appealing]
316.jpg,[Appealing]
317.jpg,[Appealing]
318.jpg,[Non-appealing]
319.jpg,[Non-appealing]
320.jpg,[Non-appealing]
321.jpg,[Appealing]
322.jpg,[Appealing]
323.jpg,[Appealing]
324.jpg,[Non-appealing]
325.jpg,[Appealing]
326.jpg,[Non-appealing]
327.jpg,[Appealing]
328.jpg,[Non-appealing]
329.jpg,[Non-appealing]
330.jpg,[Appealing]
331.jpg,[Non-appealing]
332.jpg,[Appealing]
333.jpg,[Non-appealing]
334.jpg,[Non-appealing]
335.jpg,[Appealing]
336.jpg,[Appealing]
337.jpg,[Non-appealing]
338.jpg,[Appealing]
339.jpg,[Appealing]
340.jpg,[Appealing]
341.jpg,[Appealing]
342.jpg,[Non-appealing]
343.jpg,[Non-appealing]
344.jpg,[Appealing]
345.jpg,[Appealing]
346.jpg,[Appealing]
347.jpg,[Non-appealing]
348.jpg,[Appealing]
349.jpg,[Appealing]
350.jpg,[Appealing]
351.jpg,[Appealing]
352.jpg,[Non-appealing]
353.jpg,[Appealing]
354.jpg,[Appealing]
355.jpg,[Non-appealing]
356.jpg,[Non-appealing]
357.jpg,[Non-appealing]
358.jpg,[Appealing]
359.jpg,[Non-appealing]
360.jpg,[Non-appealing]
361.jpg,[Non-appealing]
362.jpg,[Non-appealing]
363.jpg,[Non-appealing]
364.jpg,[Non-appealing]
365.jpg,[Non-appealing]
366.jpg,[Non-appealing]
367.jpg,[Appealing]
368.jpg,[Appealing]
369.jpg,[Non-appealing]
370.jpg,[Appealing]
371.jpg,[Appealing]
372.jpg,[Appealing]
373.jpg,[Appealing]
374.jpg,[Appealing]
375.jpg,[Appealing]
376.jpg,[Appealing]
377.jpg,[Appealing]
378.jpg,[Non-appealing]
379.jpg,[Appealing]
380.jpg,[Appealing]
381.jpg,[Appealing]
382.jpg,[Non-appealing]
383.jpg,[Appealing]
384.jpg,[Non-appealing]
385.jpg,[Non-appealing]
386.jpg,[Non-appealing]
387.jpg,[Appealing]
388.jpg,[Non-appealing]
389.jpg,[Non-appealing]
390.jpg,[Non-appealing]
391.jpg,[Non-appealing]
392.jpg,[Appealing]
393.jpg,[Appealing]
394.jpg,[Appealing]
395.jpg,[Appealing]
396.jpg,[Non-appealing]
397.jpg,[Appealing]
398.jpg,[Non-appealing]
399.jpg,[Non-appealing]
400.jpg,[Non-appealing]
401.jpg,[Appealing]
402.jpg,[Non-appealing]
403.jpg,[Non-appealing]
404.jpg,[Appealing]
405.jpg,[Appealing]
406.jpg,[Appealing]
407.jpg,[Appealing]
408.jpg,[Appealing]
409.jpg,[Non-appealing]
410.jpg,[Non-appealing]
411.jpg,[Appealing]
412.jpg,[Appealing]
413.jpg,[Appealing]
414.jpg,[Non-appealing]
415.jpg,[Non-appealing]
416.jpg,[Appealing]
417.jpg,[Appealing]
418.jpg,[Non-appealing]
419.jpg,[Appealing]
420.jpg,[Non-appealing]
421.jpg,[Non-appealing]
422.jpg,[Appealing]
423.jpg,[Appealing]
424.jpg,[Appealing]
425.jpg,[Appealing]
426.jpg,[Appealing]
427.jpg,[Non-appealing]
428.jpg,[Non-appealing]
429.jpg,[Appealing]
430.jpg,[Non-appealing]
431.jpg,[Appealing]
432.jpg,[Non-appealing]
433.jpg,[Appealing]
434.jpg,[Appealing]
435.jpg,[Appealing]
436.jpg,[Appealing]
437.jpg,[Appealing]
438.jpg,[Appealing]
439.jpg,[Appealing]
440.jpg,[Appealing]
441.jpg,[Appealing]
442.jpg,[Appealing]
443.jpg,[Appealing]
444.jpg,[Non-appealing]
445.jpg,[Non-appealing]
446.jpg,[Appealing]
447.jpg,[Appealing]
448.jpg,[Appealing]
449.jpg,[Appealing]
450.jpg,[Non-appealing]
451.jpg,[Non-appealing]
452.jpg,[Appealing]
453.jpg,[Appealing]
454.jpg,[Non-appealing]
455.jpg,[Appealing]
456.jpg,[Appealing]
457.jpg,[Appealing]
458.jpg,[Non-appealing]
459.jpg,[Non-appealing]
460.jpg,[Appealing]
461.jpg,[Appealing]
462.jpg,[Appealing]
463.jpg,[Non-appealing]
464.jpg,[Non-appealing]
465.jpg,[Non-appealing]
466.jpg,[Non-appealing]
467.jpg,[Non-appealing]
468.jpg,[Appealing]
469.jpg,[Appealing]
470.jpg,[Appealing]
471.jpg,[Non-appealing]
472.jpg,[Appealing]
473.jpg,[Appealing]
474.jpg,[Non-appealing]
475.jpg,[Appealing]
476.jpg,[Non-appealing]
477.jpg,[Non-appealing]
478.jpg,[Non-appealing]
479.jpg,[Appealing]
480.jpg,[Appealing]
481.jpg,[Non-appealing]
482.jpg,[Appealing]
483.jpg,[Non-appealing]
484.jpg,[Non-appealing]
485.jpg,[Appealing]
486.jpg,[Appealing]
487.jpg,[Non-appealing]
488.jpg,[Appealing]
489.jpg,[Non-appealing]
490.jpg,[Non-appealing]
491.jpg,[Non-appealing]
492.jpg,[Appealing]
493.jpg,[Appealing]
494.jpg,[Appealing]
495.jpg,[Appealing]
496.jpg,[Appealing]
497.jpg,[Appealing]
498.jpg,[Non-appealing]
499.jpg,[Appealing]
500.jpg,[Non-appealing]

