601.jpg,"[Appealing]"
602.jpg,"[Appealing]"
603.jpg,"[Non-appealing]"
604.jpg,"[Appealing]"
605.jpg,"[Non-appealing]"
606.jpg,"[Non-appealing]"
607.jpg,"[Non-appealing]"
608.jpg,"[Appealing]"
609.jpg,"[Non-appealing]"
610.jpg,"[Non-appealing]"
611.jpg,"[Appealing]"
612.jpg,"[Non-appealing]"
613.jpg,"[Non-appealing]"
614.jpg,"[Appealing]"
615.jpg,"[Non-appealing]"
616.jpg,"[Appealing]"
617.jpg,"[Non-appealing]"
618.jpg,"[Non-appealing]"
619.jpg,"[Appealing]"
620.jpg,"[Non-appealing]"
621.jpg,"[Non-appealing]"
622.jpg,"[Non-appealing]"
623.jpg,"[Non-appealing]"
624.jpg,"[Non-appealing]"
625.jpg,"[Non-appealing]"
626.jpg,"[Non-appealing]"
627.jpg,"[Appealing]"
628.jpg,"[Non-appealing]"
629.jpg,"[Non-appealing]"
630.jpg,"[Non-appealing]"
631.jpg,"[Non-appealing]"
632.jpg,"[Non-appealing]"
633.jpg,"[Appealing]"
634.jpg,"[Non-appealing]"
635.jpg,"[Appealing]"
636.jpg,"[Non-appealing]"
637.jpg,"[Non-appealing]"
638.jpg,"[Appealing]"
639.jpg,"[Non-appealing]"
640.jpg,"[Appealing]"
641.jpg,"[Non-appealing]"
642.jpg,"[Non-appealing]"
643.jpg,"[Non-appealing]"
644.jpg,"[Non-appealing]"
645.jpg,"[Non-appealing]"
646.jpg,"[Appealing]"
647.jpg,"[Non-appealing]"
648.jpg,"[Non-appealing]"
649.jpg,"[Non-appealing]"
650.jpg,"[Non-appealing]"
651.jpg,"[Appealing]"
652.jpg,"[Appealing]"
653.jpg,"[Appealing]"
654.jpg,"[Non-appealing]"
655.jpg,"[Non-appealing]"
656.jpg,"[Non-appealing]"
657.jpg,"[Appealing]"
658.jpg,"[Non-appealing]"
659.jpg,"[Appealing]"
660.jpg,"[Non-appealing]"
661.jpg,"[Non-appealing]"
662.jpg,"[Appealing]"
663.jpg,"[Non-appealing]"
664.jpg,"[Non-appealing]"
665.jpg,"[Appealing]"
666.jpg,"[Non-appealing]"
667.jpg,"[Non-appealing]"
668.jpg,"[Non-appealing]"
669.jpg,"[Non-appealing]"
670.jpg,"[Non-appealing]"
671.jpg,"[Non-appealing]"
672.jpg,"[Non-appealing]"
673.jpg,"[Non-appealing]"
674.jpg,"[Appealing]"
675.jpg,"[Non-appealing]"
676.jpg,"[Non-appealing]"
677.jpg,"[Appealing]"
678.jpg,"[Appealing]"
679.jpg,"[Non-appealing]"
680.jpg,"[Non-appealing]"
681.jpg,"[Non-appealing]"
682.jpg,"[Non-appealing]"
683.jpg,"[Appealing]"
684.jpg,"[Appealing]"
685.jpg,"[Non-appealing]"
686.jpg,"[Non-appealing]"
687.jpg,"[Non-appealing]"
688.jpg,"[Appealing]"
689.jpg,"[Non-appealing]"
690.jpg,"[Appealing]"
691.jpg,"[Non-appealing]"
692.jpg,"[Non-appealing]"
693.jpg,"[Appealing]"
694.jpg,"[Appealing]"
695.jpg,"[Appealing]"
696.jpg,"[Non-appealing]"
697.jpg,"[Appealing]"
698.jpg,"[Appealing]"
699.jpg,"[Non-appealing]"
700.jpg,"[Non-appealing]"