501.jpg,"[Appealing]"
502.jpg,"[Non-appealing]"
503.jpg,"[Appealing]"
504.jpg,"[Appealing]"
505.jpg,"[Non-appealing]"
506.jpg,"[Non-appealing]"
507.jpg,"[Non-appealing]"
508.jpg,"[Non-appealing]"
509.jpg,"[Non-appealing]"
510.jpg,"[Appealing]"
511.jpg,"[Non-appealing]"
512.jpg,"[Non-appealing]"
513.jpg,"[Non-appealing]"
514.jpg,"[Appealing]"
515.jpg,"[Non-appealing]"
516.jpg,"[Non-appealing]"
517.jpg,"[Non-appealing]"
518.jpg,"[Non-appealing]"
519.jpg,"[Non-appealing]"
520.jpg,"[Non-appealing]"
521.jpg,"[Non-appealing]"
522.jpg,"[Non-appealing]"
523.jpg,"[Non-appealing]"
524.jpg,"[Appealing]"
525.jpg,"[Non-appealing]"
526.jpg,"[Non-appealing]"
527.jpg,"[Non-appealing]"
528.jpg,"[Non-appealing]"
529.jpg,"[Non-appealing]"
530.jpg,"[Non-appealing]"
531.jpg,"[Appealing]"
532.jpg,"[Non-appealing]"
533.jpg,"[Non-appealing]"
534.jpg,"[Non-appealing]"
535.jpg,"[Appealing]"
536.jpg,"[Appealing]"
537.jpg,"[Non-appealing]"
538.jpg,"[Non-appealing]"
539.jpg,"[Non-appealing]"
540.jpg,"[Non-appealing]"
541.jpg,"[Appealing]"
542.jpg,"[Non-appealing]"
543.jpg,"[Non-appealing]"
544.jpg,"[Appealing]"
545.jpg,"[Appealing]"
546.jpg,"[Non-appealing]"
547.jpg,"[Non-appealing]"
548.jpg,"[Non-appealing]"
549.jpg,"[Non-appealing]"
550.jpg,"[Non-appealing]"
551.jpg,"[Non-appealing]"
552.jpg,"[Appealing]"
553.jpg,"[Non-appealing]"
554.jpg,"[Appealing]"
555.jpg,"[Appealing]"
556.jpg,"[Non-appealing]"
557.jpg,"[Appealing]"
558.jpg,"[Non-appealing]"
559.jpg,"[Non-appealing]"
560.jpg,"[Appealing]"
561.jpg,"[Non-appealing]"
562.jpg,"[Appealing]"
563.jpg,"[Appealing]"
564.jpg,"[Non-appealing]"
565.jpg,"[Appealing]"
566.jpg,"[Non-appealing]"
567.jpg,"[Non-appealing]"
568.jpg,"[Non-appealing]"
569.jpg,"[Non-appealing]"
570.jpg,"[Non-appealing]"
571.jpg,"[Appealing]"
572.jpg,"[Appealing]"
573.jpg,"[Non-appealing]"
574.jpg,"[Non-appealing]"
575.jpg,"[Appealing]"
576.jpg,"[Appealing]"
577.jpg,"[Non-appealing]"
578.jpg,"[Non-appealing]"
579.jpg,"[Non-appealing]"
580.jpg,"[Non-appealing]"
581.jpg,"[Non-appealing]"
582.jpg,"[Appealing]"
583.jpg,"[Non-appealing]"
584.jpg,"[Non-appealing]"
585.jpg,"[Appealing]"
586.jpg,"[Appealing]"
587.jpg,"[Non-appealing]"
588.jpg,"[Non-appealing]"
589.jpg,"[Non-appealing]"
590.jpg,"[Non-appealing]"
591.jpg,"[Non-appealing]"
592.jpg,"[Non-appealing]"
593.jpg,"[Non-appealing]"
594.jpg,"[Non-appealing]"
595.jpg,"[Non-appealing]"
596.jpg,"[Non-appealing]"
597.jpg,"[Appealing]"
598.jpg,"[Non-appealing]"
599.jpg,"[Non-appealing]"
600.jpg,"[Non-appealing]"
601.jpg,"[Appealing]"
602.jpg,"[Non-appealing]"
603.jpg,"[Non-appealing]"
604.jpg,"[Appealing]"
605.jpg,"[Non-appealing]"
606.jpg,"[Non-appealing]"
607.jpg,"[Non-appealing]"
608.jpg,"[Appealing]"
609.jpg,"[Non-appealing]"
610.jpg,"[Appealing]"
611.jpg,"[Appealing]"
612.jpg,"[Non-appealing]"
613.jpg,"[Non-appealing]"
614.jpg,"[Appealing]"
615.jpg,"[Non-appealing]"
616.jpg,"[Non-appealing]"
617.jpg,"[Non-appealing]"
618.jpg,"[Non-appealing]"
619.jpg,"[Non-appealing]"
620.jpg,"[Non-appealing]"
621.jpg,"[Non-appealing]"
622.jpg,"[Non-appealing]"
623.jpg,"[Non-appealing]"
624.jpg,"[Non-appealing]"
625.jpg,"[Non-appealing]"
626.jpg,"[Non-appealing]"
627.jpg,"[Appealing]"
628.jpg,"[Non-appealing]"
629.jpg,"[Non-appealing]"
630.jpg,"[Non-appealing]"
631.jpg,"[Non-appealing]"
632.jpg,"[Non-appealing]"
633.jpg,"[Non-appealing]"
634.jpg,"[Non-appealing]"
635.jpg,"[Appealing]"
636.jpg,"[Non-appealing]"
637.jpg,"[Non-appealing]"
638.jpg,"[Appealing]"
639.jpg,"[Non-appealing]"
640.jpg,"[Non-appealing]"
641.jpg,"[Non-appealing]"
642.jpg,"[Non-appealing]"
643.jpg,"[Non-appealing]"
644.jpg,"[Non-appealing]"
645.jpg,"[Non-appealing]"
646.jpg,"[Appealing]"
647.jpg,"[Non-appealing]"
648.jpg,"[Non-appealing]"
649.jpg,"[Non-appealing]"
650.jpg,"[Non-appealing]"
651.jpg,"[Appealing]"
652.jpg,"[Appealing]"
653.jpg,"[Appealing]"
654.jpg,"[Non-appealing]"
655.jpg,"[Non-appealing]"
656.jpg,"[Non-appealing]"
657.jpg,"[Appealing]"
658.jpg,"[Non-appealing]"
659.jpg,"[Non-appealing]"
660.jpg,"[Non-appealing]"
661.jpg,"[Non-appealing]"
662.jpg,"[Non-appealing]"
663.jpg,"[Non-appealing]"
664.jpg,"[Non-appealing]"
665.jpg,"[Non-appealing]"
666.jpg,"[Non-appealing]"
667.jpg,"[Non-appealing]"
668.jpg,"[Non-appealing]"
669.jpg,"[Non-appealing]"
670.jpg,"[Non-appealing]"
671.jpg,"[Non-appealing]"
672.jpg,"[Non-appealing]"
673.jpg,"[Non-appealing]"
674.jpg,"[Appealing]"
675.jpg,"[Non-appealing]"
676.jpg,"[Non-appealing]"
677.jpg,"[Appealing]"
678.jpg,"[Appealing]"
679.jpg,"[Non-appealing]"
680.jpg,"[Non-appealing]"
681.jpg,"[Non-appealing]"
682.jpg,"[Non-appealing]"
683.jpg,"[Non-appealing]"
684.jpg,"[Appealing]"
685.jpg,"[Non-appealing]"
686.jpg,"[Non-appealing]"
687.jpg,"[Non-appealing]"
688.jpg,"[Appealing]"
689.jpg,"[Non-appealing]"
690.jpg,"[Appealing]"
691.jpg,"[Non-appealing]"
692.jpg,"[Non-appealing]"
693.jpg,"[Non-appealing]"
694.jpg,"[Appealing]"
695.jpg,"[Appealing]"
696.jpg,"[Non-appealing]"
697.jpg,"[Non-appealing]"
698.jpg,"[Appealing]"
699.jpg,"[Non-appealing]"
700.jpg,"[Non-appealing]"
701.jpg,"[Appealing]"
702.jpg,"[Non-appealing]"
703.jpg,"[Non-appealing]"
704.jpg,"[Non-appealing]"
705.jpg,"[Non-appealing]"
706.jpg,"[Appealing]"
707.jpg,"[Non-appealing]"
708.jpg,"[Non-appealing]"
709.jpg,"[Non-appealing]"
710.jpg,"[Non-appealing]"
711.jpg,"[Non-appealing]"
712.jpg,"[Non-appealing]"
713.jpg,"[Non-appealing]"
714.jpg,"[Non-appealing]"
715.jpg,"[Non-appealing]"
716.jpg,"[Appealing]"
717.jpg,"[Appealing]"
718.jpg,"[Appealing]"
719.jpg,"[Appealing]"
720.jpg,"[Non-appealing]"
721.jpg,"[Appealing]"
722.jpg,"[Non-appealing]"
723.jpg,"[Non-appealing]"
724.jpg,"[Non-appealing]"
725.jpg,"[Non-appealing]"
726.jpg,"[Non-appealing]"
727.jpg,"[Non-appealing]"
728.jpg,"[Non-appealing]"
729.jpg,"[Non-appealing]"
730.jpg,"[Non-appealing]"
731.jpg,"[Non-appealing]"
732.jpg,"[Appealing]"
733.jpg,"[Appealing]"
734.jpg,"[Non-appealing]"
735.jpg,"[Appealing]"
736.jpg,"[Non-appealing]"
737.jpg,"[Non-appealing]"
738.jpg,"[Appealing]"
739.jpg,"[Non-appealing]"
740.jpg,"[Non-appealing]"
741.jpg,"[Appealing]"
742.jpg,"[Non-appealing]"
743.jpg,"[Non-appealing]"
744.jpg,"[Non-appealing]"
745.jpg,"[Non-appealing]"
746.jpg,"[Appealing]"
747.jpg,"[Appealing]"
748.jpg,"[Non-appealing]"
749.jpg,"[Non-appealing]"
750.jpg,"[Non-appealing]"
751.jpg,"[Non-appealing]"
752.jpg,"[Non-appealing]"
753.jpg,"[Non-appealing]"
754.jpg,"[Appealing]"
755.jpg,"[Non-appealing]"
756.jpg,"[Non-appealing]"
757.jpg,"[Non-appealing]"
758.jpg,"[Appealing]"
759.jpg,"[Appealing]"
760.jpg,"[Non-appealing]"
761.jpg,"[Non-appealing]"
762.jpg,"[Appealing]"
763.jpg,"[Non-appealing]"
764.jpg,"[Non-appealing]"
765.jpg,"[Non-appealing]"
766.jpg,"[Non-appealing]"
767.jpg,"[Non-appealing]"
768.jpg,"[Appealing]"
769.jpg,"[Non-appealing]"
770.jpg,"[Non-appealing]"
771.jpg,"[Non-appealing]"
772.jpg,"[Non-appealing]"
773.jpg,"[Non-appealing]"
774.jpg,"[Non-appealing]"
775.jpg,"[Non-appealing]"
776.jpg,"[Non-appealing]"
777.jpg,"[Non-appealing]"
778.jpg,"[Non-appealing]"
779.jpg,"[Non-appealing]"
780.jpg,"[Appealing]"
781.jpg,"[Non-appealing]"
782.jpg,"[Non-appealing]"
783.jpg,"[Non-appealing]"
784.jpg,"[Non-appealing]"
785.jpg,"[Appealing]"
786.jpg,"[Non-appealing]"
787.jpg,"[Non-appealing]"
788.jpg,"[Appealing]"
789.jpg,"[Appealing]"
790.jpg,"[Non-appealing]"
791.jpg,"[Appealing]"
792.jpg,"[Non-appealing]"
793.jpg,"[Non-appealing]"
794.jpg,"[Appealing]"
795.jpg,"[Appealing]"
796.jpg,"[Non-appealing]"
797.jpg,"[Appealing]"
798.jpg,"[Non-appealing]"
799.jpg,"[Non-appealing]"
800.jpg,"[Non-appealing]"
801.jpg,"[Non-appealing]"
802.jpg,"[Non-appealing]"
803.jpg,"[Non-appealing]"
804.jpg,"[Non-appealing]"
805.jpg,"[Non-appealing]"
806.jpg,"[Non-appealing]"
807.jpg,"[Appealing]"
808.jpg,"[Non-appealing]"
809.jpg,"[Appealing]"
810.jpg,"[Non-appealing]"
811.jpg,"[Non-appealing]"
812.jpg,"[Non-appealing]"
813.jpg,"[Non-appealing]"
814.jpg,"[Non-appealing]"
815.jpg,"[Appealing]"
816.jpg,"[Non-appealing]"
817.jpg,"[Non-appealing]"
818.jpg,"[Appealing]"
819.jpg,"[Appealing]"
820.jpg,"[Non-appealing]"
821.jpg,"[Appealing]"
822.jpg,"[Non-appealing]"
823.jpg,"[Non-appealing]"
824.jpg,"[Non-appealing]"
825.jpg,"[Appealing]"
826.jpg,"[Non-appealing]"
827.jpg,"[Non-appealing]"
828.jpg,"[Non-appealing]"
829.jpg,"[Non-appealing]"
830.jpg,"[Non-appealing]"
831.jpg,"[Appealing]"
832.jpg,"[Appealing]"
833.jpg,"[Non-appealing]"
834.jpg,"[Non-appealing]"
835.jpg,"[Non-appealing]"
836.jpg,"[Appealing]"
837.jpg,"[Non-appealing]"
838.jpg,"[Non-appealing]"
839.jpg,"[Appealing]"
840.jpg,"[Non-appealing]"
841.jpg,"[Non-appealing]"
842.jpg,"[Non-appealing]"
843.jpg,"[Non-appealing]"
844.jpg,"[Non-appealing]"
845.jpg,"[Appealing]"
846.jpg,"[Appealing]"
847.jpg,"[Non-appealing]"
848.jpg,"[Non-appealing]"
849.jpg,"[Appealing]"
850.jpg,"[Non-appealing]"
851.jpg,"[Appealing]"
852.jpg,"[Non-appealing]"
853.jpg,"[Non-appealing]"
854.jpg,"[Non-appealing]"
855.jpg,"[Non-appealing]"
856.jpg,"[Appealing]"
857.jpg,"[Non-appealing]"
858.jpg,"[Non-appealing]"
859.jpg,"[Non-appealing]"
860.jpg,"[Non-appealing]"
861.jpg,"[Appealing]"
862.jpg,"[Appealing]"
863.jpg,"[Appealing]"
864.jpg,"[Non-appealing]"
865.jpg,"[Non-appealing]"
866.jpg,"[Non-appealing]"
867.jpg,"[Appealing]"
868.jpg,"[Non-appealing]"
869.jpg,"[Appealing]"
870.jpg,"[Non-appealing]"
871.jpg,"[Non-appealing]"
872.jpg,"[Appealing]"
873.jpg,"[Non-appealing]"
874.jpg,"[Non-appealing]"
875.jpg,"[Non-appealing]"
876.jpg,"[Appealing]"
877.jpg,"[Non-appealing]"
878.jpg,"[Non-appealing]"
879.jpg,"[Non-appealing]"
880.jpg,"[Non-appealing]"
881.jpg,"[Appealing]"
882.jpg,"[Appealing]"
883.jpg,"[Non-appealing]"
884.jpg,"[Non-appealing]"
885.jpg,"[Non-appealing]"
886.jpg,"[Non-appealing]"
887.jpg,"[Non-appealing]"
888.jpg,"[Non-appealing]"
889.jpg,"[Non-appealing]"
890.jpg,"[Non-appealing]"
891.jpg,"[Appealing]"
892.jpg,"[Non-appealing]"
893.jpg,"[Non-appealing]"
894.jpg,"[Non-appealing]"
895.jpg,"[Non-appealing]"
896.jpg,"[Non-appealing]"
897.jpg,"[Non-appealing]"
898.jpg,"[Non-appealing]"
899.jpg,"[Appealing]"
900.jpg,"[Appealing]"
901.jpg,"[Appealing]"
902.jpg,"[Non-appealing]"
903.jpg,"[Non-appealing]"
904.jpg,"[Non-appealing]"
905.jpg,"[Non-appealing]"
906.jpg,"[Appealing]"
907.jpg,"[Appealing]"
908.jpg,"[Non-appealing]"
909.jpg,"[Appealing]"
910.jpg,"[Appealing]"
911.jpg,"[Non-appealing]"
912.jpg,"[Non-appealing]"
913.jpg,"[Non-appealing]"
914.jpg,"[Non-appealing]"
915.jpg,"[Appealing]"
916.jpg,"[Non-appealing]"
917.jpg,"[Non-appealing]"
918.jpg,"[Non-appealing]"
919.jpg,"[Non-appealing]"
920.jpg,"[Appealing]"
921.jpg,"[Non-appealing]"
922.jpg,"[Non-appealing]"
923.jpg,"[Appealing]"
924.jpg,"[Non-appealing]"
925.jpg,"[Non-appealing]"
926.jpg,"[Non-appealing]"
927.jpg,"[Non-appealing]"
928.jpg,"[Non-appealing]"
929.jpg,"[Appealing]"
930.jpg,"[Appealing]"
931.jpg,"[Non-appealing]"
932.jpg,"[Non-appealing]"
933.jpg,"[Non-appealing]"
934.jpg,"[Non-appealing]"
935.jpg,"[Non-appealing]"
936.jpg,"[Non-appealing]"
937.jpg,"[Non-appealing]"
938.jpg,"[Non-appealing]"
939.jpg,"[Appealing]"
940.jpg,"[Appealing]"
941.jpg,"[Non-appealing]"
942.jpg,"[Non-appealing]"
943.jpg,"[Non-appealing]"
944.jpg,"[Non-appealing]"
945.jpg,"[Non-appealing]"
946.jpg,"[Non-appealing]"
947.jpg,"[Non-appealing]"
948.jpg,"[Non-appealing]"
949.jpg,"[Non-appealing]"
950.jpg,"[Non-appealing]"
951.jpg,"[Non-appealing]"
952.jpg,"[Appealing]"
953.jpg,"[Appealing]"
954.jpg,"[Non-appealing]"
955.jpg,"[Non-appealing]"
956.jpg,"[Non-appealing]"
957.jpg,"[Non-appealing]"
958.jpg,"[Non-appealing]"
959.jpg,"[Appealing]"
960.jpg,"[Non-appealing]"
961.jpg,"[Non-appealing]"
962.jpg,"[Non-appealing]"
963.jpg,"[Appealing]"
964.jpg,"[Non-appealing]"
965.jpg,"[Appealing]"
966.jpg,"[Appealing]"
967.jpg,"[Non-appealing]"
968.jpg,"[Appealing]"
969.jpg,"[Appealing]"
970.jpg,"[Non-appealing]"
971.jpg,"[Non-appealing]"
972.jpg,"[Non-appealing]"
973.jpg,"[Non-appealing]"
974.jpg,"[Non-appealing]"
975.jpg,"[Appealing]"
976.jpg,"[Appealing]"
977.jpg,"[Non-appealing]"
978.jpg,"[Non-appealing]"
979.jpg,"[Non-appealing]"
980.jpg,"[Non-appealing]"
981.jpg,"[Non-appealing]"
982.jpg,"[Non-appealing]"
983.jpg,"[Non-appealing]"
984.jpg,"[Non-appealing]"
985.jpg,"[Non-appealing]"
986.jpg,"[Non-appealing]"
987.jpg,"[Non-appealing]"
988.jpg,"[Non-appealing]"
989.jpg,"[Non-appealing]"
990.jpg,"[Non-appealing]"
991.jpg,"[Appealing]"
992.jpg,"[Non-appealing]"
993.jpg,"[Non-appealing]"
994.jpg,"[Non-appealing]"
995.jpg,"[Appealing]"
996.jpg,"[Non-appealing]"
997.jpg,"[Non-appealing]"
998.jpg,"[Appealing]"
999.jpg,"[Non-appealing]"
1000.jpg,"[Non-appealing]"
1001.jpg,"[Appealing]"
1002.jpg,"[Non-appealing]"
1003.jpg,"[Non-appealing]"
1004.jpg,"[Non-appealing]"
1005.jpg,"[Non-appealing]"
1006.jpg,"[Non-appealing]"
1007.jpg,"[Non-appealing]"
1008.jpg,"[Non-appealing]"
1009.jpg,"[Non-appealing]"
1010.jpg,"[Non-appealing]"
1011.jpg,"[Non-appealing]"
1012.jpg,"[Non-appealing]"