1.jpg,[Non-appealing]
2.jpg,[Non-appealing]
3.jpg,[Appealing]
4.jpg,[Non-appealing]
5.jpg,[Non-appealing]
6.jpg,[Appealing]
7.jpg,[Appealing]
8.jpg,[Non-appealing]
9.jpg,[Non-appealing]
10.jpg,[Appealing]
11.jpg,[Non-appealing]
12.jpg,[Appealing]
13.jpg,[Non-appealing]
14.jpg,[Appealing]
15.jpg,[Non-appealing]
16.jpg,[Appealing]
17.jpg,[Appealing]
18.jpg,[Appealing]
19.jpg,[Non-appealing]
20.jpg,[Non-appealing]
21.jpg,[Non-appealing]
22.jpg,[Non-appealing]
23.jpg,[Non-appealing]
24.jpg,[Appealing]
25.jpg,[Appealing]
26.jpg,[Appealing]
27.jpg,[Appealing]
28.jpg,[Appealing]
29.jpg,[Appealing]
30.jpg,[Appealing]
31.jpg,[Non-appealing]
32.jpg,[Non-appealing]
33.jpg,[Appealing]
34.jpg,[Non-appealing]
35.jpg,[Non-appealing]
36.jpg,[Non-appealing]
37.jpg,[Appealing]
38.jpg,[Appealing]
39.jpg,[Non-appealing]
40.jpg,[Appealing]
41.jpg,[Appealing]
42.jpg,[Appealing]
43.jpg,[Non-appealing]
44.jpg,[Appealing]
45.jpg,[Appealing]
46.jpg,[Non-appealing]
47.jpg,[Non-appealing]
48.jpg,[Non-appealing]
49.jpg,[Non-appealing]
50.jpg,[Non-appealing]
51.jpg,[Appealing]
52.jpg,[Appealing]
53.jpg,[Non-appealing]
54.jpg,[Non-appealing]
55.jpg,[Non-appealing]
56.jpg,[Non-appealing]
57.jpg,[Appealing]
58.jpg,[Appealing]
59.jpg,[Appealing]
60.jpg,[Appealing]
61.jpg,[Non-appealing]
62.jpg,[Appealing]
63.jpg,[Appealing]
64.jpg,[Non-appealing]
65.jpg,[Non-appealing]
66.jpg,[Appealing]
67.jpg,[Non-appealing]
68.jpg,[Non-appealing]
69.jpg,[Non-appealing]
70.jpg,[Non-appealing]
71.jpg,[Appealing]
72.jpg,[Non-appealing]
73.jpg,[Non-appealing]
74.jpg,[Appealing]
75.jpg,[Non-appealing]
76.jpg,[Appealing]
77.jpg,[Non-appealing]
78.jpg,[Non-appealing]
79.jpg,[Non-appealing]
80.jpg,[Appealing]
81.jpg,[Non-appealing]
82.jpg,[Appealing]
83.jpg,[Appealing]
84.jpg,[Appealing]
85.jpg,[Non-appealing]
86.jpg,[Non-appealing]
87.jpg,[Appealing]
88.jpg,[Appealing]
89.jpg,[Appealing]
90.jpg,[Appealing]
91.jpg,[Non-appealing]
92.jpg,[Appealing]
93.jpg,[Non-appealing]
94.jpg,[Non-appealing]
95.jpg,[Non-appealing]
96.jpg,[Appealing]
97.jpg,[Appealing]
98.jpg,[Appealing]
99.jpg,[Appealing]
100.jpg,[Appealing]
101.jpg,[Appealing]
102.jpg,[Non-appealing]
103.jpg,[Non-appealing]
104.jpg,[Appealing]
105.jpg,[Non-appealing]
106.jpg,[Appealing]
107.jpg,[Appealing]
108.jpg,[Non-appealing]
109.jpg,[Non-appealing]
110.jpg,[Appealing]
111.jpg,[Appealing]
112.jpg,[Non-appealing]
113.jpg,[Appealing]
114.jpg,[Appealing]
115.jpg,[Non-appealing]
116.jpg,[Non-appealing]
117.jpg,[Appealing]
118.jpg,[Appealing]
119.jpg,[Appealing]
120.jpg,[Non-appealing]
121.jpg,[Appealing]
122.jpg,[Non-appealing]
123.jpg,[Appealing]
124.jpg,[Appealing]
125.jpg,[Appealing]
126.jpg,[Non-appealing]
127.jpg,[Appealing]
128.jpg,[Non-appealing]
129.jpg,[Appealing]
130.jpg,[Non-appealing]
131.jpg,[Appealing]
132.jpg,[Appealing]
133.jpg,[Appealing]
134.jpg,[Non-appealing]
135.jpg,[Appealing]
136.jpg,[Non-appealing]
137.jpg,[Non-appealing]
138.jpg,[Appealing]
139.jpg,[Non-appealing]
140.jpg,[Non-appealing]
141.jpg,[Appealing]
142.jpg,[Appealing]
143.jpg,[Appealing]
144.jpg,[Non-appealing]
145.jpg,[Non-appealing]
146.jpg,[Appealing]
147.jpg,[Appealing]
148.jpg,[Appealing]
149.jpg,[Non-appealing]
150.jpg,[Appealing]
151.jpg,[Appealing]
152.jpg,[Appealing]
153.jpg,[Appealing]
154.jpg,[Non-appealing]
155.jpg,[Non-appealing]
156.jpg,[Non-appealing]
157.jpg,[Appealing]
158.jpg,[Non-appealing]
159.jpg,[Non-appealing]
160.jpg,[Non-appealing]
161.jpg,[Appealing]
162.jpg,[Appealing]
163.jpg,[Appealing]
164.jpg,[Non-appealing]
165.jpg,[Non-appealing]
166.jpg,[Appealing]
167.jpg,[Appealing]
168.jpg,[Non-appealing]
169.jpg,[Appealing]
170.jpg,[Appealing]
171.jpg,[Appealing]
172.jpg,[Appealing]
173.jpg,[Appealing]
174.jpg,[Appealing]
175.jpg,[Non-appealing]
176.jpg,[Non-appealing]
177.jpg,[Non-appealing]
178.jpg,[Non-appealing]
179.jpg,[Non-appealing]
180.jpg,[Appealing]
181.jpg,[Non-appealing]
182.jpg,[Non-appealing]
183.jpg,[Non-appealing]
184.jpg,[Non-appealing]
185.jpg,[Non-appealing]
186.jpg,[Appealing]
187.jpg,[Non-appealing]
188.jpg,[Appealing]
189.jpg,[Non-appealing]
190.jpg,[Non-appealing]
191.jpg,[Non-appealing]
192.jpg,[Non-appealing]
193.jpg,[Non-appealing]
194.jpg,[Non-appealing]
195.jpg,[Non-appealing]
196.jpg,[Appealing]
197.jpg,[Non-appealing]
198.jpg,[Appealing]
199.jpg,[Appealing]
200.jpg,[Non-appealing]
201.jpg,[Appealing]
202.jpg,[Appealing]
203.jpg,[Non-appealing]
204.jpg,[Appealing]
205.jpg,[Non-appealing]
206.jpg,[Non-appealing]
207.jpg,[Non-appealing]
208.jpg,[Non-appealing]
209.jpg,[Appealing]
210.jpg,[Appealing]
211.jpg,[Non-appealing]
212.jpg,[Non-appealing]
213.jpg,[Non-appealing]
214.jpg,[Non-appealing]
215.jpg,[Non-appealing]
216.jpg,[Non-appealing]
217.jpg,[Non-appealing]
218.jpg,[Appealing]
219.jpg,[Non-appealing]
220.jpg,[Appealing]
221.jpg,[Appealing]
222.jpg,[Appealing]
223.jpg,[Non-appealing]
224.jpg,[Appealing]
225.jpg,[Appealing]
226.jpg,[Non-appealing]
227.jpg,[Appealing]
228.jpg,[Appealing]
229.jpg,[Appealing]
230.jpg,[Non-appealing]
231.jpg,[Appealing]
232.jpg,[Non-appealing]
233.jpg,[Non-appealing]
234.jpg,[Non-appealing]
235.jpg,[Non-appealing]
236.jpg,[Non-appealing]
237.jpg,[Appealing]
238.jpg,[Non-appealing]
239.jpg,[Appealing]
240.jpg,[Non-appealing]
241.jpg,[Non-appealing]
242.jpg,[Non-appealing]
243.jpg,[Appealing]
244.jpg,[Non-appealing]
245.jpg,[Non-appealing]
246.jpg,[Non-appealing]
247.jpg,[Appealing]
248.jpg,[Appealing]
249.jpg,[Appealing]
250.jpg,[Appealing]
251.jpg,[Non-appealing]
252.jpg,[Appealing]
253.jpg,[Appealing]
254.jpg,[Non-appealing]
255.jpg,[Non-appealing]
256.jpg,[Appealing]
257.jpg,[Appealing]
258.jpg,[Non-appealing]
259.jpg,[Appealing]
260.jpg,[Appealing]
261.jpg,[Appealing]
262.jpg,[Appealing]
263.jpg,[Appealing]
264.jpg,[Non-appealing]
265.jpg,[Non-appealing]
266.jpg,[Appealing]
267.jpg,[Non-appealing]
268.jpg,[Non-appealing]
269.jpg,[Appealing]
270.jpg,[Non-appealing]
271.jpg,[Appealing]
272.jpg,[Appealing]
273.jpg,[Non-appealing]
274.jpg,[Non-appealing]
275.jpg,[Appealing]
276.jpg,[Non-appealing]
277.jpg,[Non-appealing]
278.jpg,[Non-appealing]
279.jpg,[Non-appealing]
280.jpg,[Appealing]
281.jpg,[Non-appealing]
282.jpg,[Non-appealing]
283.jpg,[Appealing]
284.jpg,[Appealing]
285.jpg,[Non-appealing]
286.jpg,[Appealing]
287.jpg,[Non-appealing]
288.jpg,[Appealing]
289.jpg,[Non-appealing]
290.jpg,[Non-appealing]
291.jpg,[Non-appealing]
292.jpg,[Non-appealing]
293.jpg,[Appealing]
294.jpg,[Non-appealing]
295.jpg,[Non-appealing]
296.jpg,[Non-appealing]
297.jpg,[Appealing]
298.jpg,[Appealing]
299.jpg,[Non-appealing]
300.jpg,[Appealing]
301.jpg,[Non-appealing]
302.jpg,[Appealing]
303.jpg,[Appealing]
304.jpg,[Non-appealing]
305.jpg,[Appealing]
306.jpg,[Non-appealing]
307.jpg,[Appealing]
308.jpg,[Non-appealing]
309.jpg,[Non-appealing]
310.jpg,[Appealing]
311.jpg,[Non-appealing]
312.jpg,[Non-appealing]
313.jpg,[Appealing]
314.jpg,[Non-appealing]
315.jpg,[Non-appealing]
316.jpg,[Appealing]
317.jpg,[Appealing]
318.jpg,[Non-appealing]
319.jpg,[Appealing]
320.jpg,[Appealing]
321.jpg,[Appealing]
322.jpg,[Appealing]
323.jpg,[Non-appealing]
324.jpg,[Non-appealing]
325.jpg,[Non-appealing]
326.jpg,[Appealing]
327.jpg,[Appealing]
328.jpg,[Non-appealing]
329.jpg,[Non-appealing]
330.jpg,[Appealing]
331.jpg,[Appealing]
332.jpg,[Non-appealing]
333.jpg,[Appealing]
334.jpg,[Appealing]
335.jpg,[Appealing]
336.jpg,[Non-appealing]
337.jpg,[Non-appealing]
338.jpg,[Non-appealing]
339.jpg,[Appealing]
340.jpg,[Appealing]
341.jpg,[Appealing]
342.jpg,[Appealing]
343.jpg,[Appealing]
344.jpg,[Non-appealing]
345.jpg,[Non-appealing]
346.jpg,[Non-appealing]
347.jpg,[Non-appealing]
348.jpg,[Non-appealing]
349.jpg,[Appealing]
350.jpg,[Appealing]
351.jpg,[Non-appealing]
352.jpg,[Non-appealing]
353.jpg,[Non-appealing]
354.jpg,[Non-appealing]
355.jpg,[Non-appealing]
356.jpg,[Non-appealing]
357.jpg,[Appealing]
358.jpg,[Non-appealing]
359.jpg,[Appealing]
360.jpg,[Appealing]
361.jpg,[Appealing]
362.jpg,[Appealing]
363.jpg,[Appealing]
364.jpg,[Appealing]
365.jpg,[Appealing]
366.jpg,[Non-appealing]
367.jpg,[Appealing]
368.jpg,[Appealing]
369.jpg,[Non-appealing]
370.jpg,[Appealing]
371.jpg,[Appealing]
372.jpg,[Non-appealing]
373.jpg,[Appealing]
374.jpg,[Non-appealing]
375.jpg,[Non-appealing]
376.jpg,[Appealing]
377.jpg,[Non-appealing]
378.jpg,[Non-appealing]
379.jpg,[Non-appealing]
380.jpg,[Non-appealing]
381.jpg,[Non-appealing]
382.jpg,[Non-appealing]
383.jpg,[Appealing]
384.jpg,[Appealing]
385.jpg,[Non-appealing]
386.jpg,[Appealing]
387.jpg,[Non-appealing]
388.jpg,[Appealing]
389.jpg,[Non-appealing]
390.jpg,[Non-appealing]
391.jpg,[Non-appealing]
392.jpg,[Non-appealing]
393.jpg,[Appealing]
394.jpg,[Appealing]
395.jpg,[Non-appealing]
396.jpg,[Appealing]
397.jpg,[Non-appealing]
398.jpg,[Non-appealing]
399.jpg,[Non-appealing]
400.jpg,[Appealing]
401.jpg,[Non-appealing]
402.jpg,[Non-appealing]
403.jpg,[Non-appealing]
404.jpg,[Non-appealing]
405.jpg,[Non-appealing]
406.jpg,[Non-appealing]
407.jpg,[Non-appealing]
408.jpg,[Appealing]
409.jpg,[Appealing]
410.jpg,[Appealing]
411.jpg,[Appealing]
412.jpg,[Appealing]
413.jpg,[Non-appealing]
414.jpg,[Non-appealing]
415.jpg,[Non-appealing]
416.jpg,[Appealing]
417.jpg,[Appealing]
418.jpg,[Appealing]
419.jpg,[Appealing]
420.jpg,[Non-appealing]
421.jpg,[Non-appealing]
422.jpg,[Non-appealing]
423.jpg,[Non-appealing]
424.jpg,[Non-appealing]
425.jpg,[Non-appealing]
426.jpg,[Appealing]
427.jpg,[Non-appealing]
428.jpg,[Appealing]
429.jpg,[Non-appealing]
430.jpg,[Appealing]
431.jpg,[Appealing]
432.jpg,[Appealing]
433.jpg,[Appealing]
434.jpg,[Appealing]
435.jpg,[Non-appealing]
436.jpg,[Non-appealing]
437.jpg,[Non-appealing]
438.jpg,[Appealing]
439.jpg,[Non-appealing]
440.jpg,[Non-appealing]
441.jpg,[Appealing]
442.jpg,[Non-appealing]
443.jpg,[Appealing]
444.jpg,[Non-appealing]
445.jpg,[Non-appealing]
446.jpg,[Appealing]
447.jpg,[Appealing]
448.jpg,[Non-appealing]
449.jpg,[Non-appealing]
450.jpg,[Non-appealing]
451.jpg,[Appealing]
452.jpg,[Non-appealing]
453.jpg,[Non-appealing]
454.jpg,[Non-appealing]
455.jpg,[Appealing]
456.jpg,[Non-appealing]
457.jpg,[Non-appealing]
458.jpg,[Appealing]
459.jpg,[Non-appealing]
460.jpg,[Appealing]
461.jpg,[Appealing]
462.jpg,[Appealing]
463.jpg,[Appealing]
464.jpg,[Non-appealing]
465.jpg,[Appealing]
466.jpg,[Appealing]
467.jpg,[Non-appealing]
468.jpg,[Appealing]
469.jpg,[Non-appealing]
470.jpg,[Appealing]
471.jpg,[Non-appealing]
472.jpg,[Non-appealing]
473.jpg,[Non-appealing]
474.jpg,[Appealing]
475.jpg,[Non-appealing]
476.jpg,[Appealing]
477.jpg,[Appealing]
478.jpg,[Appealing]
479.jpg,[Non-appealing]
480.jpg,[Appealing]
481.jpg,[Non-appealing]
482.jpg,[Appealing]
483.jpg,[Appealing]
484.jpg,[Non-appealing]
485.jpg,[Non-appealing]
486.jpg,[Appealing]
487.jpg,[Non-appealing]
488.jpg,[Appealing]
489.jpg,[Appealing]
490.jpg,[Non-appealing]
491.jpg,[Appealing]
492.jpg,[Non-appealing]
493.jpg,[Non-appealing]
494.jpg,[Appealing]
495.jpg,[Non-appealing]
496.jpg,[Appealing]
497.jpg,[Appealing]
498.jpg,[Non-appealing]
499.jpg,[Appealing]
500.jpg,[Non-appealing]
501.jpg,[Non-appealing]
502.jpg,[Appealing]
503.jpg,[Non-appealing]
504.jpg,[Appealing]
505.jpg,[Non-appealing]
506.jpg,[Non-appealing]
507.jpg,[Appealing]
508.jpg,[Appealing]
509.jpg,[Non-appealing]
510.jpg,[Appealing]
511.jpg,[Non-appealing]
512.jpg,[Appealing]
513.jpg,[Appealing]
514.jpg,[Non-appealing]
515.jpg,[Non-appealing]
516.jpg,[Non-appealing]
517.jpg,[Non-appealing]
518.jpg,[Non-appealing]
519.jpg,[Appealing]
520.jpg,[Appealing]
521.jpg,[Non-appealing]
522.jpg,[Non-appealing]
523.jpg,[Non-appealing]
524.jpg,[Appealing]
525.jpg,[Non-appealing]
526.jpg,[Appealing]
527.jpg,[Non-appealing]
528.jpg,[Non-appealing]
529.jpg,[Appealing]
530.jpg,[Appealing]
531.jpg,[Non-appealing]
532.jpg,[Appealing]
533.jpg,[Non-appealing]
534.jpg,[Appealing]
535.jpg,[Non-appealing]
536.jpg,[Appealing]
537.jpg,[Non-appealing]
538.jpg,[Non-appealing]
539.jpg,[Non-appealing]
540.jpg,[Non-appealing]
541.jpg,[Appealing]
542.jpg,[Appealing]
543.jpg,[Appealing]
544.jpg,[Non-appealing]
545.jpg,[Non-appealing]
546.jpg,[Appealing]
547.jpg,[Non-appealing]
548.jpg,[Appealing]
549.jpg,[Non-appealing]
550.jpg,[Appealing]
551.jpg,[Non-appealing]
552.jpg,[Non-appealing]
553.jpg,[Non-appealing]
554.jpg,[Non-appealing]
555.jpg,[Non-appealing]
556.jpg,[Non-appealing]
557.jpg,[Appealing]
558.jpg,[Appealing]
559.jpg,[Non-appealing]
560.jpg,[Non-appealing]
561.jpg,[Non-appealing]
562.jpg,[Non-appealing]
563.jpg,[Appealing]
564.jpg,[Non-appealing]
565.jpg,[Non-appealing]
566.jpg,[Appealing]
567.jpg,[Appealing]
568.jpg,[Non-appealing]
569.jpg,[Appealing]
570.jpg,[Appealing]
571.jpg,[Appealing]
572.jpg,[Non-appealing]
573.jpg,[Appealing]
574.jpg,[Appealing]
575.jpg,[Appealing]
576.jpg,[Appealing]
577.jpg,[Appealing]
578.jpg,[Appealing]
579.jpg,[Non-appealing]
580.jpg,[Non-appealing]
581.jpg,[Appealing]
582.jpg,[Appealing]
583.jpg,[Non-appealing]
584.jpg,[Non-appealing]
585.jpg,[Non-appealing]
586.jpg,[Appealing]
587.jpg,[Appealing]
588.jpg,[Appealing]
589.jpg,[Non-appealing]
590.jpg,[Non-appealing]
591.jpg,[Non-appealing]
592.jpg,[Non-appealing]
593.jpg,[Appealing]
594.jpg,[Non-appealing]
595.jpg,[Non-appealing]
596.jpg,[Non-appealing]
597.jpg,[Non-appealing]
598.jpg,[Appealing]
599.jpg,[Appealing]
600.jpg,[Non-appealing]
601.jpg,[Non-appealing]
602.jpg,[Appealing]
603.jpg,[Appealing]
604.jpg,[Appealing]
605.jpg,[Appealing]
606.jpg,[Non-appealing]
607.jpg,[Appealing]
608.jpg,[Non-appealing]
609.jpg,[Appealing]
610.jpg,[Non-appealing]
611.jpg,[Non-appealing]
612.jpg,[Non-appealing]
613.jpg,[Non-appealing]
614.jpg,[Appealing]
615.jpg,[Appealing]
616.jpg,[Non-appealing]
617.jpg,[Non-appealing]
618.jpg,[Non-appealing]
619.jpg,[Non-appealing]
620.jpg,[Non-appealing]
621.jpg,[Non-appealing]
622.jpg,[Non-appealing]
623.jpg,[Non-appealing]
624.jpg,[Non-appealing]
625.jpg,[Appealing]
626.jpg,[Non-appealing]
627.jpg,[Non-appealing]
628.jpg,[Appealing]
629.jpg,[Non-appealing]
630.jpg,[Non-appealing]
631.jpg,[Non-appealing]
632.jpg,[Appealing]
633.jpg,[Appealing]
634.jpg,[Non-appealing]
635.jpg,[Non-appealing]
636.jpg,[Non-appealing]
637.jpg,[Non-appealing]
638.jpg,[Appealing]
639.jpg,[Non-appealing]
640.jpg,[Non-appealing]
641.jpg,[Non-appealing]
642.jpg,[Appealing]
643.jpg,[Non-appealing]
644.jpg,[Appealing]
645.jpg,[Non-appealing]
646.jpg,[Appealing]
647.jpg,[Appealing]
648.jpg,[Non-appealing]
649.jpg,[Appealing]
650.jpg,[Non-appealing]
651.jpg,[Appealing]
652.jpg,[Non-appealing]
653.jpg,[Non-appealing]
654.jpg,[Appealing]
655.jpg,[Non-appealing]
656.jpg,[Appealing]
657.jpg,[Non-appealing]
658.jpg,[Appealing]
659.jpg,[Appealing]
660.jpg,[Non-appealing]
661.jpg,[Appealing]
662.jpg,[Non-appealing]
663.jpg,[Non-appealing]
664.jpg,[Appealing]
665.jpg,[Non-appealing]
666.jpg,[Appealing]
667.jpg,[Appealing]
668.jpg,[Non-appealing]
669.jpg,[Appealing]
670.jpg,[Non-appealing]
671.jpg,[Appealing]
672.jpg,[Appealing]
673.jpg,[Appealing]
674.jpg,[Non-appealing]
675.jpg,[Appealing]
676.jpg,[Non-appealing]
677.jpg,[Appealing]
678.jpg,[Non-appealing]
679.jpg,[Non-appealing]
680.jpg,[Non-appealing]
681.jpg,[Appealing]
682.jpg,[Appealing]
683.jpg,[Non-appealing]
684.jpg,[Non-appealing]
685.jpg,[Non-appealing]
686.jpg,[Appealing]
687.jpg,[Appealing]
688.jpg,[Appealing]
689.jpg,[Non-appealing]
690.jpg,[Non-appealing]
691.jpg,[Non-appealing]
692.jpg,[Appealing]
693.jpg,[Non-appealing]
694.jpg,[Appealing]
695.jpg,[Non-appealing]
696.jpg,[Non-appealing]
697.jpg,[Appealing]
698.jpg,[Appealing]
699.jpg,[Non-appealing]
700.jpg,[Appealing]
701.jpg,[Appealing]
702.jpg,[Appealing]
703.jpg,[Non-appealing]
704.jpg,[Appealing]
705.jpg,[Appealing]
706.jpg,[Appealing]
707.jpg,[Non-appealing]
708.jpg,[Appealing]
709.jpg,[Appealing]
710.jpg,[Non-appealing]
711.jpg,[Non-appealing]
712.jpg,[Appealing]
713.jpg,[Non-appealing]
714.jpg,[Non-appealing]
715.jpg,[Appealing]
716.jpg,[Non-appealing]
717.jpg,[Appealing]
718.jpg,[Non-appealing]
719.jpg,[Non-appealing]
720.jpg,[Non-appealing]
721.jpg,[Non-appealing]
722.jpg,[Appealing]
723.jpg,[Appealing]
724.jpg,[Appealing]
725.jpg,[Non-appealing]
726.jpg,[Non-appealing]
727.jpg,[Appealing]
728.jpg,[Appealing]
729.jpg,[Non-appealing]
730.jpg,[Non-appealing]
731.jpg,[Appealing]
732.jpg,[Non-appealing]
733.jpg,[Appealing]
734.jpg,[Non-appealing]
735.jpg,[Non-appealing]
736.jpg,[Appealing]
737.jpg,[Non-appealing]
738.jpg,[Appealing]
739.jpg,[Non-appealing]
740.jpg,[Appealing]
741.jpg,[Appealing]
742.jpg,[Appealing]
743.jpg,[Non-appealing]
744.jpg,[Non-appealing]
745.jpg,[Appealing]
746.jpg,[Appealing]
747.jpg,[Appealing]
748.jpg,[Non-appealing]
749.jpg,[Non-appealing]
750.jpg,[Non-appealing]
751.jpg,[Appealing]
752.jpg,[Non-appealing]
753.jpg,[Appealing]
754.jpg,[Non-appealing]
755.jpg,[Appealing]
756.jpg,[Non-appealing]
757.jpg,[Non-appealing]
758.jpg,[Appealing]
759.jpg,[Appealing]
760.jpg,[Appealing]
761.jpg,[Appealing]
762.jpg,[Non-appealing]
763.jpg,[Appealing]
764.jpg,[Non-appealing]
765.jpg,[Appealing]
766.jpg,[Appealing]
767.jpg,[Non-appealing]
768.jpg,[Non-appealing]
769.jpg,[Appealing]
770.jpg,[Non-appealing]
771.jpg,[Appealing]
772.jpg,[Appealing]
773.jpg,[Non-appealing]
774.jpg,[Appealing]
775.jpg,[Appealing]
776.jpg,[Non-appealing]
777.jpg,[Appealing]
778.jpg,[Non-appealing]
779.jpg,[Non-appealing]
780.jpg,[Non-appealing]
781.jpg,[Appealing]
782.jpg,[Appealing]
783.jpg,[Appealing]
784.jpg,[Non-appealing]
785.jpg,[Appealing]
786.jpg,[Appealing]
787.jpg,[Appealing]
788.jpg,[Non-appealing]
789.jpg,[Non-appealing]
790.jpg,[Appealing]
791.jpg,[Non-appealing]
792.jpg,[Non-appealing]
793.jpg,[Non-appealing]
794.jpg,[Appealing]
795.jpg,[Non-appealing]
796.jpg,[Non-appealing]
797.jpg,[Non-appealing]
798.jpg,[Non-appealing]
799.jpg,[Non-appealing]
800.jpg,[Non-appealing]
801.jpg,[Appealing]
802.jpg,[Appealing]
803.jpg,[Non-appealing]
804.jpg,[Appealing]
805.jpg,[Non-appealing]
806.jpg,[Appealing]
807.jpg,[Appealing]
808.jpg,[Non-appealing]
809.jpg,[Appealing]
810.jpg,[Appealing]
811.jpg,[Non-appealing]
812.jpg,[Appealing]
813.jpg,[Appealing]
814.jpg,[Appealing]
815.jpg,[Non-appealing]
816.jpg,[Non-appealing]
817.jpg,[Appealing]
818.jpg,[Non-appealing]
819.jpg,[Non-appealing]
820.jpg,[Appealing]
821.jpg,[Appealing]
822.jpg,[Non-appealing]
823.jpg,[Non-appealing]
824.jpg,[Non-appealing]
825.jpg,[Non-appealing]
826.jpg,[Non-appealing]
827.jpg,[Appealing]
828.jpg,[Non-appealing]
829.jpg,[Appealing]
830.jpg,[Non-appealing]
831.jpg,[Appealing]
832.jpg,[Non-appealing]
833.jpg,[Appealing]
834.jpg,[Non-appealing]
835.jpg,[Appealing]
836.jpg,[Non-appealing]
837.jpg,[Non-appealing]
838.jpg,[Non-appealing]
839.jpg,[Appealing]
840.jpg,[Appealing]
841.jpg,[Appealing]
842.jpg,[Non-appealing]
843.jpg,[Non-appealing]
844.jpg,[Appealing]
845.jpg,[Non-appealing]
846.jpg,[Appealing]
847.jpg,[Appealing]
848.jpg,[Non-appealing]
849.jpg,[Non-appealing]
850.jpg,[Appealing]
851.jpg,[Non-appealing]
852.jpg,[Appealing]
853.jpg,[Non-appealing]
854.jpg,[Non-appealing]
855.jpg,[Non-appealing]
856.jpg,[Appealing]
857.jpg,[Appealing]
858.jpg,[Non-appealing]
859.jpg,[Non-appealing]
860.jpg,[Appealing]
861.jpg,[Appealing]
862.jpg,[Non-appealing]
863.jpg,[Non-appealing]
864.jpg,[Appealing]
865.jpg,[Appealing]
866.jpg,[Non-appealing]
867.jpg,[Appealing]
868.jpg,[Non-appealing]
869.jpg,[Appealing]
870.jpg,[Appealing]
871.jpg,[Appealing]
872.jpg,[Appealing]
873.jpg,[Appealing]
874.jpg,[Appealing]
875.jpg,[Appealing]
876.jpg,[Non-appealing]
877.jpg,[Non-appealing]
878.jpg,[Appealing]
879.jpg,[Appealing]
880.jpg,[Appealing]
881.jpg,[Appealing]
882.jpg,[Non-appealing]
883.jpg,[Non-appealing]
884.jpg,[Non-appealing]
885.jpg,[Appealing]
886.jpg,[Appealing]
887.jpg,[Appealing]
888.jpg,[Appealing]
889.jpg,[Appealing]
890.jpg,[Non-appealing]
891.jpg,[Appealing]
892.jpg,[Appealing]
893.jpg,[Appealing]
894.jpg,[Non-appealing]
895.jpg,[Appealing]
896.jpg,[Appealing]
897.jpg,[Non-appealing]
898.jpg,[Appealing]
899.jpg,[Non-appealing]
900.jpg,[Appealing]
901.jpg,[Non-appealing]
902.jpg,[Appealing]
903.jpg,[Appealing]
904.jpg,[Non-appealing]
905.jpg,[Appealing]
906.jpg,[Appealing]
907.jpg,[Appealing]
908.jpg,[Appealing]
909.jpg,[Appealing]
910.jpg,[Appealing]
911.jpg,[Appealing]
912.jpg,[Non-appealing]
913.jpg,[Non-appealing]
914.jpg,[Appealing]
915.jpg,[Appealing]
916.jpg,[Appealing]
917.jpg,[Appealing]
918.jpg,[Appealing]
919.jpg,[Appealing]
920.jpg,[Non-appealing]
921.jpg,[Appealing]
922.jpg,[Non-appealing]
923.jpg,[Appealing]
924.jpg,[Appealing]
925.jpg,[Non-appealing]
926.jpg,[Appealing]
927.jpg,[Appealing]
928.jpg,[Appealing]
929.jpg,[Appealing]
930.jpg,[Non-appealing]
931.jpg,[Non-appealing]
932.jpg,[Non-appealing]
933.jpg,[Appealing]
934.jpg,[Appealing]
935.jpg,[Appealing]
936.jpg,[Non-appealing]
937.jpg,[Non-appealing]
938.jpg,[Appealing]
939.jpg,[Appealing]
940.jpg,[Appealing]
941.jpg,[Appealing]
942.jpg,[Appealing]
943.jpg,[Non-appealing]
944.jpg,[Non-appealing]
945.jpg,[Appealing]
946.jpg,[Appealing]
947.jpg,[Non-appealing]
948.jpg,[Appealing]
949.jpg,[Non-appealing]
950.jpg,[Appealing]
951.jpg,[Appealing]
952.jpg,[Appealing]
953.jpg,[Non-appealing]
954.jpg,[Appealing]
955.jpg,[Non-appealing]
956.jpg,[Non-appealing]
957.jpg,[Non-appealing]
958.jpg,[Non-appealing]
959.jpg,[Non-appealing]
960.jpg,[Appealing]
961.jpg,[Appealing]
962.jpg,[Appealing]
963.jpg,[Appealing]
964.jpg,[Non-appealing]
965.jpg,[Non-appealing]
966.jpg,[Appealing]
967.jpg,[Appealing]
968.jpg,[Appealing]
969.jpg,[Appealing]
970.jpg,[Non-appealing]
971.jpg,[Appealing]
972.jpg,[Non-appealing]
973.jpg,[Non-appealing]
974.jpg,[Non-appealing]
975.jpg,[Appealing]
976.jpg,[Non-appealing]
977.jpg,[Non-appealing]
978.jpg,[Non-appealing]
979.jpg,[Non-appealing]
980.jpg,[Non-appealing]
981.jpg,[Appealing]
982.jpg,[Appealing]
983.jpg,[Non-appealing]
984.jpg,[Appealing]
985.jpg,[Non-appealing]
986.jpg,[Appealing]
987.jpg,[Non-appealing]
988.jpg,[Appealing]
989.jpg,[Appealing]
990.jpg,[Non-appealing]
991.jpg,[Appealing]
992.jpg,[Non-appealing]
993.jpg,[Non-appealing]
994.jpg,[Non-appealing]
995.jpg,[Non-appealing]
996.jpg,[Appealing]
997.jpg,[Appealing]
998.jpg,[Non-appealing]
999.jpg,[Appealing]
1000.jpg,[Appealing]
1001.jpg,[Appealing]
1002.jpg,[Non-appealing]
1003.jpg,[Non-appealing]
1004.jpg,[Non-appealing]
1005.jpg,[Non-appealing]
1006.jpg,[Appealing]
1007.jpg,[Non-appealing]
1008.jpg,[Non-appealing]
1009.jpg,[Appealing]
1010.jpg,[Appealing]
1011.jpg,[Non-appealing]
1012.jpg,[Appealing]
