1.jpg,"[Non-appealing]"
2.jpg,"[Non-appealing]"
3.jpg,"[Non-appealing]"
4.jpg,"[Appealing]"
5.jpg,"[Non-appealing]"
6.jpg,"[Non-appealing]"
7.jpg,"[Non-appealing]"
8.jpg,"[Non-appealing]"
9.jpg,"[Appealing]"
10.jpg,"[Appealing]"
11.jpg,"[Non-appealing]"
12.jpg,"[Non-appealing]"
13.jpg,"[Non-appealing]"
14.jpg,"[Non-appealing]"
15.jpg,"[Non-appealing]"
16.jpg,"[Appealing]"
17.jpg,"[Appealing]"
18.jpg,"[Non-appealing]"
19.jpg,"[Non-appealing]"
20.jpg,"[Non-appealing]"
21.jpg,"[Appealing]"
22.jpg,"[Non-appealing]"
23.jpg,"[Non-appealing]"
24.jpg,"[Non-appealing]"
25.jpg,"[Non-appealing]"
26.jpg,"[Appealing]"
27.jpg,"[Non-appealing]"
28.jpg,"[Non-appealing]"
29.jpg,"[Non-appealing]"
30.jpg,"[Appealing]"
31.jpg,"[Non-appealing]"
32.jpg,"[Appealing]"
33.jpg,"[Appealing]"
34.jpg,"[Appealing]"
35.jpg,"[Non-appealing]"
36.jpg,"[Appealing]"
37.jpg,"[Appealing]"
38.jpg,"[Appealing]"
39.jpg,"[Appealing]"
40.jpg,"[Appealing]"
41.jpg,"[Non-appealing]"
42.jpg,"[Non-appealing]"
43.jpg,"[Appealing]"
44.jpg,"[Non-appealing]"
45.jpg,"[Non-appealing]"
46.jpg,"[Non-appealing]"
47.jpg,"[Non-appealing]"
48.jpg,"[Appealing]"
49.jpg,"[Appealing]"
50.jpg,"[Non-appealing]"
51.jpg,"[Appealing]"
52.jpg,"[Appealing]"
53.jpg,"[Non-appealing]"
54.jpg,"[Appealing]"
55.jpg,"[Appealing]"
56.jpg,"[Non-appealing]"
57.jpg,"[Appealing]"
58.jpg,"[Non-appealing]"
59.jpg,"[Non-appealing]"
60.jpg,"[Appealing]"
61.jpg,"[Non-appealing]"
62.jpg,"[Non-appealing]"
63.jpg,"[Non-appealing]"
64.jpg,"[Appealing]"
65.jpg,"[Non-appealing]"
66.jpg,"[Non-appealing]"
67.jpg,"[Appealing]"
68.jpg,"[Appealing]"
69.jpg,"[Non-appealing]"
70.jpg,"[Non-appealing]"
71.jpg,"[Non-appealing]"
72.jpg,"[Non-appealing]"
73.jpg,"[Appealing]"
74.jpg,"[Non-appealing]"
75.jpg,"[Appealing]"
76.jpg,"[Non-appealing]"
77.jpg,"[Non-appealing]"
78.jpg,"[Appealing]"
79.jpg,"[Non-appealing]"
80.jpg,"[Non-appealing]"
81.jpg,"[Non-appealing]"
82.jpg,"[Non-appealing]"
83.jpg,"[Appealing]"
84.jpg,"[Appealing]"
85.jpg,"[Appealing]"
86.jpg,"[Non-appealing]"
87.jpg,"[Non-appealing]"
88.jpg,"[Non-appealing]"
89.jpg,"[Non-appealing]"
90.jpg,"[Appealing]"
91.jpg,"[Non-appealing]"
92.jpg,"[Non-appealing]"
93.jpg,"[Appealing]"
94.jpg,"[Appealing]"
95.jpg,"[Appealing]"
96.jpg,"[Appealing]"
97.jpg,"[Appealing]"
98.jpg,"[Non-appealing]"
99.jpg,"[Appealing]"
100.jpg,"[Appealing]"
101.jpg,"[Appealing]"
102.jpg,"[Appealing]"
103.jpg,"[Non-appealing]"
104.jpg,"[Appealing]"
105.jpg,"[Non-appealing]"
106.jpg,"[Non-appealing]"
107.jpg,"[Non-appealing]"
108.jpg,"[Appealing]"
109.jpg,"[Appealing]"
110.jpg,"[Appealing]"
111.jpg,"[Non-appealing]"
112.jpg,"[Appealing]"
113.jpg,"[Appealing]"
114.jpg,"[Appealing]"
115.jpg,"[Appealing]"
116.jpg,"[Non-appealing]"
117.jpg,"[Non-appealing]"
118.jpg,"[Non-appealing]"
119.jpg,"[Appealing]"
120.jpg,"[Appealing]"
121.jpg,"[Non-appealing]"
122.jpg,"[Appealing]"
123.jpg,"[Appealing]"
124.jpg,"[Non-appealing]"
125.jpg,"[Appealing]"
126.jpg,"[Appealing]"
127.jpg,"[Appealing]"
128.jpg,"[Appealing]"
129.jpg,"[Appealing]"
130.jpg,"[Appealing]"
131.jpg,"[Non-appealing]"
132.jpg,"[Appealing]"
133.jpg,"[Non-appealing]"
134.jpg,"[Appealing]"
135.jpg,"[Appealing]"
136.jpg,"[Appealing]"
137.jpg,"[Non-appealing]"
138.jpg,"[Appealing]"
139.jpg,"[Appealing]"
140.jpg,"[Appealing]"
141.jpg,"[Appealing]"
142.jpg,"[Non-appealing]"
143.jpg,"[Non-appealing]"
144.jpg,"[Appealing]"
145.jpg,"[Appealing]"
146.jpg,"[Non-appealing]"
147.jpg,"[Appealing]"
148.jpg,"[Appealing]"
149.jpg,"[Non-appealing]"
150.jpg,"[Appealing]"
151.jpg,"[Appealing]"
152.jpg,"[Non-appealing]"
153.jpg,"[Appealing]"
154.jpg,"[Non-appealing]"
155.jpg,"[Non-appealing]"
156.jpg,"[Appealing]"
157.jpg,"[Non-appealing]"
158.jpg,"[Non-appealing]"
159.jpg,"[Appealing]"
160.jpg,"[Non-appealing]"
161.jpg,"[Non-appealing]"

163.jpg,"[Non-appealing]"
164.jpg,"[Appealing]"
165.jpg,"[Appealing]"
166.jpg,"[Appealing]"
167.jpg,"[Non-appealing]"
168.jpg,"[Appealing]"
169.jpg,"[Appealing]"
170.jpg,"[Appealing]"
171.jpg,"[Non-appealing]"
172.jpg,"[Appealing]"
173.jpg,"[Appealing]"
174.jpg,"[Appealing]"
175.jpg,"[Appealing]"
176.jpg,"[Appealing]"
177.jpg,"[Non-appealing]"
178.jpg,"[Non-appealing]"
179.jpg,"[Appealing]"
180.jpg,"[Appealing]"
181.jpg,"[Appealing]"
182.jpg,"[Appealing]"
183.jpg,"[Appealing]"
184.jpg,"[Appealing]"
185.jpg,"[Appealing]"
186.jpg,"[Appealing]"
187.jpg,"[Appealing]"
188.jpg,"[Non-appealing]"
189.jpg,"[Appealing]"
190.jpg,"[Appealing]"
191.jpg,"[Non-appealing]"
192.jpg,"[Non-appealing]"
193.jpg,"[Appealing]"
194.jpg,"[Appealing]"
195.jpg,"[Appealing]"
196.jpg,"[Appealing]"
197.jpg,"[Appealing]"
198.jpg,"[Non-appealing]"
199.jpg,"[Non-appealing]"
200.jpg,"[Non-appealing]"