201.jpg,"[Appealing]"
202.jpg,"[Appealing]"
203.jpg,"[Appealing]"
204.jpg,"[Appealing]"
205.jpg,"[Appealing]"
206.jpg,"[Appealing]"
207.jpg,"[Non-appealing]"
208.jpg,"[Appealing]"
209.jpg,"[Non-appealing]"
210.jpg,"[Non-appealing]"
211.jpg,"[Appealing]"
212.jpg,"[Non-appealing]"
213.jpg,"[Appealing]"
214.jpg,"[Appealing]"
215.jpg,"[Appealing]"
216.jpg,"[Non-appealing]"
217.jpg,"[Appealing]"
218.jpg,"[Non-appealing]"
219.jpg,"[Non-appealing]"
220.jpg,"[Appealing]"
221.jpg,"[Appealing]"
222.jpg,"[Appealing]"
223.jpg,"[Appealing]"
224.jpg,"[Non-appealing]"
225.jpg,"[Appealing]"
226.jpg,"[Appealing]"
227.jpg,"[Appealing]"
228.jpg,"[Appealing]"
229.jpg,"[Appealing]"
230.jpg,"[Non-appealing]"
231.jpg,"[Non-appealing]"
232.jpg,"[Non-appealing]"
233.jpg,"[Non-appealing]"
234.jpg,"[Appealing]"
235.jpg,"[Appealing]"
236.jpg,"[Non-appealing]"
237.jpg,"[Non-appealing]"
238.jpg,"[Appealing]"
239.jpg,"[Appealing]"
240.jpg,"[Appealing]"
241.jpg,"[Appealing]"
242.jpg,"[Appealing]"
243.jpg,"[Appealing]"
244.jpg,"[Appealing]"
245.jpg,"[Appealing]"
246.jpg,"[Appealing]"
247.jpg,"[Appealing]"
248.jpg,"[Appealing]"
249.jpg,"[Appealing]"
250.jpg,"[Appealing]"
251.jpg,"[Appealing]"
252.jpg,"[Appealing]"
253.jpg,"[Non-appealing]"
254.jpg,"[Non-appealing]"
255.jpg,"[Non-appealing]"
256.jpg,"[Non-appealing]"
257.jpg,"[Appealing]"
258.jpg,"[Appealing]"
259.jpg,"[Appealing]"
260.jpg,"[Appealing]"
261.jpg,"[Appealing]"
262.jpg,"[Non-appealing]"
263.jpg,"[Non-appealing]"
264.jpg,"[Appealing]"
265.jpg,"[Non-appealing]"
266.jpg,"[Appealing]"
267.jpg,"[Non-appealing]"
268.jpg,"[Appealing]"
269.jpg,"[Appealing]"
270.jpg,"[Non-appealing]"
271.jpg,"[Non-appealing]"
272.jpg,"[Non-appealing]"
273.jpg,"[Non-appealing]"
274.jpg,"[Non-appealing]"
275.jpg,"[Non-appealing]"
276.jpg,"[Non-appealing]"
277.jpg,"[Non-appealing]"
278.jpg,"[Non-appealing]"
279.jpg,"[Appealing]"
280.jpg,"[Appealing]"
281.jpg,"[Non-appealing]"
282.jpg,"[Non-appealing]"
283.jpg,"[Appealing]"
284.jpg,"[Non-appealing]"
285.jpg,"[Appealing]"
286.jpg,"[Non-appealing]"
287.jpg,"[Appealing]"
288.jpg,"[Appealing]"
289.jpg,"[Appealing]"
290.jpg,"[Appealing]"
291.jpg,"[Appealing]"
292.jpg,"[Appealing]"
293.jpg,"[Appealing]"
294.jpg,"[Appealing]"
295.jpg,"[Non-appealing]"
296.jpg,"[Non-appealing]"
297.jpg,"[Appealing]"
298.jpg,"[Non-appealing]"
299.jpg,"[Non-appealing]"
300.jpg,"[Non-appealing]"
301.jpg,"[Appealing]"
302.jpg,"[Appealing]"
303.jpg,"[Appealing]"
304.jpg,"[Non-appealing]"
305.jpg,"[Appealing]"
306.jpg,"[Appealing]"
307.jpg,"[Non-appealing]"
308.jpg,"[Non-appealing]"
309.jpg,"[Appealing]"
310.jpg,"[Appealing]"
311.jpg,"[Non-appealing]"
312.jpg,"[Non-appealing]"
313.jpg,"[Non-appealing]"
314.jpg,"[Non-appealing]"
315.jpg,"[Non-appealing]"
316.jpg,"[Non-appealing]"
317.jpg,"[Appealing]"
318.jpg,"[Appealing]"
319.jpg,"[Appealing]"
320.jpg,"[Non-appealing]"
321.jpg,"[Non-appealing]"
322.jpg,"[Appealing]"
323.jpg,"[Appealing]"
324.jpg,"[Appealing]"
325.jpg,"[Appealing]"
326.jpg,"[Appealing]"
327.jpg,"[Appealing]"
328.jpg,"[Non-appealing]"
329.jpg,"[Non-appealing]"
330.jpg,"[Appealing]"
331.jpg,"[Non-appealing]"
332.jpg,"[Non-appealing]"
333.jpg,"[Appealing]"
334.jpg,"[Appealing]"
335.jpg,"[Non-appealing]"
336.jpg,"[Non-appealing]"
337.jpg,"[Appealing]"
338.jpg,"[Non-appealing]"
339.jpg,"[Non-appealing]"
340.jpg,"[Appealing]"
341.jpg,"[Non-appealing]"
342.jpg,"[Appealing]"
343.jpg,"[Non-appealing]"
344.jpg,"[Appealing]"
345.jpg,"[Appealing]"
346.jpg,"[Appealing]"
347.jpg,"[Appealing]"
348.jpg,"[Non-appealing]"
349.jpg,"[Non-appealing]"
350.jpg,"[Appealing]"
351.jpg,"[Non-appealing]"
352.jpg,"[Appealing]"
353.jpg,"[Appealing]"
354.jpg,"[Non-appealing]"
355.jpg,"[Non-appealing]"
356.jpg,"[Non-appealing]"
357.jpg,"[Non-appealing]"
358.jpg,"[Non-appealing]"
359.jpg,"[Non-appealing]"
360.jpg,"[Non-appealing]"
361.jpg,"[Non-appealing]"
362.jpg,"[Non-appealing]"
363.jpg,"[Non-appealing]"
364.jpg,"[Non-appealing]"
365.jpg,"[Non-appealing]"
366.jpg,"[Non-appealing]"
367.jpg,"[Appealing]"
368.jpg,"[Appealing]"
369.jpg,"[Non-appealing]"
370.jpg,"[Appealing]"
371.jpg,"[Non-appealing]"
372.jpg,"[Non-appealing]"
373.jpg,"[Non-appealing]"
374.jpg,"[Appealing]"
375.jpg,"[Non-appealing]"
376.jpg,"[Appealing]"
377.jpg,"[Non-appealing]"
378.jpg,"[Appealing]"
379.jpg,"[Appealing]"
380.jpg,"[Appealing]"
381.jpg,"[Appealing]"
382.jpg,"[Non-appealing]"
383.jpg,"[Appealing]"
384.jpg,"[Non-appealing]"
385.jpg,"[Appealing]"
386.jpg,"[Appealing]"
387.jpg,"[Non-appealing]"
388.jpg,"[Non-appealing]"
389.jpg,"[Non-appealing]"
390.jpg,"[Appealing]"
391.jpg,"[Appealing]"
392.jpg,"[Appealing]"
393.jpg,"[Non-appealing]"
394.jpg,"[Appealing]"
395.jpg,"[Non-appealing]"
396.jpg,"[Non-appealing]"
397.jpg,"[Appealing]"
398.jpg,"[Appealing]"
399.jpg,"[Non-appealing]"
400.jpg,"[Non-appealing]"
401.jpg,"[Non-appealing]"
402.jpg,"[Non-appealing]"
403.jpg,"[Non-appealing]"
404.jpg,"[Non-appealing]"
405.jpg,"[Appealing]"
406.jpg,"[Non-appealing]"
407.jpg,"[Non-appealing]"
408.jpg,"[Non-appealing]"
409.jpg,"[Non-appealing]"
410.jpg,"[Non-appealing]"
411.jpg,"[Non-appealing]"
412.jpg,"[Non-appealing]"
413.jpg,"[Non-appealing]"
414.jpg,"[Appealing]"
415.jpg,"[Appealing]"
416.jpg,"[Non-appealing]"
417.jpg,"[Appealing]"
418.jpg,"[Non-appealing]"
419.jpg,"[Appealing]"
420.jpg,"[Appealing]"
421.jpg,"[Appealing]"
422.jpg,"[Non-appealing]"
423.jpg,"[Non-appealing]"
424.jpg,"[Non-appealing]"
425.jpg,"[Non-appealing]"
426.jpg,"[Appealing]"
427.jpg,"[Non-appealing]"
428.jpg,"[Appealing]"
429.jpg,"[Non-appealing]"
430.jpg,"[Appealing]"
431.jpg,"[Appealing]"
432.jpg,"[Appealing]"
433.jpg,"[Appealing]"
434.jpg,"[Appealing]"
435.jpg,"[Appealing]"
436.jpg,"[Non-appealing]"
437.jpg,"[Non-appealing]"
438.jpg,"[Non-appealing]"
439.jpg,"[Appealing]"
440.jpg,"[Non-appealing]"
441.jpg,"[Appealing]"
442.jpg,"[Appealing]"
443.jpg,"[Appealing]"
444.jpg,"[Appealing]"
445.jpg,"[Appealing]"
446.jpg,"[Appealing]"
447.jpg,"[Non-appealing]"
448.jpg,"[Non-appealing]"
449.jpg,"[Non-appealing]"
450.jpg,"[Non-appealing]"
451.jpg,"[Non-appealing]"
452.jpg,"[Non-appealing]"
453.jpg,"[Non-appealing]"
454.jpg,"[Non-appealing]"
455.jpg,"[Appealing]"
456.jpg,"[Appealing]"
457.jpg,"[Non-appealing]"
458.jpg,"[Non-appealing]"
459.jpg,"[Non-appealing]"
460.jpg,"[Appealing]"
461.jpg,"[Appealing]"
462.jpg,"[Appealing]"
463.jpg,"[Non-appealing]"
464.jpg,"[Appealing]"
465.jpg,"[Non-appealing]"
466.jpg,"[Non-appealing]"
467.jpg,"[Appealing]"
468.jpg,"[Appealing]"
469.jpg,"[Appealing]"
470.jpg,"[Appealing]"
471.jpg,"[Non-appealing]"
472.jpg,"[Non-appealing]"
473.jpg,"[Appealing]"
474.jpg,"[Non-appealing]"
475.jpg,"[Appealing]"
476.jpg,"[Non-appealing]"
477.jpg,"[Non-appealing]"
478.jpg,"[Non-appealing]"
479.jpg,"[Non-appealing]"
480.jpg,"[Appealing]"
481.jpg,"[Non-appealing]"
482.jpg,"[Non-appealing]"
483.jpg,"[Appealing]"
484.jpg,"[Appealing]"
485.jpg,"[Appealing]"
486.jpg,"[Appealing]"
487.jpg,"[Appealing]"
488.jpg,"[Non-appealing]"
489.jpg,"[Non-appealing]"
490.jpg,"[Non-appealing]"
491.jpg,"[Non-appealing]"
492.jpg,"[Non-appealing]"
493.jpg,"[Non-appealing]"
494.jpg,"[Appealing]"
495.jpg,"[Non-appealing]"
496.jpg,"[Appealing]"
497.jpg,"[Non-appealing]"
498.jpg,"[Non-appealing]"
499.jpg,"[Non-appealing]"
500.jpg,"[Non-appealing]"