725.jpg,"[Appealing]"
726.jpg,"[Non-appealing]"
727.jpg,"[Non-appealing]"
728.jpg,"[Appealing]"
729.jpg,"[Non-appealing]"
730.jpg,"[Appealing]"
731.jpg,"[Appealing]"
732.jpg,"[Non-appealing]"
733.jpg,"[Non-appealing]"
734.jpg,"[Appealing]"
735.jpg,"[Non-appealing]"
736.jpg,"[Appealing]"
737.jpg,"[Appealing]"
738.jpg,"[Appealing]"
739.jpg,"[Non-appealing]"
740.jpg,"[Appealing]"
741.jpg,"[Non-appealing]"
742.jpg,"[Appealing]"
743.jpg,"[Non-appealing]"
744.jpg,"[Appealing]"
745.jpg,"[Appealing]"
746.jpg,"[Non-appealing]"
747.jpg,"[Non-appealing]"
748.jpg,"[Non-appealing]"
749.jpg,"[Appealing]"
750.jpg,"[Appealing]"
751.jpg,"[Appealing]"
752.jpg,"[Appealing]"
753.jpg,"[Appealing]"
754.jpg,"[Non-appealing]"
755.jpg,"[Appealing]"
756.jpg,"[Appealing]"
757.jpg,"[Non-appealing]"
758.jpg,"[Non-appealing]"
759.jpg,"[Non-appealing]"
760.jpg,"[Non-appealing]"
761.jpg,"[Appealing]"
762.jpg,"[Appealing]"
763.jpg,"[Appealing]"
764.jpg,"[Appealing]"
765.jpg,"[Non-appealing]"
766.jpg,"[Appealing]"
767.jpg,"[Appealing]"
768.jpg,"[Non-appealing]"
769.jpg,"[Appealing]"
770.jpg,"[Appealing]"
771.jpg,"[Appealing]"
772.jpg,"[Non-appealing]"
773.jpg,"[Non-appealing]"
774.jpg,"[Appealing]"
775.jpg,"[Appealing]"
776.jpg,"[Non-appealing]"
777.jpg,"[Appealing]"
778.jpg,"[Appealing]"
779.jpg,"[Appealing]"
780.jpg,"[Non-appealing]"
781.jpg,"[Appealing]"
782.jpg,"[Appealing]"
783.jpg,"[Appealing]"
784.jpg,"[Appealing]"
785.jpg,"[Non-appealing]"
786.jpg,"[Non-appealing]"
787.jpg,"[Appealing]"
788.jpg,"[Non-appealing]"
789.jpg,"[Non-appealing]"
790.jpg,"[Appealing]"
791.jpg,"[Non-appealing]"
792.jpg,"[Appealing]"
793.jpg,"[Appealing]"
794.jpg,"[Appealing]"
795.jpg,"[Non-appealing]"
796.jpg,"[Appealing]"
797.jpg,"[Non-appealing]"
798.jpg,"[Appealing]"
799.jpg,"[Non-appealing]"
800.jpg,"[Appealing]"
801.jpg,"[Appealing]"
802.jpg,"[Appealing]"
803.jpg,"[Appealing]"
804.jpg,"[Non-appealing]"
805.jpg,"[Appealing]"
806.jpg,"[Appealing]"
807.jpg,"[Appealing]"
808.jpg,"[Appealing]"
809.jpg,"[Non-appealing]"
810.jpg,"[Appealing]"
811.jpg,"[Appealing]"
812.jpg,"[Appealing]"
813.jpg,"[Appealing]"
814.jpg,"[Appealing]"
815.jpg,"[Appealing]"
816.jpg,"[Appealing]"
817.jpg,"[Non-appealing]"
818.jpg,"[Non-appealing]"
819.jpg,"[Non-appealing]"
820.jpg,"[Appealing]"
821.jpg,"[Non-appealing]"
822.jpg,"[Appealing]"
823.jpg,"[Non-appealing]"
824.jpg,"[Appealing]"
825.jpg,"[Appealing]"
826.jpg,"[Non-appealing]"
827.jpg,"[Non-appealing]"
828.jpg,"[Appealing]"
829.jpg,"[Appealing]"
830.jpg,"[Appealing]"
831.jpg,"[Non-appealing]"
832.jpg,"[Non-appealing]"
833.jpg,"[Appealing]"
834.jpg,"[Non-appealing]"
835.jpg,"[Non-appealing]"
836.jpg,"[Non-appealing]"
837.jpg,"[Non-appealing]"
838.jpg,"[Appealing]"
839.jpg,"[Non-appealing]"
840.jpg,"[Appealing]"
841.jpg,"[Appealing]"
842.jpg,"[Appealing]"
843.jpg,"[Appealing]"
844.jpg,"[Non-appealing]"
845.jpg,"[Appealing]"
846.jpg,"[Non-appealing]"
847.jpg,"[Non-appealing]"
848.jpg,"[Non-appealing]"
849.jpg,"[Non-appealing]"
850.jpg,"[Appealing]"
851.jpg,"[Non-appealing]"
852.jpg,"[Appealing]"
853.jpg,"[Appealing]"
854.jpg,"[Appealing]"
855.jpg,"[Appealing]"
856.jpg,"[Non-appealing]"
857.jpg,"[Appealing]"
858.jpg,"[Appealing]"
859.jpg,"[Appealing]"
860.jpg,"[Non-appealing]"
861.jpg,"[Non-appealing]"
862.jpg,"[Non-appealing]"
863.jpg,"[Non-appealing]"
864.jpg,"[Appealing]"
865.jpg,"[Appealing]"
866.jpg,"[Appealing]"
867.jpg,"[Non-appealing]"
868.jpg,"[Appealing]"
869.jpg,"[Non-appealing]"
870.jpg,"[Non-appealing]"
871.jpg,"[Non-appealing]"
872.jpg,"[Non-appealing]"
873.jpg,"[Appealing]"
874.jpg,"[Non-appealing]"
875.jpg,"[Non-appealing]"
876.jpg,"[Appealing]"
877.jpg,"[Non-appealing]"
878.jpg,"[Appealing]"
879.jpg,"[Non-appealing]"
880.jpg,"[Appealing]"
881.jpg,"[Non-appealing]"
882.jpg,"[Appealing]"
883.jpg,"[Appealing]"
884.jpg,"[Appealing]"
885.jpg,"[Appealing]"
886.jpg,"[Appealing]"
887.jpg,"[Appealing]"
888.jpg,"[Appealing]"
889.jpg,"[Appealing]"
890.jpg,"[Appealing]"
891.jpg,"[Non-appealing]"
892.jpg,"[Non-appealing]"
893.jpg,"[Appealing]"
894.jpg,"[Non-appealing]"
895.jpg,"[Appealing]"
896.jpg,"[Non-appealing]"
897.jpg,"[Appealing]"
898.jpg,"[Appealing]"
899.jpg,"[Appealing]"
900.jpg,"[Non-appealing]"
901.jpg,"[Non-appealing]"
902.jpg,"[Appealing]"
903.jpg,"[Non-appealing]"
904.jpg,"[Non-appealing]"
905.jpg,"[Appealing]"
906.jpg,"[Non-appealing]"
907.jpg,"[Non-appealing]"
908.jpg,"[Appealing]"
909.jpg,"[Non-appealing]"
910.jpg,"[Non-appealing]"
911.jpg,"[Appealing]"
912.jpg,"[Appealing]"
913.jpg,"[Appealing]"
914.jpg,"[Appealing]"
915.jpg,"[Non-appealing]"
916.jpg,"[Appealing]"
917.jpg,"[Non-appealing]"
918.jpg,"[Non-appealing]"
919.jpg,"[Non-appealing]"
920.jpg,"[Non-appealing]"
921.jpg,"[Appealing]"
922.jpg,"[Non-appealing]"
923.jpg,"[Non-appealing]"
924.jpg,"[Appealing]"
925.jpg,"[Appealing]"
926.jpg,"[Non-appealing]"
927.jpg,"[Non-appealing]"
928.jpg,"[Appealing]"
929.jpg,"[Non-appealing]"
930.jpg,"[Non-appealing]"
931.jpg,"[Non-appealing]"
932.jpg,"[Appealing]"
933.jpg,"[Appealing]"
934.jpg,"[Non-appealing]"
935.jpg,"[Non-appealing]"
936.jpg,"[Non-appealing]"
937.jpg,"[Non-appealing]"
938.jpg,"[Appealing]"
939.jpg,"[Non-appealing]"
940.jpg,"[Appealing]"
941.jpg,"[Appealing]"
942.jpg,"[Non-appealing]"
943.jpg,"[Non-appealing]"
944.jpg,"[Non-appealing]"
945.jpg,"[Appealing]"
946.jpg,"[Appealing]"
947.jpg,"[Non-appealing]"
948.jpg,"[Non-appealing]"
949.jpg,"[Non-appealing]"
950.jpg,"[Non-appealing]"
951.jpg,"[Appealing]"
952.jpg,"[Non-appealing]"
953.jpg,"[Appealing]"
954.jpg,"[Appealing]"
955.jpg,"[Non-appealing]"
956.jpg,"[Appealing]"
957.jpg,"[Appealing]"
958.jpg,"[Appealing]"
959.jpg,"[Non-appealing]"
960.jpg,"[Appealing]"
961.jpg,"[Appealing]"
962.jpg,"[Appealing]"
963.jpg,"[Non-appealing]"
964.jpg,"[Non-appealing]"
965.jpg,"[Non-appealing]"
966.jpg,"[Non-appealing]"
967.jpg,"[Non-appealing]"
968.jpg,"[Non-appealing]"
969.jpg,"[Non-appealing]"
970.jpg,"[Non-appealing]"
971.jpg,"[Non-appealing]"
972.jpg,"[Non-appealing]"
973.jpg,"[Non-appealing]"
974.jpg,"[Non-appealing]"
975.jpg,"[Non-appealing]"
976.jpg,"[Non-appealing]"
977.jpg,"[Non-appealing]"
978.jpg,"[Non-appealing]"
979.jpg,"[Appealing]"
980.jpg,"[Non-appealing]"
981.jpg,"[Appealing]"
982.jpg,"[Appealing]"
983.jpg,"[Appealing]"
984.jpg,"[Appealing]"
985.jpg,"[Non-appealing]"
986.jpg,"[Non-appealing]"
987.jpg,"[Appealing]"
988.jpg,"[Non-appealing]"
989.jpg,"[Non-appealing]"
990.jpg,"[Appealing]"
991.jpg,"[Non-appealing]"
992.jpg,"[Non-appealing]"
993.jpg,"[Appealing]"
994.jpg,"[Appealing]"
995.jpg,"[Non-appealing]"
996.jpg,"[Appealing]"
997.jpg,"[Non-appealing]"
998.jpg,"[Non-appealing]"
999.jpg,"[Non-appealing]"
1000.jpg,"[Appealing]"
1001.jpg,"[Non-appealing]"
1002.jpg,"[Non-appealing]"
1003.jpg,"[Non-appealing]"
1004.jpg,"[Appealing]"
1005.jpg,"[Appealing]"
1006.jpg,"[Appealing]"
1007.jpg,"[Non-appealing]"
1008.jpg,"[Appealing]"
1009.jpg,"[Non-appealing]"
1010.jpg,"[Non-appealing]"
1011.jpg,"[Non-appealing]"
1012.jpg,"[Non-appealing]"