oldnames,newnames
07101-K_8983_1.jpeg,1.jpg
07101-O_1583_1.jpeg,2.jpg
07101-O_1625_1.jpeg,3.jpg
07101-O_2467_1.jpeg,4.jpg
07101-O_2605_1.jpeg,5.jpg
07101-O_3106_1.jpeg,6.jpg
07101-O_4467_1.jpeg,7.jpg
07101-O_990_1.jpeg,8.jpg
10501-bib_rnod_52691_1.jpeg,9.jpg
10501-bib_rnod_52692_1.jpeg,10.jpg
10501-bib_rnod_53098_1.jpeg,11.jpg
10501-bib_rnod_74892_1.jpeg,12.jpg
10501-bib_rnod_74893_1.jpeg,13.jpg
11628-_FOTO_AM_UNITS_ITALY_17110_1.jpeg,14.jpg
11628-_FOTO_AM_UNITS_ITALY_5070_1.jpeg,15.jpg
11628-_FOTO_AM_UNITS_ITALY_68707_1.jpeg,16.jpg
15513-7442_1.jpeg,17.jpg
188-item_3IUIZOYBQ7OOQMF4VZ5GCLIBAAAANMFG_1.jpeg,18.jpg
2020601-https___1914_1918_europeana_eu_contributions_10425_attachments_109982_1.jpeg,19.jpg
2020903-KKSgb2948_64_1.jpeg,20.jpg
2020903-KKSgb2948_77_1.jpeg,21.jpg
2020903-KKSgb6867_1.jpeg,22.jpg
2020903-KMS4235_1.jpeg,23.jpg
2020903-KMS4613_1.jpeg,24.jpg
2020903-KMS6879_1.jpeg,25.jpg
2020903-KMS6934_1.jpeg,26.jpg
2020903-KMS740_1.jpeg,27.jpg
2020903-KMSsp266_1.jpeg,28.jpg
2020903-KMSst491_1.jpeg,29.jpg
2021007-_SLSA_1150_SLSA_1150_foto_1099_1.jpeg,30.jpg
2021007-_SLS_1555_SLS_1555_1254_1.jpeg,31.jpg
2021007-_SLS_1555_SLS_1555_1430_1.jpeg,32.jpg
2021007-_SLS_1555_SLS_1555_1499_1.jpeg,33.jpg
2021007-_SLS_1555_SLS_1555_163_1.jpeg,34.jpg
2021007-_SLS_1555_SLS_1555_1685_1.jpeg,35.jpg
2021007-_SLS_1555_SLS_1555_1738_1.jpeg,36.jpg
2021007-_SLS_1555_SLS_1555_2010_1.jpeg,37.jpg
2021007-_SLS_1555_SLS_1555_2256_1.jpeg,38.jpg
2021007-_SLS_1555_SLS_1555_36_1.jpeg,39.jpg
2021007-_SLS_1555_SLS_1555_486_1.jpeg,40.jpg
2021007-_SLS_1555_SLS_1555_763_1.jpeg,41.jpg
2021007-_SLS_1555_SLS_1555_768_1.jpeg,42.jpg
2021007-_SLS_1555_SLS_1555_778_1.jpeg,43.jpg
2021007-_SLS_1849_SLS_1849_675_1.jpeg,44.jpg
2021007-_SLS_1849_SLS_1849_691_1.jpeg,45.jpg
2021007-_SLS_1849_SLS_1849_695_1.jpeg,46.jpg
2021007-_SLS_1849_SLS_1849_86_1.jpeg,47.jpg
2021007-_SLS_227_SLS_227_85_1.jpeg,48.jpg
2021007-_SLS_389_SLS_389_34_1.jpeg,49.jpg
2021007-__C3_96TA_135_2C_SLS_865_SLS_865_B_365_1.jpeg,50.jpg
2021007-__C3_96TA_135_2C_SLS_865_SLS_865_B_374_1.jpeg,51.jpg
2021007-__C3_96TA_23__C3_B6ta_23_foto_32_1.jpeg,52.jpg
2021007-__C3_96TA_23__C3_B6ta_23_foto_58_1.jpeg,53.jpg
2021007-__C3_96TA_295__C3_B6ta_295_foto_1260_1.jpeg,54.jpg
2021007-__C3_96TA_311__C3_B6ta_311_foto_49_1.jpeg,55.jpg
2021007-__C3_96TA_319__C3_B6ta_319_foto_12_1.jpeg,56.jpg
2021007-__C3_96TA_319__C3_B6ta_319_foto_44_1.jpeg,57.jpg
2021007-__C3_96TA_335__C3_96TA_335_foto_400_1.jpeg,58.jpg
2021007-__C3_96TA_335__C3_96TA_335_foto_403_1.jpeg,59.jpg
2021609-objecten_82709_1.jpeg,60.jpg
2021609-objecten_84093_1.jpeg,61.jpg
2021609-objecten_87271_1.jpeg,62.jpg
2021609-objecten_87313_1.jpeg,63.jpg
2021609-objecten_87437_1.jpeg,64.jpg
2021609-objecten_87439_1.jpeg,65.jpg
2021609-objecten_87460_1.jpeg,66.jpg
2021609-objecten_87461_1.jpeg,67.jpg
2021609-objecten_87462_1.jpeg,68.jpg
2021609-objecten_87464_1.jpeg,69.jpg
2021609-objecten_87465_1.jpeg,70.jpg
2021609-objecten_87466_1.jpeg,71.jpg
2021609-objecten_87468_1.jpeg,72.jpg
2021609-objecten_87469_1.jpeg,73.jpg
2021609-objecten_87471_1.jpeg,74.jpg
2021609-objecten_87472_1.jpeg,75.jpg
2021609-objecten_87473_1.jpeg,76.jpg
2021609-objecten_87474_1.jpeg,77.jpg
2021609-objecten_87476_1.jpeg,78.jpg
2021609-objecten_88376_1.jpeg,79.jpg
2021609-objecten_88377_A_1.jpeg,80.jpg
2021609-objecten_90450_31_1.jpeg,81.jpg
2021639-GEBEURTENIS3305_1.jpeg,82.jpg
2021646-HttpHandler_icoon_ico_file_2532092_1.jpeg,83.jpg
2021650-memorix_08811055_d297_f31b_a912_89b99939f586_1.jpeg,84.jpg
2021650-memorix_19e4e058_3aa7_6290_cd9a_b687ab1cfd18_1.jpeg,85.jpg
2021650-memorix_20032c58_9359_4c0a_35f7_43a995db418c_1.jpeg,86.jpg
2021650-memorix_2e225e14_1f9a_81b3_d0e2_be480ae63102_1.jpeg,87.jpg
2021650-memorix_427b095e_3aad_a47e_5c65_4687feb73776_1.jpeg,88.jpg
2021650-memorix_463819db_170f_7776_e3b0_8495474a8c6c_1.jpeg,89.jpg
2021650-memorix_623fe812_49b9_0fe4_76af_579a6f82857d_1.jpeg,90.jpg
2021650-memorix_8a485145_b75a_642d_1d5d_b4ec33669e5b_1.jpeg,91.jpg
2021650-memorix_b9cf6942_5a65_87b6_9b16_ed823860f001_1.jpeg,92.jpg
2021650-memorix_f2dea1e3_169f_5ab0_560f_c0f28c577b12_1.jpeg,93.jpg
2021650-memorix_f9f41596_625e_3302_088f_111958ba391e_1.jpeg,94.jpg
2021653-https___www_archieval_nl_detail_php_id_37389323_1.jpeg,95.jpg
2021672-resource_document_mauritshuis_1045_1.jpeg,96.jpg
2021672-resource_document_mauritshuis_1066_1.jpeg,97.jpg
2021672-resource_document_mauritshuis_1154_1.jpeg,98.jpg
2021672-resource_document_mauritshuis_596_1.jpeg,99.jpg
2021672-resource_document_mauritshuis_794_1.jpeg,100.jpg
2021672-resource_document_mauritshuis_813_1.jpeg,101.jpg
2021672-resource_document_mauritshuis_842_1.jpeg,102.jpg
2022608-BAR_A_20156_Ua_0001_052_1.jpeg,103.jpg
2022608-FBIB_FBib_06029_049_1.jpeg,104.jpg
2022608-HH_ASK_04825_1.jpeg,105.jpg
2022608-HH_HHB_07367_21_1.jpeg,106.jpg
2022608-MKG_GMH_004222_1.jpeg,107.jpg
2022608-MKG_NO_004047_1.jpeg,108.jpg
2022608-NF_A_NFA_01769AB_1.jpeg,109.jpg
2022608-NF_NFB_13694_1.jpeg,110.jpg
2022608-NF_NF_11376_110_1.jpeg,111.jpg
2022608-NF_NF_1917_0026A_1.jpeg,112.jpg
2022608-NF_NF_1917_0026C_1.jpeg,113.jpg
2022608-NF_NF_1917_0026D_1.jpeg,114.jpg
2022608-NF_NF_1917_0026E_1.jpeg,115.jpg
2022608-NF_NF_1917_0026F_1.jpeg,116.jpg
2022608-NF_NF_1917_0026G_1.jpeg,117.jpg
2022608-NF_NF_1917_0026H_1.jpeg,118.jpg
2022608-NF_NF_1917_0026I_1.jpeg,119.jpg
2022608-NF_NF_1917_0026K_1.jpeg,120.jpg
2022608-NF_NF_1917_0026L_1.jpeg,121.jpg
2022608-NF_NF_1917_0026M_1.jpeg,122.jpg
2022608-NF_NF_1917_0026N_1.jpeg,123.jpg
2022608-NF_NF_1917_0026O_1.jpeg,124.jpg
2022608-NF_NF_1917_0026P_1.jpeg,125.jpg
2022608-NF_NF_25780_105_1.jpeg,126.jpg
2022608-NF_NF_25780_106_1.jpeg,127.jpg
2022608-NF_NF_25780_107_1.jpeg,128.jpg
2022608-NF_NF_25780_284_1.jpeg,129.jpg
2022608-NF_NF_25780_285_1.jpeg,130.jpg
2022608-NF_NF_25780_439_1.jpeg,131.jpg
2022608-OMU_OB_F14726b_1.jpeg,132.jpg
2022608-OMU_OB_F23125_1.jpeg,133.jpg
2022608-OMU_OB_FS0277_1.jpeg,134.jpg
2022608-OMU_OB_R11110_1.jpeg,135.jpg
2022608-OMU_OB_RD2695d_1.jpeg,136.jpg
2022608-OMU_OB_Z16618_1.jpeg,137.jpg
2022608-OMU_OB__47_0264c_1.jpeg,138.jpg
2022608-OMU_OB__52_0660f_1.jpeg,139.jpg
2022608-OMU_OB__60_1463_1.jpeg,140.jpg
2022608-OMU_OB__74_3286_1.jpeg,141.jpg
2022608-OMU_OB__76_0724_1.jpeg,142.jpg
2022608-SUM_SUM_10015_1.jpeg,143.jpg
2022611-H_DF_DF_1716_1.jpeg,144.jpg
2022611-H_DF_DF_2309_1.jpeg,145.jpg
2022715-https___www_juntadeandalucia_es_cultura_cdaea_elektra_catalogo_execute_html_tipoObjeto_1_id_189518_1.jpeg,146.jpg
2022715-https___www_juntadeandalucia_es_cultura_cdaea_elektra_catalogo_execute_html_tipoObjeto_1_id_189522_1.jpeg,147.jpg
2022715-https___www_juntadeandalucia_es_cultura_cdaea_elektra_catalogo_execute_html_tipoObjeto_1_id_189524_1.jpeg,148.jpg
2022715-https___www_juntadeandalucia_es_cultura_cdaea_elektra_catalogo_execute_html_tipoObjeto_1_id_198112_1.jpeg,149.jpg
2022715-https___www_juntadeandalucia_es_cultura_cdaea_elektra_catalogo_execute_html_tipoObjeto_1_id_198113_1.jpeg,150.jpg
2025904-_nnVvT21_1.jpeg,151.jpg
2048007-Athena_Plus_ProvidedCHO_Skoklosters_slott_23014_1.jpeg,152.jpg
2048047-Athena_Plus_ProvidedCHO_Institutul_Na_ional_al_Patrimoniului_BAC0E4E8FCAB4B48A3575371BE61AAE5_1.jpeg,153.jpg
2048128-252190_1.jpeg,154.jpg
2048128-253313_1.jpeg,155.jpg
2048128-253471_1.jpeg,156.jpg
2048128-254442_1.jpeg,157.jpg
2048128-257023_1.jpeg,158.jpg
2048128-263360_1.jpeg,159.jpg
2048128-354631_1.jpeg,160.jpg
2048213-europeana_fashion_http___collections_vam_ac_uk_item_O586890_1.jpeg,161.jpg
2048429-item_36FQJ2YT6YSX4LYPEPBEBVEFT6P6G23G_1.jpeg,162.jpg
2048429-item_URBRMQLE2GHA5GAKGHPNSDPK56G4BK5R_1.jpeg,163.jpg
2058401-_providedCHO_57d846ec_c9fc_11e3_a713_c76b9131292b_1.jpeg,164.jpg
2058611-_kimbl_89601ba6_15d9_5946_b0be_fa70425b5340_1.jpeg,165.jpg
2058611-_kimbl_9aba7511_409f_f03e_83ea_d2acd0530fa6_1.jpeg,166.jpg
2058618-object_KUAS_22129398_1.jpeg,167.jpg
2058618-object_KUAS_22129582_1.jpeg,168.jpg
2058618-object_KUAS_22129588_1.jpeg,169.jpg
2058618-object_KUAS_22139139_1.jpeg,170.jpg
2058618-object_KUAS_22164617_1.jpeg,171.jpg
2058618-object_KUAS_22198750_1.jpeg,172.jpg
2058618-object_KUAS_22198751_1.jpeg,173.jpg
2058618-object_KUAS_22198752_1.jpeg,174.jpg
2058618-object_KUAS_22198753_1.jpeg,175.jpg
2058618-object_KUAS_22198754_1.jpeg,176.jpg
2058618-object_KUAS_22198755_1.jpeg,177.jpg
2058618-object_KUAS_22200658_1.jpeg,178.jpg
2058618-object_KUAS_22206346_1.jpeg,179.jpg
2058618-object_KUAS_22213277_1.jpeg,180.jpg
2058618-object_KUAS_22217871_1.jpeg,181.jpg
2058618-object_KUAS_22217875_1.jpeg,182.jpg
2058618-object_KUAS_22232789_1.jpeg,183.jpg
2058618-object_KUAS_22233013_1.jpeg,184.jpg
2058618-object_KUAS_22233249_1.jpeg,185.jpg
2058618-object_KUAS_22275680_1.jpeg,186.jpg
2058618-object_KUAS_22325039_1.jpeg,187.jpg
2058618-object_KUAS_22325040_1.jpeg,188.jpg
2058618-object_KUAS_22335260_1.jpeg,189.jpg
2058618-object_KUAS_7659002_1.jpeg,190.jpg
2058618-object_KUAS_7659163_1.jpeg,191.jpg
2058618-object_KUAS_7709294_1.jpeg,192.jpg
2058618-object_KUAS_7743668_1.jpeg,193.jpg
2058701-File_Stora_saluhallen_Gbg_stand_ost_jpg_1.jpeg,194.jpg
2059502-data_foodanddrink_http___www_bildarchivaustria_at_Preview_10064319_jpg_1.jpeg,195.jpg
2059502-data_foodanddrink_http___www_bildarchivaustria_at_Preview_13766744_jpg_1.jpeg,196.jpg
2059502-data_foodanddrink_http___www_bildarchivaustria_at_Preview_13834954_jpg_1.jpeg,197.jpg
2059502-data_foodanddrink_http___www_bildarchivaustria_at_Preview_13834961_jpg_1.jpeg,198.jpg
2059502-data_foodanddrink_http___www_bildarchivaustria_at_Preview_14573233_jpg_1.jpeg,199.jpg
2059502-data_foodanddrink_http___www_bildarchivaustria_at_Preview_18417512_jpg_1.jpeg,200.jpg
2059502-data_foodanddrink_http___www_bildarchivaustria_at_Preview_18863657_jpg_1.jpeg,201.jpg
2059502-data_foodanddrink_http___www_bildarchivaustria_at_Preview_18863685_jpg_1.jpeg,202.jpg
2059502-data_foodanddrink_http___www_bildarchivaustria_at_Preview_18863692_jpg_1.jpeg,203.jpg
2059502-data_foodanddrink_http___www_bildarchivaustria_at_Preview_18863713_jpg_1.jpeg,204.jpg
2059502-data_foodanddrink_http___www_bildarchivaustria_at_Preview_18863741_jpg_1.jpeg,205.jpg
2059502-data_foodanddrink_http___www_bildarchivaustria_at_Preview_18863769_jpg_1.jpeg,206.jpg
2059502-data_foodanddrink_http___www_bildarchivaustria_at_Preview_18863783_jpg_1.jpeg,207.jpg
2059502-data_foodanddrink_http___www_bildarchivaustria_at_Preview_18863790_jpg_1.jpeg,208.jpg
2059502-data_foodanddrink_http___www_bildarchivaustria_at_Preview_18863797_jpg_1.jpeg,209.jpg
2059502-data_foodanddrink_http___www_bildarchivaustria_at_Preview_18863825_jpg_1.jpeg,210.jpg
2059502-data_foodanddrink_http___www_bildarchivaustria_at_Preview_18863832_jpg_1.jpeg,211.jpg
2059502-data_foodanddrink_http___www_bildarchivaustria_at_Preview_18863846_jpg_1.jpeg,212.jpg
2059502-data_foodanddrink_http___www_bildarchivaustria_at_Preview_18863853_jpg_1.jpeg,213.jpg
2059502-data_foodanddrink_http___www_bildarchivaustria_at_Preview_18863860_jpg_1.jpeg,214.jpg
2059502-data_foodanddrink_http___www_bildarchivaustria_at_Preview_18863867_jpg_1.jpeg,215.jpg
2059502-data_foodanddrink_http___www_bildarchivaustria_at_Preview_18863895_jpg_1.jpeg,216.jpg
2059502-data_foodanddrink_http___www_bildarchivaustria_at_Preview_18863930_jpg_1.jpeg,217.jpg
2059502-data_foodanddrink_http___www_bildarchivaustria_at_Preview_18863937_jpg_1.jpeg,218.jpg
2059502-data_foodanddrink_http___www_bildarchivaustria_at_Preview_18863951_jpg_1.jpeg,219.jpg
2059502-data_foodanddrink_http___www_bildarchivaustria_at_Preview_18863972_jpg_1.jpeg,220.jpg
2059502-data_foodanddrink_http___www_bildarchivaustria_at_Preview_18863979_jpg_1.jpeg,221.jpg
2059502-data_foodanddrink_http___www_bildarchivaustria_at_Preview_18945870_jpg_1.jpeg,222.jpg
2059502-data_foodanddrink_http___www_bildarchivaustria_at_Preview_18945884_jpg_1.jpeg,223.jpg
2059502-data_foodanddrink_http___www_bildarchivaustria_at_Preview_18945891_jpg_1.jpeg,224.jpg
2059502-data_foodanddrink_http___www_bildarchivaustria_at_Preview_18945940_jpg_1.jpeg,225.jpg
2059502-data_foodanddrink_http___www_bildarchivaustria_at_Preview_18945954_jpg_1.jpeg,226.jpg
2059502-data_foodanddrink_http___www_bildarchivaustria_at_Preview_18945961_jpg_1.jpeg,227.jpg
2059502-data_foodanddrink_http___www_bildarchivaustria_at_Preview_18945968_jpg_1.jpeg,228.jpg
2059502-data_foodanddrink_http___www_bildarchivaustria_at_Preview_18945975_jpg_1.jpeg,229.jpg
2059502-data_foodanddrink_http___www_bildarchivaustria_at_Preview_18945982_jpg_1.jpeg,230.jpg
2059502-data_foodanddrink_http___www_bildarchivaustria_at_Preview_18945996_jpg_1.jpeg,231.jpg
2059502-data_foodanddrink_http___www_bildarchivaustria_at_Preview_18946020_jpg_1.jpeg,232.jpg
2059502-data_foodanddrink_http___www_bildarchivaustria_at_Preview_18946027_jpg_1.jpeg,233.jpg
2059502-data_foodanddrink_http___www_bildarchivaustria_at_Preview_18946034_jpg_1.jpeg,234.jpg
2059502-data_foodanddrink_http___www_bildarchivaustria_at_Preview_18946048_jpg_1.jpeg,235.jpg
2059502-data_foodanddrink_http___www_bildarchivaustria_at_Preview_18946055_jpg_1.jpeg,236.jpg
2059502-data_foodanddrink_http___www_bildarchivaustria_at_Preview_18946062_jpg_1.jpeg,237.jpg
2059502-data_foodanddrink_http___www_bildarchivaustria_at_Preview_18946139_jpg_1.jpeg,238.jpg
2059502-data_foodanddrink_http___www_bildarchivaustria_at_Preview_18946181_jpg_1.jpeg,239.jpg
2059502-data_foodanddrink_http___www_bildarchivaustria_at_Preview_18946223_jpg_1.jpeg,240.jpg
2059502-data_foodanddrink_http___www_bildarchivaustria_at_Preview_18946244_jpg_1.jpeg,241.jpg
2059502-data_foodanddrink_http___www_bildarchivaustria_at_Preview_18946251_jpg_1.jpeg,242.jpg
2059502-data_foodanddrink_http___www_bildarchivaustria_at_Preview_18946272_jpg_1.jpeg,243.jpg
2059502-data_foodanddrink_http___www_bildarchivaustria_at_Preview_18946279_jpg_1.jpeg,244.jpg
2059502-data_foodanddrink_http___www_bildarchivaustria_at_Preview_18946286_jpg_1.jpeg,245.jpg
2059502-data_foodanddrink_http___www_bildarchivaustria_at_Preview_18946293_jpg_1.jpeg,246.jpg
2059502-data_foodanddrink_http___www_bildarchivaustria_at_Preview_18946307_jpg_1.jpeg,247.jpg
2059502-data_foodanddrink_http___www_bildarchivaustria_at_Preview_18946321_jpg_1.jpeg,248.jpg
2059502-data_foodanddrink_http___www_bildarchivaustria_at_Preview_18946328_jpg_1.jpeg,249.jpg
2059502-data_foodanddrink_http___www_bildarchivaustria_at_Preview_18946335_jpg_1.jpeg,250.jpg
2059502-data_foodanddrink_http___www_bildarchivaustria_at_Preview_18946363_jpg_1.jpeg,251.jpg
2059502-data_foodanddrink_http___www_bildarchivaustria_at_Preview_18946384_jpg_1.jpeg,252.jpg
2059502-data_foodanddrink_http___www_bildarchivaustria_at_Preview_18946391_jpg_1.jpeg,253.jpg
2059502-data_foodanddrink_http___www_bildarchivaustria_at_Preview_18946398_jpg_1.jpeg,254.jpg
2059502-data_foodanddrink_http___www_bildarchivaustria_at_Preview_18946405_jpg_1.jpeg,255.jpg
2059502-data_foodanddrink_http___www_bildarchivaustria_at_Preview_18946419_jpg_1.jpeg,256.jpg
2059502-data_foodanddrink_http___www_bildarchivaustria_at_Preview_18946426_jpg_1.jpeg,257.jpg
2059502-data_foodanddrink_http___www_bildarchivaustria_at_Preview_18946433_jpg_1.jpeg,258.jpg
2059502-data_foodanddrink_http___www_bildarchivaustria_at_Preview_18946440_jpg_1.jpeg,259.jpg
2059502-data_foodanddrink_http___www_bildarchivaustria_at_Preview_18946447_jpg_1.jpeg,260.jpg
2059502-data_foodanddrink_http___www_bildarchivaustria_at_Preview_18946454_jpg_1.jpeg,261.jpg
2059502-data_foodanddrink_http___www_bildarchivaustria_at_Preview_18946461_jpg_1.jpeg,262.jpg
2059502-data_foodanddrink_http___www_bildarchivaustria_at_Preview_18946545_jpg_1.jpeg,263.jpg
2059502-data_foodanddrink_http___www_bildarchivaustria_at_Preview_18946615_jpg_1.jpeg,264.jpg
2059502-data_foodanddrink_http___www_bildarchivaustria_at_Preview_18946622_jpg_1.jpeg,265.jpg
2059502-data_foodanddrink_http___www_bildarchivaustria_at_Preview_19457436_jpg_1.jpeg,266.jpg
2059502-data_foodanddrink_http___www_bildarchivaustria_at_Preview_4977325_jpg_1.jpeg,267.jpg
2059502-data_foodanddrink_http___www_bildarchivaustria_at_Preview_4987548_jpg_1.jpeg,268.jpg
2059502-data_foodanddrink_http___www_bildarchivaustria_at_Preview_5003784_jpg_1.jpeg,269.jpg
2059502-data_foodanddrink_http___www_bildarchivaustria_at_Preview_5012404_jpg_1.jpeg,270.jpg
2059502-data_foodanddrink_http___www_bildarchivaustria_at_Preview_5014610_jpg_1.jpeg,271.jpg
2059502-data_foodanddrink_http___www_bildarchivaustria_at_Preview_5014631_jpg_1.jpeg,272.jpg
2059502-data_foodanddrink_http___www_bildarchivaustria_at_Preview_5015347_jpg_1.jpeg,273.jpg
2059502-data_foodanddrink_http___www_bildarchivaustria_at_Preview_5018519_jpg_1.jpeg,274.jpg
2059502-data_foodanddrink_http___www_bildarchivaustria_at_Preview_5018523_jpg_1.jpeg,275.jpg
2059502-data_foodanddrink_http___www_bildarchivaustria_at_Preview_5032846_jpg_1.jpeg,276.jpg
2059502-data_foodanddrink_http___www_bildarchivaustria_at_Preview_5060653_jpg_1.jpeg,277.jpg
2059502-data_foodanddrink_http___www_bildarchivaustria_at_Preview_5060662_jpg_1.jpeg,278.jpg
2059502-data_foodanddrink_http___www_bildarchivaustria_at_Preview_5081466_jpg_1.jpeg,279.jpg
2059502-data_foodanddrink_http___www_bildarchivaustria_at_Preview_5081478_jpg_1.jpeg,280.jpg
2059502-data_foodanddrink_http___www_bildarchivaustria_at_Preview_5081481_jpg_1.jpeg,281.jpg
2059502-data_foodanddrink_http___www_bildarchivaustria_at_Preview_7869310_jpg_1.jpeg,282.jpg
2059502-data_foodanddrink_http___www_bildarchivaustria_at_Preview_8427503_jpg_1.jpeg,283.jpg
2059502-data_foodanddrink_http___www_bildarchivaustria_at_Preview_8427910_jpg_1.jpeg,284.jpg
2059513-data_foodanddrink_efd_LGMA_0001_1.jpeg,285.jpg
2059513-data_foodanddrink_efd_LGMA_0002_1.jpeg,286.jpg
2059513-data_foodanddrink_efd_LGMA_0003_1.jpeg,287.jpg
2059513-data_foodanddrink_efd_LGMA_0006_1.jpeg,288.jpg
2059513-data_foodanddrink_efd_LGMA_0008_1.jpeg,289.jpg
2059513-data_foodanddrink_efd_LGMA_0009_1.jpeg,290.jpg
2059513-data_foodanddrink_efd_LGMA_0010_1.jpeg,291.jpg
2059513-data_foodanddrink_efd_LGMA_0013_1.jpeg,292.jpg
2059513-data_foodanddrink_efd_LGMA_0014_1.jpeg,293.jpg
2059513-data_foodanddrink_efd_LGMA_0015_1.jpeg,294.jpg
2059513-data_foodanddrink_efd_LGMA_0016_1.jpeg,295.jpg
2059513-data_foodanddrink_efd_LGMA_0021_1.jpeg,296.jpg
2059513-data_foodanddrink_efd_LGMA_0022_1.jpeg,297.jpg
2059513-data_foodanddrink_efd_LGMA_0023_1.jpeg,298.jpg
2059513-data_foodanddrink_efd_LGMA_0024_1.jpeg,299.jpg
2059513-data_foodanddrink_efd_LGMA_0026_1.jpeg,300.jpg
2059513-data_foodanddrink_efd_LGMA_0027_1.jpeg,301.jpg
2059513-data_foodanddrink_efd_LGMA_0036_1.jpeg,302.jpg
2059513-data_foodanddrink_efd_LGMA_0037_1.jpeg,303.jpg
2059513-data_foodanddrink_efd_LGMA_0046_1.jpeg,304.jpg
2059513-data_foodanddrink_efd_LGMA_0047_1.jpeg,305.jpg
2059513-data_foodanddrink_efd_LGMA_0050_1.jpeg,306.jpg
2059513-data_foodanddrink_efd_LGMA_0054_1.jpeg,307.jpg
2059513-data_foodanddrink_efd_LGMA_0061_1.jpeg,308.jpg
2059513-data_foodanddrink_efd_LGMA_0062_1.jpeg,309.jpg
2059513-data_foodanddrink_efd_LGMA_0064_1.jpeg,310.jpg
2059513-data_foodanddrink_efd_LGMA_0065_1.jpeg,311.jpg
2059513-data_foodanddrink_efd_LGMA_0072_1.jpeg,312.jpg
2059513-data_foodanddrink_efd_LGMA_0074_1.jpeg,313.jpg
2059513-data_foodanddrink_efd_LGMA_0075_1.jpeg,314.jpg
2059513-data_foodanddrink_efd_LGMA_0076_1.jpeg,315.jpg
2059513-data_foodanddrink_efd_LGMA_0077_1.jpeg,316.jpg
2059513-data_foodanddrink_efd_LGMA_0078_1.jpeg,317.jpg
2059513-data_foodanddrink_efd_LGMA_0081_1.jpeg,318.jpg
2059513-data_foodanddrink_efd_LGMA_0090_1.jpeg,319.jpg
2059513-data_foodanddrink_efd_LGMA_0091_1.jpeg,320.jpg
2059513-data_foodanddrink_efd_LGMA_0092_1.jpeg,321.jpg
2059513-data_foodanddrink_efd_LGMA_0094_1.jpeg,322.jpg
2059513-data_foodanddrink_efd_LGMA_0103_1.jpeg,323.jpg
2059513-data_foodanddrink_efd_LGMA_0106_1.jpeg,324.jpg
2059513-data_foodanddrink_efd_LGMA_0107_1.jpeg,325.jpg
2059513-data_foodanddrink_efd_LGMA_0108_1.jpeg,326.jpg
2059513-data_foodanddrink_efd_LGMA_0110_1.jpeg,327.jpg
2059513-data_foodanddrink_efd_LGMA_0119_1.jpeg,328.jpg
2059513-data_foodanddrink_efd_LGMA_0120_1.jpeg,329.jpg
2059513-data_foodanddrink_efd_LGMA_0121_1.jpeg,330.jpg
2059513-data_foodanddrink_efd_LGMA_0123_1.jpeg,331.jpg
2059513-data_foodanddrink_efd_LGMA_0124_1.jpeg,332.jpg
2059513-data_foodanddrink_efd_LGMA_0125_1.jpeg,333.jpg
2059513-data_foodanddrink_efd_LGMA_0126_1.jpeg,334.jpg
2059513-data_foodanddrink_efd_LGMA_0127_1.jpeg,335.jpg
2059513-data_foodanddrink_efd_LGMA_0128_1.jpeg,336.jpg
2059513-data_foodanddrink_efd_LGMA_0129_1.jpeg,337.jpg
2059513-data_foodanddrink_efd_LGMA_0135_1.jpeg,338.jpg
2059513-data_foodanddrink_efd_LGMA_0136_1.jpeg,339.jpg
2059513-data_foodanddrink_efd_LGMA_0137_1.jpeg,340.jpg
2059513-data_foodanddrink_efd_LGMA_0139_1.jpeg,341.jpg
2059513-data_foodanddrink_efd_LGMA_0152_1.jpeg,342.jpg
2059513-data_foodanddrink_efd_LGMA_0156_1.jpeg,343.jpg
2059513-data_foodanddrink_efd_LGMA_0162_1.jpeg,344.jpg
2059513-data_foodanddrink_efd_LGMA_0163_1.jpeg,345.jpg
2059513-data_foodanddrink_efd_LGMA_0166_1.jpeg,346.jpg
2059513-data_foodanddrink_efd_LGMA_0167_1.jpeg,347.jpg
2059513-data_foodanddrink_efd_LGMA_0168_1.jpeg,348.jpg
2059513-data_foodanddrink_efd_LGMA_0169_1.jpeg,349.jpg
2059513-data_foodanddrink_efd_LGMA_0170_1.jpeg,350.jpg
2059513-data_foodanddrink_efd_LGMA_0176_1.jpeg,351.jpg
2059513-data_foodanddrink_efd_LGMA_0177_1.jpeg,352.jpg
2059513-data_foodanddrink_efd_LGMA_0181_1.jpeg,353.jpg
2059513-data_foodanddrink_efd_LGMA_0188_1.jpeg,354.jpg
2059513-data_foodanddrink_efd_LGMA_0190_1.jpeg,355.jpg
2059513-data_foodanddrink_efd_LGMA_0196_1.jpeg,356.jpg
2059513-data_foodanddrink_efd_LGMA_0199_1.jpeg,357.jpg
2059513-data_foodanddrink_efd_LGMA_0203_1.jpeg,358.jpg
2059513-data_foodanddrink_efd_LGMA_0204_1.jpeg,359.jpg
2059513-data_foodanddrink_efd_LGMA_0219_1.jpeg,360.jpg
2059513-data_foodanddrink_efd_LGMA_0220_1.jpeg,361.jpg
2059513-data_foodanddrink_efd_LGMA_0221_1.jpeg,362.jpg
2059513-data_foodanddrink_efd_LGMA_0226_1.jpeg,363.jpg
2059513-data_foodanddrink_efd_LGMA_0227_1.jpeg,364.jpg
2059513-data_foodanddrink_efd_LGMA_0230_1.jpeg,365.jpg
2059513-data_foodanddrink_efd_LGMA_0235_1.jpeg,366.jpg
2059513-data_foodanddrink_efd_LGMA_0236_1.jpeg,367.jpg
2059513-data_foodanddrink_efd_LGMA_0242_1.jpeg,368.jpg
2059513-data_foodanddrink_efd_LGMA_0245_1.jpeg,369.jpg
2059513-data_foodanddrink_efd_LGMA_0250_1.jpeg,370.jpg
2059513-data_foodanddrink_efd_LGMA_0251_1.jpeg,371.jpg
2059513-data_foodanddrink_efd_LGMA_0254_1.jpeg,372.jpg
2059513-data_foodanddrink_efd_LGMA_0257_1.jpeg,373.jpg
2059513-data_foodanddrink_efd_LGMA_0269_1.jpeg,374.jpg
2059513-data_foodanddrink_efd_LGMA_0274_1.jpeg,375.jpg
2059513-data_foodanddrink_efd_LGMA_0276_1.jpeg,376.jpg
2059513-data_foodanddrink_efd_LGMA_0281_1.jpeg,377.jpg
2059513-data_foodanddrink_efd_LGMA_0283_1.jpeg,378.jpg
2059513-data_foodanddrink_efd_LGMA_0286_1.jpeg,379.jpg
2059513-data_foodanddrink_efd_LGMA_0291_1.jpeg,380.jpg
2059513-data_foodanddrink_efd_LGMA_0293_1.jpeg,381.jpg
2059513-data_foodanddrink_efd_LGMA_0307_1.jpeg,382.jpg
2059513-data_foodanddrink_efd_LGMA_0308_1.jpeg,383.jpg
2059513-data_foodanddrink_efd_LGMA_0309_1.jpeg,384.jpg
2059513-data_foodanddrink_efd_LGMA_0310_1.jpeg,385.jpg
2059513-data_foodanddrink_efd_LGMA_0320_1.jpeg,386.jpg
2059513-data_foodanddrink_efd_LGMA_0323_1.jpeg,387.jpg
2059513-data_foodanddrink_efd_LGMA_0329_1.jpeg,388.jpg
2059513-data_foodanddrink_efd_LGMA_0330_1.jpeg,389.jpg
2059513-data_foodanddrink_efd_LGMA_0335_1.jpeg,390.jpg
2059513-data_foodanddrink_efd_LGMA_0340_1.jpeg,391.jpg
2059513-data_foodanddrink_efd_LGMA_0349_1.jpeg,392.jpg
2059513-data_foodanddrink_efd_LGMA_0353_1.jpeg,393.jpg
2059513-data_foodanddrink_efd_LGMA_0357_1.jpeg,394.jpg
2059513-data_foodanddrink_efd_LGMA_0359_1.jpeg,395.jpg
2059513-data_foodanddrink_efd_LGMA_0384_1.jpeg,396.jpg
2059513-data_foodanddrink_efd_LGMA_0399_1.jpeg,397.jpg
2059513-data_foodanddrink_efd_LGMA_0402_1.jpeg,398.jpg
2059513-data_foodanddrink_efd_LGMA_0404_1.jpeg,399.jpg
2059513-data_foodanddrink_efd_LGMA_0407_1.jpeg,400.jpg
2059513-data_foodanddrink_efd_LGMA_0412_1.jpeg,401.jpg
2059513-data_foodanddrink_efd_LGMA_0421_1.jpeg,402.jpg
2059513-data_foodanddrink_efd_LGMA_0433_1.jpeg,403.jpg
2059513-data_foodanddrink_efd_LGMA_0435_1.jpeg,404.jpg
2059513-data_foodanddrink_efd_LGMA_0438_1.jpeg,405.jpg
2059513-data_foodanddrink_efd_LGMA_0439_1.jpeg,406.jpg
2059513-data_foodanddrink_efd_LGMA_0444_1.jpeg,407.jpg
2059513-data_foodanddrink_efd_LGMA_0446_1.jpeg,408.jpg
2059513-data_foodanddrink_efd_LGMA_0450_1.jpeg,409.jpg
2059513-data_foodanddrink_efd_LGMA_0451_1.jpeg,410.jpg
2059513-data_foodanddrink_efd_LGMA_0462_1.jpeg,411.jpg
2059513-data_foodanddrink_efd_LGMA_0467_1.jpeg,412.jpg
2059513-data_foodanddrink_efd_LGMA_0468_1.jpeg,413.jpg
2059513-data_foodanddrink_efd_LGMA_0469_1.jpeg,414.jpg
2059513-data_foodanddrink_efd_LGMA_0470_1.jpeg,415.jpg
2059513-data_foodanddrink_efd_LGMA_0471_1.jpeg,416.jpg
2059513-data_foodanddrink_efd_LGMA_0474_1.jpeg,417.jpg
2059513-data_foodanddrink_efd_LGMA_0484_1.jpeg,418.jpg
2059513-data_foodanddrink_efd_LGMA_0485_1.jpeg,419.jpg
2059513-data_foodanddrink_efd_LGMA_0491_1.jpeg,420.jpg
2059513-data_foodanddrink_efd_LGMA_0496_1.jpeg,421.jpg
2059513-data_foodanddrink_efd_LGMA_0497_1.jpeg,422.jpg
2059513-data_foodanddrink_efd_LGMA_0499_1.jpeg,423.jpg
2059513-data_foodanddrink_efd_LGMA_0500_1.jpeg,424.jpg
2059513-data_foodanddrink_efd_LGMA_0501_1.jpeg,425.jpg
2059513-data_foodanddrink_efd_LGMA_0502_1.jpeg,426.jpg
2059513-data_foodanddrink_efd_LGMA_0508_1.jpeg,427.jpg
2059513-data_foodanddrink_efd_LGMA_0510_1.jpeg,428.jpg
2059513-data_foodanddrink_efd_LGMA_0511_1.jpeg,429.jpg
2059513-data_foodanddrink_efd_LGMA_0512_1.jpeg,430.jpg
2059513-data_foodanddrink_efd_LGMA_0515_1.jpeg,431.jpg
2059513-data_foodanddrink_efd_LGMA_0516_1.jpeg,432.jpg
2059513-data_foodanddrink_efd_LGMA_0517_1.jpeg,433.jpg
2059513-data_foodanddrink_efd_LGMA_0519_1.jpeg,434.jpg
2059513-data_foodanddrink_efd_LGMA_0522_1.jpeg,435.jpg
2059513-data_foodanddrink_efd_LGMA_0527_1.jpeg,436.jpg
2059513-data_foodanddrink_efd_LGMA_0532_1.jpeg,437.jpg
2059513-data_foodanddrink_efd_LGMA_0534_1.jpeg,438.jpg
2059513-data_foodanddrink_efd_LGMA_0536_1.jpeg,439.jpg
2059513-data_foodanddrink_efd_LGMA_0540_1.jpeg,440.jpg
2059513-data_foodanddrink_efd_LGMA_0541_1.jpeg,441.jpg
2059513-data_foodanddrink_efd_LGMA_0542_1.jpeg,442.jpg
2059513-data_foodanddrink_efd_LGMA_0544_1.jpeg,443.jpg
2059513-data_foodanddrink_efd_LGMA_0545_1.jpeg,444.jpg
2059513-data_foodanddrink_efd_LGMA_0546_1.jpeg,445.jpg
2059513-data_foodanddrink_efd_LGMA_0547_1.jpeg,446.jpg
2059513-data_foodanddrink_efd_LGMA_0548_1.jpeg,447.jpg
2059513-data_foodanddrink_efd_LGMA_0549_1.jpeg,448.jpg
2059513-data_foodanddrink_efd_LGMA_0550_1.jpeg,449.jpg
2059513-data_foodanddrink_efd_LGMA_0559_1.jpeg,450.jpg
2059513-data_foodanddrink_efd_LGMA_0564_1.jpeg,451.jpg
2059513-data_foodanddrink_efd_LGMA_0568_1.jpeg,452.jpg
2059513-data_foodanddrink_efd_LGMA_0575_1.jpeg,453.jpg
2059513-data_foodanddrink_efd_LGMA_0579_1.jpeg,454.jpg
2059513-data_foodanddrink_efd_LGMA_0583_1.jpeg,455.jpg
2059513-data_foodanddrink_efd_LGMA_0585_1.jpeg,456.jpg
2059513-data_foodanddrink_efd_LGMA_0586_1.jpeg,457.jpg
2059513-data_foodanddrink_efd_LGMA_0592_1.jpeg,458.jpg
2059513-data_foodanddrink_efd_LGMA_0593_1.jpeg,459.jpg
2059513-data_foodanddrink_efd_LGMA_0597_1.jpeg,460.jpg
2059513-data_foodanddrink_efd_LGMA_0598_1.jpeg,461.jpg
2059513-data_foodanddrink_efd_LGMA_0599_1.jpeg,462.jpg
2059513-data_foodanddrink_efd_LGMA_0600_1.jpeg,463.jpg
2059513-data_foodanddrink_efd_LGMA_0601_1.jpeg,464.jpg
2059513-data_foodanddrink_efd_LGMA_0602_1.jpeg,465.jpg
2059513-data_foodanddrink_efd_LGMA_0603_1.jpeg,466.jpg
2059513-data_foodanddrink_efd_LGMA_0608_1.jpeg,467.jpg
2059513-data_foodanddrink_efd_LGMA_0611_1.jpeg,468.jpg
2059513-data_foodanddrink_efd_LGMA_0612_1.jpeg,469.jpg
2059513-data_foodanddrink_efd_LGMA_0613_1.jpeg,470.jpg
2059513-data_foodanddrink_efd_LGMA_0616_1.jpeg,471.jpg
2059513-data_foodanddrink_efd_LGMA_0618_1.jpeg,472.jpg
2059513-data_foodanddrink_efd_LGMA_0619_1.jpeg,473.jpg
2059513-data_foodanddrink_efd_LGMA_0621_1.jpeg,474.jpg
2059513-data_foodanddrink_efd_LGMA_0623_1.jpeg,475.jpg
2059513-data_foodanddrink_efd_LGMA_0627_1.jpeg,476.jpg
2059513-data_foodanddrink_efd_LGMA_0628_1.jpeg,477.jpg
2059513-data_foodanddrink_efd_LGMA_0632_1.jpeg,478.jpg
2059513-data_foodanddrink_efd_LGMA_0635_1.jpeg,479.jpg
2059513-data_foodanddrink_efd_LGMA_0637_1.jpeg,480.jpg
2059513-data_foodanddrink_efd_LGMA_0641_1.jpeg,481.jpg
2059513-data_foodanddrink_efd_LGMA_0646_1.jpeg,482.jpg
2059513-data_foodanddrink_efd_LGMA_0647_1.jpeg,483.jpg
2059513-data_foodanddrink_efd_LGMA_0652_1.jpeg,484.jpg
2059513-data_foodanddrink_efd_LGMA_0654_1.jpeg,485.jpg
2059513-data_foodanddrink_efd_LGMA_0657_1.jpeg,486.jpg
2059513-data_foodanddrink_efd_LGMA_0665_1.jpeg,487.jpg
2059513-data_foodanddrink_efd_LGMA_0666_1.jpeg,488.jpg
2059513-data_foodanddrink_efd_LGMA_0667_1.jpeg,489.jpg
2059513-data_foodanddrink_efd_LGMA_0668_1.jpeg,490.jpg
2059513-data_foodanddrink_efd_LGMA_0673_1.jpeg,491.jpg
2059513-data_foodanddrink_efd_LGMA_0674_1.jpeg,492.jpg
2059513-data_foodanddrink_efd_LGMA_0677_1.jpeg,493.jpg
2059513-data_foodanddrink_efd_LGMA_0678_1.jpeg,494.jpg
2059513-data_foodanddrink_efd_LGMA_0679_1.jpeg,495.jpg
2059513-data_foodanddrink_efd_LGMA_0680_1.jpeg,496.jpg
2059513-data_foodanddrink_efd_LGMA_0682_1.jpeg,497.jpg
2059513-data_foodanddrink_efd_LGMA_0684_1.jpeg,498.jpg
2059513-data_foodanddrink_efd_LGMA_0689_1.jpeg,499.jpg
2059513-data_foodanddrink_efd_LGMA_0695_1.jpeg,500.jpg
2059513-data_foodanddrink_efd_LGMA_0700_1.jpeg,501.jpg
2059513-data_foodanddrink_efd_LGMA_0701_1.jpeg,502.jpg
2059513-data_foodanddrink_efd_LGMA_0702_1.jpeg,503.jpg
2059513-data_foodanddrink_efd_LGMA_0703_1.jpeg,504.jpg
2059513-data_foodanddrink_efd_LGMA_0704_1.jpeg,505.jpg
2059513-data_foodanddrink_efd_LGMA_0705_1.jpeg,506.jpg
2059513-data_foodanddrink_efd_LGMA_0708_1.jpeg,507.jpg
2059513-data_foodanddrink_efd_LGMA_0711_1.jpeg,508.jpg
2059513-data_foodanddrink_efd_LGMA_0713_1.jpeg,509.jpg
2059513-data_foodanddrink_efd_LGMA_0718_1.jpeg,510.jpg
2059513-data_foodanddrink_efd_LGMA_0720_1.jpeg,511.jpg
2059513-data_foodanddrink_efd_LGMA_0721_1.jpeg,512.jpg
2059513-data_foodanddrink_efd_LGMA_0736_1.jpeg,513.jpg
2059513-data_foodanddrink_efd_LGMA_0739_1.jpeg,514.jpg
2059513-data_foodanddrink_efd_LGMA_0740_1.jpeg,515.jpg
2059513-data_foodanddrink_efd_LGMA_0742_1.jpeg,516.jpg
2059513-data_foodanddrink_efd_LGMA_0748_1.jpeg,517.jpg
2059513-data_foodanddrink_efd_LGMA_0750_1.jpeg,518.jpg
2059513-data_foodanddrink_efd_LGMA_0751_1.jpeg,519.jpg
2059513-data_foodanddrink_efd_LGMA_0754_1.jpeg,520.jpg
2059513-data_foodanddrink_efd_LGMA_0755_1.jpeg,521.jpg
2059513-data_foodanddrink_efd_LGMA_0762_1.jpeg,522.jpg
2059513-data_foodanddrink_efd_LGMA_0763_1.jpeg,523.jpg
2059513-data_foodanddrink_efd_LGMA_0765_1.jpeg,524.jpg
2059513-data_foodanddrink_efd_LGMA_0768_1.jpeg,525.jpg
2059513-data_foodanddrink_efd_LGMA_0788_1.jpeg,526.jpg
2059513-data_foodanddrink_efd_LGMA_0797_1.jpeg,527.jpg
2059513-data_foodanddrink_efd_LGMA_0802_1.jpeg,528.jpg
2059513-data_foodanddrink_efd_LGMA_0804_1.jpeg,529.jpg
2059513-data_foodanddrink_efd_LGMA_0805_1.jpeg,530.jpg
2059513-data_foodanddrink_efd_LGMA_0820_1.jpeg,531.jpg
2059513-data_foodanddrink_efd_LGMA_0823_1.jpeg,532.jpg
2059513-data_foodanddrink_efd_LGMA_0824_1.jpeg,533.jpg
2059513-data_foodanddrink_efd_LGMA_0825_1.jpeg,534.jpg
2059513-data_foodanddrink_efd_LGMA_0833_1.jpeg,535.jpg
2059513-data_foodanddrink_efd_LGMA_0834_1.jpeg,536.jpg
2059513-data_foodanddrink_efd_LGMA_0837_1.jpeg,537.jpg
2059513-data_foodanddrink_efd_LGMA_0838_1.jpeg,538.jpg
2059513-data_foodanddrink_efd_LGMA_0847_1.jpeg,539.jpg
2059513-data_foodanddrink_efd_LGMA_0850_1.jpeg,540.jpg
2059513-data_foodanddrink_efd_LGMA_0852_1.jpeg,541.jpg
2059513-data_foodanddrink_efd_LGMA_0854_1.jpeg,542.jpg
2059513-data_foodanddrink_efd_LGMA_0855_1.jpeg,543.jpg
2059513-data_foodanddrink_efd_LGMA_0867_1.jpeg,544.jpg
2059513-data_foodanddrink_efd_LGMA_0868_1.jpeg,545.jpg
2059513-data_foodanddrink_efd_LGMA_0870_1.jpeg,546.jpg
2059513-data_foodanddrink_efd_LGMA_0880_1.jpeg,547.jpg
2059513-data_foodanddrink_efd_LGMA_0881_1.jpeg,548.jpg
2059513-data_foodanddrink_efd_LGMA_0882_1.jpeg,549.jpg
2059513-data_foodanddrink_efd_LGMA_0883_1.jpeg,550.jpg
2059513-data_foodanddrink_efd_LGMA_0884_1.jpeg,551.jpg
2059513-data_foodanddrink_efd_LGMA_0886_1.jpeg,552.jpg
2059513-data_foodanddrink_efd_LGMA_0887_1.jpeg,553.jpg
2059513-data_foodanddrink_efd_LGMA_0892_1.jpeg,554.jpg
2059513-data_foodanddrink_efd_LGMA_0893_1.jpeg,555.jpg
2059513-data_foodanddrink_efd_LGMA_0909_1.jpeg,556.jpg
2059513-data_foodanddrink_efd_LGMA_0911_1.jpeg,557.jpg
2059513-data_foodanddrink_efd_LGMA_0916_1.jpeg,558.jpg
2059513-data_foodanddrink_efd_LGMA_0920_1.jpeg,559.jpg
2059513-data_foodanddrink_efd_LGMA_0924_1.jpeg,560.jpg
2059513-data_foodanddrink_efd_LGMA_0926_1.jpeg,561.jpg
2059513-data_foodanddrink_efd_LGMA_0928_1.jpeg,562.jpg
2059513-data_foodanddrink_efd_LGMA_0935_1.jpeg,563.jpg
2059513-data_foodanddrink_efd_LGMA_0936_1.jpeg,564.jpg
2059513-data_foodanddrink_efd_LGMA_0937_1.jpeg,565.jpg
2059513-data_foodanddrink_efd_LGMA_0941_1.jpeg,566.jpg
2059513-data_foodanddrink_efd_LGMA_1003_1.jpeg,567.jpg
2059513-data_foodanddrink_efd_LGMA_1004_1.jpeg,568.jpg
2059513-data_foodanddrink_efd_LGMA_1005_1.jpeg,569.jpg
2059513-data_foodanddrink_efd_LGMA_1006_1.jpeg,570.jpg
2059513-data_foodanddrink_efd_LGMA_1008_1.jpeg,571.jpg
2059513-data_foodanddrink_efd_LGMA_1009_1.jpeg,572.jpg
2059513-data_foodanddrink_efd_LGMA_1010_1.jpeg,573.jpg
2059513-data_foodanddrink_efd_LGMA_1011_1.jpeg,574.jpg
2059513-data_foodanddrink_efd_LGMA_1012_1.jpeg,575.jpg
2059513-data_foodanddrink_efd_LGMA_1013_1.jpeg,576.jpg
2059513-data_foodanddrink_efd_LGMA_1015_1.jpeg,577.jpg
2059513-data_foodanddrink_efd_LGMA_1021_1.jpeg,578.jpg
2059513-data_foodanddrink_efd_LGMA_1023_1.jpeg,579.jpg
2059513-data_foodanddrink_efd_LGMA_1028_1.jpeg,580.jpg
2059513-data_foodanddrink_efd_LGMA_1033_1.jpeg,581.jpg
2059513-data_foodanddrink_efd_LGMA_1039_1.jpeg,582.jpg
2059513-data_foodanddrink_efd_LGMA_1041_1.jpeg,583.jpg
2059513-data_foodanddrink_efd_LGMA_1042_1.jpeg,584.jpg
2059513-data_foodanddrink_efd_LGMA_1044_1.jpeg,585.jpg
2059513-data_foodanddrink_efd_LGMA_1045_1.jpeg,586.jpg
2059513-data_foodanddrink_efd_LGMA_1051_1.jpeg,587.jpg
2059513-data_foodanddrink_efd_LGMA_1052_1.jpeg,588.jpg
2059513-data_foodanddrink_efd_LGMA_1053_1.jpeg,589.jpg
2059513-data_foodanddrink_efd_LGMA_1055_1.jpeg,590.jpg
2059513-data_foodanddrink_efd_LGMA_1056_1.jpeg,591.jpg
2059513-data_foodanddrink_efd_LGMA_1059_1.jpeg,592.jpg
2059513-data_foodanddrink_efd_LGMA_1060_1.jpeg,593.jpg
2059513-data_foodanddrink_efd_LGMA_1064_1.jpeg,594.jpg
2059513-data_foodanddrink_efd_LGMA_1070_1.jpeg,595.jpg
2059513-data_foodanddrink_efd_LGMA_1074_1.jpeg,596.jpg
2059513-data_foodanddrink_efd_LGMA_1079_1.jpeg,597.jpg
2059513-data_foodanddrink_efd_LGMA_1081_1.jpeg,598.jpg
2059513-data_foodanddrink_efd_LGMA_1084_1.jpeg,599.jpg
2059513-data_foodanddrink_efd_LGMA_1093_1.jpeg,600.jpg
2059513-data_foodanddrink_efd_LGMA_1102_1.jpeg,601.jpg
2059513-data_foodanddrink_efd_LGMA_1111_1.jpeg,602.jpg
2059513-data_foodanddrink_efd_LGMA_1113_1.jpeg,603.jpg
2059513-data_foodanddrink_efd_LGMA_1115_1.jpeg,604.jpg
2059513-data_foodanddrink_efd_LGMA_1118_1.jpeg,605.jpg
2059513-data_foodanddrink_efd_LGMA_1120_1.jpeg,606.jpg
2059513-data_foodanddrink_efd_LGMA_1122_1.jpeg,607.jpg
2059513-data_foodanddrink_efd_LGMA_1123_1.jpeg,608.jpg
2059513-data_foodanddrink_efd_LGMA_1124_1.jpeg,609.jpg
2059513-data_foodanddrink_efd_LGMA_1129_1.jpeg,610.jpg
2059513-data_foodanddrink_efd_LGMA_1130_1.jpeg,611.jpg
2059513-data_foodanddrink_efd_LGMA_1131_1.jpeg,612.jpg
2059513-data_foodanddrink_efd_LGMA_1132_1.jpeg,613.jpg
2059513-data_foodanddrink_efd_LGMA_1137_1.jpeg,614.jpg
2059513-data_foodanddrink_efd_LGMA_1138_1.jpeg,615.jpg
2059513-data_foodanddrink_efd_LGMA_1139_1.jpeg,616.jpg
2059513-data_foodanddrink_efd_LGMA_1146_1.jpeg,617.jpg
2059513-data_foodanddrink_efd_LGMA_1154_1.jpeg,618.jpg
2059513-data_foodanddrink_efd_LGMA_1158_1.jpeg,619.jpg
2059513-data_foodanddrink_efd_LGMA_1161_1.jpeg,620.jpg
2059513-data_foodanddrink_efd_LGMA_1163_1.jpeg,621.jpg
2059513-data_foodanddrink_efd_LGMA_1164_1.jpeg,622.jpg
2059513-data_foodanddrink_efd_LGMA_1169_1.jpeg,623.jpg
2059513-data_foodanddrink_efd_LGMA_1170_1.jpeg,624.jpg
2059513-data_foodanddrink_efd_LGMA_1176_1.jpeg,625.jpg
2059513-data_foodanddrink_efd_LGMA_1180_1.jpeg,626.jpg
2059513-data_foodanddrink_efd_LGMA_1181_1.jpeg,627.jpg
2059513-data_foodanddrink_efd_LGMA_1182_1.jpeg,628.jpg
2059513-data_foodanddrink_efd_LGMA_1186_1.jpeg,629.jpg
2059513-data_foodanddrink_efd_LGMA_1187_1.jpeg,630.jpg
2059513-data_foodanddrink_efd_LGMA_1190_1.jpeg,631.jpg
2059513-data_foodanddrink_efd_LGMA_1193_1.jpeg,632.jpg
2059513-data_foodanddrink_efd_LGMA_1194_1.jpeg,633.jpg
2059513-data_foodanddrink_efd_LGMA_1198_1.jpeg,634.jpg
2059513-data_foodanddrink_efd_LGMA_1206_1.jpeg,635.jpg
2059513-data_foodanddrink_efd_LGMA_1211_1.jpeg,636.jpg
2059513-data_foodanddrink_efd_LGMA_1214_1.jpeg,637.jpg
2059513-data_foodanddrink_efd_LGMA_1218_1.jpeg,638.jpg
2059513-data_foodanddrink_efd_LGMA_1219_1.jpeg,639.jpg
2059513-data_foodanddrink_efd_LGMA_1220_1.jpeg,640.jpg
2059513-data_foodanddrink_efd_LGMA_1222_1.jpeg,641.jpg
2059513-data_foodanddrink_efd_LGMA_1224_1.jpeg,642.jpg
2059513-data_foodanddrink_efd_LGMA_1238_1.jpeg,643.jpg
2059513-data_foodanddrink_efd_LGMA_1241_1.jpeg,644.jpg
2059513-data_foodanddrink_efd_LGMA_1244_1.jpeg,645.jpg
2059513-data_foodanddrink_efd_LGMA_1245_1.jpeg,646.jpg
2059513-data_foodanddrink_efd_LGMA_1246_1.jpeg,647.jpg
2059513-data_foodanddrink_efd_LGMA_1247_1.jpeg,648.jpg
2059513-data_foodanddrink_efd_LGMA_1248_1.jpeg,649.jpg
2059513-data_foodanddrink_efd_LGMA_1257_1.jpeg,650.jpg
2059513-data_foodanddrink_efd_LGMA_1258_1.jpeg,651.jpg
2059513-data_foodanddrink_efd_LGMA_1277_1.jpeg,652.jpg
2059513-data_foodanddrink_efd_LGMA_1278_1.jpeg,653.jpg
2059513-data_foodanddrink_efd_LGMA_1286_1.jpeg,654.jpg
2059513-data_foodanddrink_efd_LGMA_1297_1.jpeg,655.jpg
2059513-data_foodanddrink_efd_LGMA_1300_1.jpeg,656.jpg
2059513-data_foodanddrink_efd_LGMA_1301_1.jpeg,657.jpg
2059513-data_foodanddrink_efd_LGMA_1302_1.jpeg,658.jpg
2059513-data_foodanddrink_efd_LGMA_1303_1.jpeg,659.jpg
2059513-data_foodanddrink_efd_LGMA_1310_1.jpeg,660.jpg
2059513-data_foodanddrink_efd_LGMA_1313_1.jpeg,661.jpg
2059513-data_foodanddrink_efd_LGMA_1323_1.jpeg,662.jpg
2059513-data_foodanddrink_efd_LGMA_1327_1.jpeg,663.jpg
2059513-data_foodanddrink_efd_LGMA_1328_1.jpeg,664.jpg
2059513-data_foodanddrink_efd_LGMA_1341_1.jpeg,665.jpg
2059513-data_foodanddrink_efd_LGMA_1344_1.jpeg,666.jpg
2059513-data_foodanddrink_efd_LGMA_1355_1.jpeg,667.jpg
2059513-data_foodanddrink_efd_LGMA_1363_1.jpeg,668.jpg
2059513-data_foodanddrink_efd_LGMA_1364_1.jpeg,669.jpg
2059513-data_foodanddrink_efd_LGMA_1372_1.jpeg,670.jpg
2059513-data_foodanddrink_efd_LGMA_1373_1.jpeg,671.jpg
2059513-data_foodanddrink_efd_LGMA_1374_1.jpeg,672.jpg
2059513-data_foodanddrink_efd_LGMA_1375_1.jpeg,673.jpg
2059513-data_foodanddrink_efd_LGMA_1381_1.jpeg,674.jpg
2059513-data_foodanddrink_efd_LGMA_1384_1.jpeg,675.jpg
2059513-data_foodanddrink_efd_LGMA_1389_1.jpeg,676.jpg
2059513-data_foodanddrink_efd_LGMA_1392_1.jpeg,677.jpg
2059513-data_foodanddrink_efd_LGMA_1403_1.jpeg,678.jpg
2059513-data_foodanddrink_efd_LGMA_1405_1.jpeg,679.jpg
2059513-data_foodanddrink_efd_LGMA_1408_1.jpeg,680.jpg
2059513-data_foodanddrink_efd_LGMA_1410_1.jpeg,681.jpg
2059513-data_foodanddrink_efd_LGMA_1412_1.jpeg,682.jpg
2059513-data_foodanddrink_efd_LGMA_1416_1.jpeg,683.jpg
2059513-data_foodanddrink_efd_LGMA_1434_1.jpeg,684.jpg
2059513-data_foodanddrink_efd_LGMA_1438_1.jpeg,685.jpg
2059513-data_foodanddrink_efd_LGMA_1456_1.jpeg,686.jpg
2059513-data_foodanddrink_efd_LGMA_1462_1.jpeg,687.jpg
2059513-data_foodanddrink_efd_LGMA_1471_1.jpeg,688.jpg
2059513-data_foodanddrink_efd_LGMA_1472_1.jpeg,689.jpg
2059513-data_foodanddrink_efd_LGMA_1477_1.jpeg,690.jpg
2059513-data_foodanddrink_efd_LGMA_1487_1.jpeg,691.jpg
2059513-data_foodanddrink_efd_LGMA_1493_1.jpeg,692.jpg
2059513-data_foodanddrink_efd_LGMA_1494_1.jpeg,693.jpg
2059513-data_foodanddrink_efd_LGMA_1495_1.jpeg,694.jpg
2059513-data_foodanddrink_efd_LGMA_1501_1.jpeg,695.jpg
2059513-data_foodanddrink_efd_LGMA_1502_1.jpeg,696.jpg
2059513-data_foodanddrink_efd_LGMA_1505_1.jpeg,697.jpg
2059513-data_foodanddrink_efd_LGMA_1506_1.jpeg,698.jpg
2059513-data_foodanddrink_efd_LGMA_1513_1.jpeg,699.jpg
2059513-data_foodanddrink_efd_LGMA_1517_1.jpeg,700.jpg
2059513-data_foodanddrink_efd_LGMA_1527_1.jpeg,701.jpg
2059513-data_foodanddrink_efd_LGMA_1531_1.jpeg,702.jpg
2059513-data_foodanddrink_efd_LGMA_1532_1.jpeg,703.jpg
2059513-data_foodanddrink_efd_LGMA_1543_1.jpeg,704.jpg
2059513-data_foodanddrink_efd_LGMA_1544_1.jpeg,705.jpg
2059513-data_foodanddrink_efd_LGMA_1548_1.jpeg,706.jpg
2059513-data_foodanddrink_efd_LGMA_1561_1.jpeg,707.jpg
2059513-data_foodanddrink_efd_LGMA_1562_1.jpeg,708.jpg
2059513-data_foodanddrink_efd_LGMA_1568_1.jpeg,709.jpg
2059513-data_foodanddrink_efd_LGMA_1569_1.jpeg,710.jpg
2059513-data_foodanddrink_efd_LGMA_1577_1.jpeg,711.jpg
2059513-data_foodanddrink_efd_LGMA_1585_1.jpeg,712.jpg
2059513-data_foodanddrink_efd_LGMA_1588_1.jpeg,713.jpg
2059513-data_foodanddrink_efd_LGMA_1599_1.jpeg,714.jpg
2059513-data_foodanddrink_efd_LGMA_1614_1.jpeg,715.jpg
2059513-data_foodanddrink_efd_LGMA_1616_1.jpeg,716.jpg
2059513-data_foodanddrink_efd_LGMA_1617_1.jpeg,717.jpg
2059513-data_foodanddrink_efd_LGMA_1623_1.jpeg,718.jpg
2059513-data_foodanddrink_efd_LGMA_1624_1.jpeg,719.jpg
2059513-data_foodanddrink_efd_LGMA_1634_1.jpeg,720.jpg
2059513-data_foodanddrink_efd_LGMA_1636_1.jpeg,721.jpg
2059513-data_foodanddrink_efd_LGMA_1641_1.jpeg,722.jpg
2059513-data_foodanddrink_efd_LGMA_1647_1.jpeg,723.jpg
2059513-data_foodanddrink_efd_LGMA_1653_1.jpeg,724.jpg
2059513-data_foodanddrink_efd_LGMA_1654_1.jpeg,725.jpg
2059513-data_foodanddrink_efd_LGMA_1657_1.jpeg,726.jpg
2059513-data_foodanddrink_efd_LGMA_1661_1.jpeg,727.jpg
2059513-data_foodanddrink_efd_LGMA_1662_1.jpeg,728.jpg
2059513-data_foodanddrink_efd_LGMA_1668_1.jpeg,729.jpg
2059513-data_foodanddrink_efd_LGMA_1673_1.jpeg,730.jpg
2059513-data_foodanddrink_efd_LGMA_1682_1.jpeg,732.jpg
2059513-data_foodanddrink_efd_LGMA_1685_1.jpeg,733.jpg
2059513-data_foodanddrink_efd_LGMA_1704_1.jpeg,734.jpg
2059513-data_foodanddrink_efd_LGMA_1706_1.jpeg,735.jpg
2059513-data_foodanddrink_efd_LGMA_1716_1.jpeg,736.jpg
2059513-data_foodanddrink_efd_LGMA_1718_1.jpeg,737.jpg
2059513-data_foodanddrink_efd_LGMA_1722_1.jpeg,738.jpg
2059513-data_foodanddrink_efd_LGMA_1725_1.jpeg,739.jpg
2059513-data_foodanddrink_efd_LGMA_1728_1.jpeg,740.jpg
2059513-data_foodanddrink_efd_LGMA_1731_1.jpeg,741.jpg
2059513-data_foodanddrink_efd_LGMA_1733_1.jpeg,742.jpg
2059513-data_foodanddrink_efd_LGMA_1757_1.jpeg,743.jpg
2059513-data_foodanddrink_efd_LGMA_1758_1.jpeg,744.jpg
2059513-data_foodanddrink_efd_LGMA_1763_1.jpeg,745.jpg
2059513-data_foodanddrink_efd_LGMA_1771_1.jpeg,746.jpg
2059513-data_foodanddrink_efd_LGMA_1774_1.jpeg,747.jpg
2059513-data_foodanddrink_efd_LGMA_1775_1.jpeg,748.jpg
2059513-data_foodanddrink_efd_LGMA_1776_1.jpeg,749.jpg
2059513-data_foodanddrink_efd_LGMA_1782_1.jpeg,750.jpg
2059513-data_foodanddrink_efd_LGMA_1783_1.jpeg,751.jpg
2059513-data_foodanddrink_efd_LGMA_1784_1.jpeg,752.jpg
2059513-data_foodanddrink_efd_LGMA_1790_1.jpeg,753.jpg
2059513-data_foodanddrink_efd_LGMA_1796_1.jpeg,754.jpg
2059513-data_foodanddrink_efd_LGMA_1801_1.jpeg,755.jpg
2059513-data_foodanddrink_efd_LGMA_1804_1.jpeg,756.jpg
2059513-data_foodanddrink_efd_LGMA_1806_1.jpeg,757.jpg
2059513-data_foodanddrink_efd_LGMA_1808_1.jpeg,758.jpg
2059513-data_foodanddrink_efd_LGMA_1818_1.jpeg,759.jpg
2059513-data_foodanddrink_efd_LGMA_1834_1.jpeg,760.jpg
2059513-data_foodanddrink_efd_LGMA_1838_1.jpeg,761.jpg
2059513-data_foodanddrink_efd_LGMA_1840_1.jpeg,762.jpg
2059513-data_foodanddrink_efd_LGMA_1841_1.jpeg,763.jpg
2059513-data_foodanddrink_efd_LGMA_1842_1.jpeg,764.jpg
2059513-data_foodanddrink_efd_LGMA_1849_1.jpeg,765.jpg
2059513-data_foodanddrink_efd_LGMA_1868_1.jpeg,766.jpg
2059513-data_foodanddrink_efd_LGMA_1877_1.jpeg,767.jpg
2059513-data_foodanddrink_efd_LGMA_1880_1.jpeg,768.jpg
2059513-data_foodanddrink_efd_LGMA_1881_1.jpeg,769.jpg
2059513-data_foodanddrink_efd_LGMA_1882_1.jpeg,770.jpg
2059513-data_foodanddrink_efd_LGMA_1883_1.jpeg,771.jpg
2059513-data_foodanddrink_efd_LGMA_1886_1.jpeg,772.jpg
2059513-data_foodanddrink_efd_LGMA_1888_1.jpeg,773.jpg
2059513-data_foodanddrink_efd_LGMA_1890_1.jpeg,774.jpg
2059513-data_foodanddrink_efd_LGMA_1893_1.jpeg,775.jpg
2059513-data_foodanddrink_efd_LGMA_1897_1.jpeg,776.jpg
2059513-data_foodanddrink_efd_LGMA_1899_1.jpeg,777.jpg
2059513-data_foodanddrink_efd_LGMA_1901_1.jpeg,778.jpg
2059513-data_foodanddrink_efd_LGMA_1905_1.jpeg,779.jpg
2059513-data_foodanddrink_efd_LGMA_1907_1.jpeg,780.jpg
2059513-data_foodanddrink_efd_LGMA_1909_1.jpeg,781.jpg
2059513-data_foodanddrink_efd_LGMA_1910_1.jpeg,782.jpg
2059513-data_foodanddrink_efd_LGMA_1912_1.jpeg,783.jpg
2059513-data_foodanddrink_efd_LGMA_1915_1.jpeg,784.jpg
2059513-data_foodanddrink_efd_LGMA_1917_1.jpeg,785.jpg
2059513-data_foodanddrink_efd_LGMA_1923_1.jpeg,786.jpg
2059513-data_foodanddrink_efd_LGMA_1924_1.jpeg,787.jpg
2059513-data_foodanddrink_efd_LGMA_1925_1.jpeg,788.jpg
2059513-data_foodanddrink_efd_LGMA_1926_1.jpeg,789.jpg
2059513-data_foodanddrink_efd_LGMA_1927_1.jpeg,790.jpg
2059513-data_foodanddrink_efd_LGMA_1928_1.jpeg,791.jpg
2059513-data_foodanddrink_efd_LGMA_1935_1.jpeg,792.jpg
2059513-data_foodanddrink_efd_LGMA_1936_1.jpeg,793.jpg
2059513-data_foodanddrink_efd_LGMA_1942_1.jpeg,794.jpg
2059513-data_foodanddrink_efd_LGMA_1943_1.jpeg,795.jpg
2059513-data_foodanddrink_efd_LGMA_1945_1.jpeg,796.jpg
2059513-data_foodanddrink_efd_LGMA_1947_1.jpeg,797.jpg
2059513-data_foodanddrink_efd_LGMA_1954_1.jpeg,798.jpg
2059513-data_foodanddrink_efd_LGMA_1955_1.jpeg,799.jpg
2059513-data_foodanddrink_efd_LGMA_1958_1.jpeg,800.jpg
2059513-data_foodanddrink_efd_LGMA_1966_1.jpeg,801.jpg
2059513-data_foodanddrink_efd_LGMA_1967_1.jpeg,802.jpg
2059513-data_foodanddrink_efd_LGMA_1969_1.jpeg,803.jpg
2059513-data_foodanddrink_efd_LGMA_1979_1.jpeg,804.jpg
2059513-data_foodanddrink_efd_LGMA_1993_1.jpeg,805.jpg
2059513-data_foodanddrink_efd_LGMA_2000_1.jpeg,806.jpg
2059513-data_foodanddrink_efd_LGMA_2006_1.jpeg,807.jpg
2059513-data_foodanddrink_efd_LGMA_2007_1.jpeg,808.jpg
2059513-data_foodanddrink_efd_LGMA_2016_1.jpeg,809.jpg
2059513-data_foodanddrink_efd_LGMA_2017_1.jpeg,810.jpg
2059513-data_foodanddrink_efd_LGMA_2018_1.jpeg,811.jpg
2059513-data_foodanddrink_efd_LGMA_2025_1.jpeg,812.jpg
2059513-data_foodanddrink_efd_LGMA_2031_1.jpeg,813.jpg
2059513-data_foodanddrink_efd_LGMA_2037_1.jpeg,814.jpg
2059519-data_foodanddrink_70_0066504_1.jpeg,815.jpg
2059519-data_foodanddrink_70_0108823_1.jpeg,816.jpg
2059519-data_foodanddrink_70_0112286_1.jpeg,817.jpg
2059519-data_foodanddrink_70_0112607_1.jpeg,818.jpg
2059519-data_foodanddrink_70_0113126_1.jpeg,819.jpg
2059519-data_foodanddrink_70_0115387_1.jpeg,820.jpg
2059519-data_foodanddrink_70_0117220_1.jpeg,821.jpg
2059519-data_foodanddrink_70_0121338_1.jpeg,822.jpg
2059519-data_foodanddrink_70_0121341_1.jpeg,823.jpg
2059519-data_foodanddrink_70_0121342_1.jpeg,824.jpg
2059519-data_foodanddrink_70_0121369_1.jpeg,825.jpg
2059528-data_foodanddrink_658774_1.jpeg,826.jpg
2059528-data_foodanddrink_658776_1.jpeg,827.jpg
2059528-data_foodanddrink_658785_1.jpeg,828.jpg
2063606-POR_280_008_1.jpeg,829.jpg
2064116-Museu_ProvidedCHO_Nationalmuseum__Sweden_18393_1.jpeg,830.jpg
2064116-Museu_ProvidedCHO_Nationalmuseum__Sweden_19627_1.jpeg,831.jpg
2064116-Museu_ProvidedCHO_Nationalmuseum__Sweden_20327_1.jpeg,832.jpg
2064116-Museu_ProvidedCHO_Nationalmuseum__Sweden_22320_1.jpeg,833.jpg
2064116-Museu_ProvidedCHO_Nationalmuseum__Sweden_24220_1.jpeg,834.jpg
226-8004_RM_2008_1.jpeg,835.jpg
343-https___bivaldi_gva_es_bib_ES_VABIB00284167_1.jpeg,836.jpg
343-https___bivaldi_gva_es_bib_ES_VABIB00284242_1.jpeg,837.jpg
401-item_2A56COHZ26OYQKUNU2XQXH5OE4XOETX7_1.jpeg,838.jpg
401-item_65HMERRK3EX4KZKVQ2SCQ46QKVJNMY4T_1.jpeg,839.jpg
410-S_KPS_object_M45148_1.jpeg,840.jpg
410-S_KPS_object_M49767_1.jpeg,841.jpg
410-S_KPS_object_M51514_1.jpeg,842.jpg
437-item_NUV7ESTCZCELGL6ARNOPGHS24YLQ525S_1.jpeg,843.jpg
437-item_SBKSWCCMJLJBBK7PCQ3ELGA5EANUEY4T_1.jpeg,844.jpg
52-gnm_photo_GNM5202_004_1.jpeg,845.jpg
90402-BK_15233_A_1.jpeg,846.jpg
90402-BK_1973_190_1.jpeg,847.jpg
90402-BK_NM_12202_A_1.jpeg,848.jpg
90402-RP_P_1882_A_6072_1.jpeg,849.jpg
90402-RP_P_1885_A_9504_1.jpeg,850.jpg
90402-RP_P_1887_A_11850_1.jpeg,851.jpg
90402-RP_P_1887_A_11852_1.jpeg,852.jpg
90402-RP_P_1888_A_13447_1.jpeg,853.jpg
90402-RP_P_1893_A_18110_1.jpeg,854.jpg
90402-RP_P_1896_A_19368_1615_1.jpeg,855.jpg
90402-RP_P_1906_3348_1.jpeg,856.jpg
90402-RP_P_1910_1669_1.jpeg,857.jpg
90402-RP_P_1912_2469_1.jpeg,858.jpg
90402-RP_P_1918_2219_1.jpeg,859.jpg
90402-RP_P_1935_871_1.jpeg,860.jpg
90402-RP_P_1938_1907_1.jpeg,861.jpg
90402-RP_P_1955_270_1.jpeg,862.jpg
90402-RP_P_1955_328_1.jpeg,863.jpg
90402-RP_P_2009_3954_1.jpeg,864.jpg
90402-RP_P_2015_26_1630_1.jpeg,865.jpg
90402-RP_P_H_1092_1.jpeg,866.jpg
90402-RP_P_OB_16_635_1.jpeg,867.jpg
90402-RP_P_OB_17_037_1.jpeg,868.jpg
90402-RP_P_OB_18_204_1.jpeg,869.jpg
90402-RP_P_OB_41_732_1.jpeg,870.jpg
90402-RP_T_1886_A_635_1.jpeg,871.jpg
90402-RP_T_1904_406_1.jpeg,872.jpg
90402-RP_T_1904_409_1.jpeg,873.jpg
90402-RP_T_1949_699_1.jpeg,874.jpg
90402-RP_T_1951_132_1.jpeg,875.jpg
90402-RP_T_1951_200_1.jpeg,876.jpg
90402-RP_T_1952_13_1.jpeg,877.jpg
90402-RP_T_1969_871_1.jpeg,878.jpg
90402-RP_T_1972_37_1.jpeg,879.jpg
90402-RP_T_1991_43_1.jpeg,880.jpg
90402-RP_T_2001_2_1.jpeg,881.jpg
90402-RP_T_BR_2017_1_9_54_1.jpeg,882.jpg
90402-RP_T_BR_2017_1_9_58_1.jpeg,883.jpg
90402-SK_A_2110_1.jpeg,884.jpg
90402-SK_A_2249_1.jpeg,885.jpg
90402-SK_A_2346_1.jpeg,886.jpg
90402-SK_A_3361_1.jpeg,887.jpg
90402-SK_A_3944_1.jpeg,888.jpg
90402-SK_A_4195_1.jpeg,889.jpg
90402-SK_A_4254_2_1.jpeg,890.jpg
90402-SK_A_4666_1.jpeg,891.jpg
90402-SK_C_156_1.jpeg,892.jpg
916105-bhm_photo_UMFA53199_0319_1.jpeg,893.jpg
916105-bhm_photo_UMFA53199_1109_1.jpeg,894.jpg
916105-bhm_photo_UMFA53199_1354_1.jpeg,895.jpg
916105-bhm_photo_UMFA53201_1065_1.jpeg,896.jpg
916105-bhm_photo_UMFA53201_2174_1.jpeg,897.jpg
916105-bhm_photo_UMFA53240_005255_1.jpeg,898.jpg
916105-bhm_photo_UMFA53240_006829_1.jpeg,899.jpg
916105-bhm_photo_UMFA54630_1260_1.jpeg,900.jpg
916105-bhm_photo_UMFA54672_1340_1.jpeg,901.jpg
916106-vbg_object_VM08074_05_1.jpeg,902.jpg
916106-vbg_object_VM08074_07_1.jpeg,903.jpg
916106-vbg_object_VM08074_13_1.jpeg,904.jpg
916106-vbg_object_VM08074_18_1.jpeg,905.jpg
916106-vbg_object_VM08074_19_1.jpeg,906.jpg
916106-vbg_object_VM12293_1.jpeg,907.jpg
916106-vbg_object_VM17686_04_1.jpeg,908.jpg
916106-vbg_object_VM28024_06_1.jpeg,909.jpg
916106-vbg_photo_VMALE0107_1.jpeg,910.jpg
916106-vbg_photo_VMBEA327_1.jpeg,911.jpg
916106-vbg_photo_VMDIG00280_1.jpeg,912.jpg
916106-vbg_photo_VMMH00077_1.jpeg,913.jpg
916109-smm_sm_photo_Fo179126_22DIG_1.jpeg,914.jpg
916115-LITOGRAFISKA_object_1053_1.jpeg,915.jpg
916115-LITOGRAFISKA_object_1054_1.jpeg,916.jpg
916115-LITOGRAFISKA_object_1055_1.jpeg,917.jpg
916115-LITOGRAFISKA_object_1102_1.jpeg,918.jpg
916118-S_TEK_photo_TEKA0122891_1.jpeg,919.jpg
916118-S_TEK_photo_TEKA0224277_1.jpeg,920.jpg
916121-S_OLM_photo_OLM_2012_8_1004_1.jpeg,921.jpg
916121-S_OLM_photo_OLM_2012_8_10351_1.jpeg,922.jpg
916121-S_OLM_photo_OLM_2012_8_3614_1.jpeg,923.jpg
916121-S_OLM_photo_OLM_2012_8_5982_1.jpeg,924.jpg
916121-S_OLM_photo_OLM_2013_1_3365_1.jpeg,925.jpg
916121-S_OLM_photo_OLM_2013_1_672_1.jpeg,926.jpg
916121-S_OLM_photo_OLM_91_102_16040_1.jpeg,927.jpg
916123-SLM_item_311817_1.jpeg,928.jpg
916123-SLM_item_317627_1.jpeg,929.jpg
916123-SLM_item_319764_1.jpeg,930.jpg
91616-arme_object_AM093034_1.jpeg,931.jpg
91619-SMVK_EM_objekt_1266654_1.jpeg,932.jpg
91619-SMVK_EM_objekt_1314810_1.jpeg,933.jpg
91619-SMVK_EM_objekt_2042749_1.jpeg,934.jpg
91619-SMVK_EM_objekt_2969262_1.jpeg,935.jpg
91625-nomu_photo_NMA0035985_1.jpeg,936.jpg
91625-nomu_photo_NMA0037580_1.jpeg,937.jpg
91627-SMVK_EM_fotografi_2273529_1.jpeg,938.jpg
91658-MM_objekt_126249_1.jpeg,939.jpg
91658-MM_objekt_184649_1.jpeg,940.jpg
91658-MM_objekt_184650_1.jpeg,941.jpg
91658-MM_objekt_184651_1.jpeg,942.jpg
91658-MM_objekt_184653_1.jpeg,943.jpg
9200122-BibliographicResource_1000056087925_1.jpeg,944.jpg
9200122-BibliographicResource_1000056088381_1.jpeg,945.jpg
9200122-BibliographicResource_1000056088389_1.jpeg,946.jpg
9200122-BibliographicResource_1000056088490_1.jpeg,947.jpg
9200122-BibliographicResource_1000056117076_1.jpeg,948.jpg
9200122-BibliographicResource_1000056117114_1.jpeg,949.jpg
9200122-BibliographicResource_1000056123118_1.jpeg,950.jpg
9200122-BibliographicResource_1000056125706_1.jpeg,951.jpg
9200267-BibliographicResource_3000059120132_1.jpeg,952.jpg
9200267-BibliographicResource_3000059120143_1.jpeg,953.jpg
9200271-BibliographicResource_3000058903951_1.jpeg,954.jpg
9200272-BibliographicResource_3000126812151_1.jpeg,955.jpg
9200272-BibliographicResource_3000135327983_1.jpeg,956.jpg
9200272-BibliographicResource_3000135327986_1.jpeg,957.jpg
9200272-BibliographicResource_3000135328545_1.jpeg,958.jpg
9200272-BibliographicResource_3000135328592_1.jpeg,959.jpg
9200291-bildarchivaustria_at_Preview_4812174_1.jpeg,960.jpg
9200387-BibliographicResource_3000117256012_1.jpeg,961.jpg
9200387-BibliographicResource_3000117259614_1.jpeg,962.jpg
9200387-BibliographicResource_3000117264605_1.jpeg,963.jpg
9200387-BibliographicResource_3000117268597_1.jpeg,964.jpg
9200387-BibliographicResource_3000117269307_1.jpeg,965.jpg
9200387-BibliographicResource_3000117270003_1.jpeg,966.jpg
9200387-BibliographicResource_3000117289764_1.jpeg,967.jpg
9200387-BibliographicResource_3000117292001_1.jpeg,968.jpg
9200387-BibliographicResource_3000117298347_1.jpeg,969.jpg
9200388-bildarchivaustria_at_Preview_4971109_1.jpeg,970.jpg
9200397-BibliographicResource_3000126256304_1.jpeg,971.jpg
9200397-BibliographicResource_3000126258279_1.jpeg,972.jpg
9200397-BibliographicResource_3000126260439_1.jpeg,973.jpg
9200397-BibliographicResource_3000126260440_1.jpeg,974.jpg
9200397-BibliographicResource_3000126261795_1.jpeg,975.jpg
9200397-BibliographicResource_3000126266056_1.jpeg,976.jpg
9200397-BibliographicResource_3000126271694_1.jpeg,977.jpg
9200397-BibliographicResource_3000126277571_1.jpeg,978.jpg
9200397-BibliographicResource_3000126283485_1.jpeg,979.jpg
9200397-BibliographicResource_3000126285056_1.jpeg,980.jpg
9200397-BibliographicResource_3000126314494_1.jpeg,981.jpg
9200579-b9g485fs_1.jpeg,982.jpg
9200579-bk7ngq97_1.jpeg,983.jpg
9200579-bsnudn66_1.jpeg,984.jpg
9200579-c7cu4w87_1.jpeg,985.jpg
9200579-c9amgavk_1.jpeg,986.jpg
9200579-chxr9cnp_1.jpeg,987.jpg
9200579-cmnyk3f7_1.jpeg,988.jpg
9200579-cruchujq_1.jpeg,989.jpg
9200579-cvu8fyxe_1.jpeg,990.jpg
9200579-d8eut6hy_1.jpeg,991.jpg
9200579-dbadr9ak_1.jpeg,992.jpg
9200579-dgy7azve_1.jpeg,993.jpg
9200579-dk564nq8_1.jpeg,994.jpg
9200579-dmeuq5h7_1.jpeg,995.jpg
9200579-esfrh2kd_1.jpeg,996.jpg
9200579-f5qvy56x_1.jpeg,997.jpg
9200579-f6mxy348_1.jpeg,998.jpg
9200579-f6yr66sq_1.jpeg,999.jpg
9200579-fmhezcb5_1.jpeg,1000.jpg
9200579-ftfzpk6q_1.jpeg,1001.jpg
9200579-g2d4tm32_1.jpeg,1002.jpg
9200579-g9kmxrmz_1.jpeg,1003.jpg
9200579-ggkkx2va_1.jpeg,1004.jpg
9200579-ggs8rmcr_1.jpeg,1005.jpg
9200579-gx49s6k9_1.jpeg,1006.jpg
9200579-gzh9jusw_1.jpeg,1007.jpg
9200579-h6e29576_1.jpeg,1008.jpg
9200579-he5ssm2j_1.jpeg,1009.jpg
9200579-hf8yxj5a_1.jpeg,1010.jpg
9200579-hkyst5sb_1.jpeg,1011.jpg
9200579-hs5wnj2z_1.jpeg,1012.jpg
9200579-hsmw32ye_1.jpeg,1013.jpg
9200579-humwr6ww_1.jpeg,1014.jpg
9200579-hw2e85vs_1.jpeg,1015.jpg
9200579-j83efggh_1.jpeg,1016.jpg
9200579-jjagbvpf_1.jpeg,1017.jpg
9200579-jpuy5rt5_1.jpeg,1018.jpg
9200579-jupa8yx6_1.jpeg,1019.jpg
9200579-jvp25r2q_1.jpeg,1020.jpg
9200579-jxu6gf83_1.jpeg,1021.jpg
9200579-kafabfh8_1.jpeg,1022.jpg
9200579-kgz34m4e_1.jpeg,1023.jpg
9200579-kq74w8fq_1.jpeg,1024.jpg
9200579-m2wrjvfj_1.jpeg,1025.jpg
9200579-m9amydu7_1.jpeg,1026.jpg
9200579-mb75cjnt_1.jpeg,1027.jpg
9200579-mdhvprxx_1.jpeg,1028.jpg
9200579-mfgyc9d3_1.jpeg,1029.jpg
9200579-mmwxbva7_1.jpeg,1030.jpg
9200579-ngyu6dqk_1.jpeg,1031.jpg
9200579-nnpnfpxs_1.jpeg,1032.jpg
9200579-nxjkr3da_1.jpeg,1033.jpg
9200579-nzddn97k_1.jpeg,1034.jpg
9200579-pnk27kq4_1.jpeg,1035.jpg
9200579-pp88gghm_1.jpeg,1036.jpg
9200579-q4ehhebc_1.jpeg,1037.jpg
9200579-q94uxywf_1.jpeg,1038.jpg
9200579-qae9t57s_1.jpeg,1039.jpg
9200579-qk8286hy_1.jpeg,1040.jpg
9200579-qvt5qh9w_1.jpeg,1041.jpg
9200579-r7kt4kgn_1.jpeg,1042.jpg
9200579-r7tkfwj5_1.jpeg,1043.jpg
9200579-r8725z4w_1.jpeg,1044.jpg
9200579-rav4ppgq_1.jpeg,1045.jpg
9200579-rmr62ac2_1.jpeg,1046.jpg
9200579-ru6pt5rg_1.jpeg,1047.jpg
9200579-rvtrzzk5_1.jpeg,1048.jpg
9200579-s9wwem4g_1.jpeg,1049.jpg
9200579-scqqa3wj_1.jpeg,1050.jpg
9200579-sug4p8ga_1.jpeg,1051.jpg
9200579-tgcf5cqj_1.jpeg,1052.jpg
9200579-th9e9djk_1.jpeg,1053.jpg
9200579-tkd7x9ab_1.jpeg,1054.jpg
9200579-u8nxp8mq_1.jpeg,1055.jpg
9200579-ugb9xxw6_1.jpeg,1056.jpg
9200579-ujh2dfr9_1.jpeg,1057.jpg
9200579-v6w8j8t2_1.jpeg,1058.jpg
9200579-v9wffu88_1.jpeg,1059.jpg
9200579-vcgygkw8_1.jpeg,1060.jpg
9200579-vdumkrc8_1.jpeg,1061.jpg
9200579-vn82ng2p_1.jpeg,1062.jpg
9200579-vrhjd736_1.jpeg,1063.jpg
9200579-vtf429ee_1.jpeg,1064.jpg
9200579-wberqmgq_1.jpeg,1065.jpg
9200579-wtf4dxsm_1.jpeg,1066.jpg
9200579-wwppzd4g_1.jpeg,1067.jpg
9200579-x3eu75dh_1.jpeg,1068.jpg
9200579-x3jqbmzp_1.jpeg,1069.jpg
9200579-x722frqw_1.jpeg,1070.jpg
9200579-x9uagzgt_1.jpeg,1071.jpg
9200579-xe2fwbs4_1.jpeg,1072.jpg
9200579-xg72teqe_1.jpeg,1073.jpg
9200579-xuvfgr7w_1.jpeg,1074.jpg
9200579-y9cdxj8q_1.jpeg,1075.jpg
9200579-yhy5qdk5_1.jpeg,1076.jpg
9200579-yt7hkb9g_1.jpeg,1077.jpg
9200579-yxyvrk3h_1.jpeg,1078.jpg
9200579-zfakg3vw_1.jpeg,1079.jpg
9200579-zq9f8ags_1.jpeg,1080.jpg
